inchikey_connectivity,smiles_flat,smiles_standardized,inchikey,stereo_resolved,n_stereoisomer_forms,n_plants,plant_indices,n_source_rows,heavy_atom_count,molecular_weight,molecular_formula,is_inorganic,has_metal,too_small,too_large,is_mixture,tautomer_failed,charge_remaining,compound_names
FSLPMRQHCOLESF,CC1CCC2(C)CCC3(C)C(=CCC4C5(C)CCC(O)C(C)(C)C5CCC43C)C2C1C,C[C@H]1[C@H](C)CC[C@]2(C)CC[C@]3(C)C(=CC[C@@H]4[C@@]5(C)CC[C@H](O)C(C)(C)[C@@H]5CC[C@]43C)[C@H]12,FSLPMRQHCOLESF-SFMCKYFRSA-N,True,1,3,21|299|810,3,31,426.3862,C30H50O,False,False,False,False,False,False,False,Cycloartenol|alpha-Amyrin
YMBFCQPIMVLNIU,CC(C)=CCCC1(C)C2CC=C(C)C1C2,CC(C)=CCC[C@]1(C)[C@H]2CC=C(C)[C@@H]1C2,YMBFCQPIMVLNIU-SOUVJXGZSA-N,True,1,2,74|368,2,15,204.1878,C15H24,False,False,False,False,False,False,False,?-bergamotene|trans-alpha-Bergamotene
IYRMWMYZSQPJKC,O=c1c(O)c(-c2ccc(O)cc2)oc2cc(O)cc(O)c12,O=c1c(O)c(-c2ccc(O)cc2)oc2cc(O)cc(O)c12,IYRMWMYZSQPJKC-UHFFFAOYSA-N,True,1,2,299|374,2,21,286.0477,C15H10O6,False,False,False,False,False,False,False,Kaempferol
IGGUPRCHHJZPBS,CCCCCCCCCCCCCCCCCCCCCCCCCCCCC,CCCCCCCCCCCCCCCCCCCCCCCCCCCCC,IGGUPRCHHJZPBS-UHFFFAOYSA-N,True,1,2,207|449,2,29,408.4695,C29H60,False,False,False,False,False,False,False,Nonacosane
AYXPYQRXGNDJFU,CC1CCC2C1C1C(CCC2(C)O)C1(C)C,,,False,2,2,2|492,2,16,222.1984,C15H26O,False,False,False,False,False,False,False,Ledol
LNTHITQWFMADLM,O=C(O)c1cc(O)c(O)c(O)c1,O=C(O)c1cc(O)c(O)c(O)c1,LNTHITQWFMADLM-UHFFFAOYSA-N,True,1,2,386|396,2,12,170.0215,C7H6O5,False,False,False,False,False,False,False,Gallic acid|gallic acid
OFMXGFHWLZPCFL,CC1C(=O)CCC2C1(C)CCC1C2(C)CCC2(C)C3CC(C)(C)CCC3(C)CCC12C,CC1C(=O)CC[C@H]2[C@]3(C)CC[C@@]4(C)[C@@H]5CC(C)(C)CC[C@]5(C)CC[C@]4(C)[C@H]3CC[C@]12C,OFMXGFHWLZPCFL-PYGJGCAISA-N,True,1,2,78|336,2,31,426.3862,C30H50O,False,False,False,False,False,False,False,Friedelin|friedelin
FRMCCTDTYSRUBE,C=C1CCC2C(C3C1CCC3(C)O)C2(C)C,C=C1CC[C@@H]2[C@H]([C@H]3[C@H]1CC[C@]3(C)O)C2(C)C,FRMCCTDTYSRUBE-BGPZULBFSA-N,True,1,2,116|497,2,16,220.1827,C15H24O,False,False,False,False,False,False,False,(?)-Spathulenol|Spathulenol
WEEGYLXZBRQIMU,CC12CCC(CC1)C(C)(C)O2,CC12CCC(CC1)C(C)(C)O2,WEEGYLXZBRQIMU-UHFFFAOYSA-N,True,1,2,630|702,2,11,154.1358,C10H18O,False,False,False,False,False,False,False,"1,8-cineole/eucalyptol|Eucalyptol"
YCOZIPAWZNQLMR,CCCCCCCCCCCCCCC,CCCCCCCCCCCCCCC,YCOZIPAWZNQLMR-UHFFFAOYSA-N,True,1,2,497|749,2,15,212.2504,C15H32,False,False,False,False,False,False,False,Pentadecane|n-Pentadecane
RHLVCLIPMVJYKS,CCCCCC(=O)CC,CCCCCC(=O)CC,RHLVCLIPMVJYKS-UHFFFAOYSA-N,True,1,2,283|346,2,9,128.1201,C8H16O,False,False,False,False,False,False,False,3-Octanone
ZQPPMHVWECSIRJ,CCCCCCCCC=CCCCCCCCC(=O)O,CCCCCCCC/C=C\CCCCCCCC(=O)O,ZQPPMHVWECSIRJ-KTKRTIGZSA-N,True,1,2,299|374,2,20,282.2559,C18H34O2,False,False,False,False,False,False,False,9-Octadecenoic acid (z)-|Oleic acid
WONIGEXYPVIKFS,CC1=CC(O)C2CC1C2(C)C,,,False,2,2,68|635,2,11,152.1201,C10H16O,False,False,False,False,False,False,False,(S)-cis-Verbenol|trans-Verbenol
FFWSICBKRCICMR,CC(=O)CCC(C)C,CC(=O)CCC(C)C,FFWSICBKRCICMR-UHFFFAOYSA-N,True,1,1,867,1,8,114.1045,C7H14O,False,False,False,False,False,False,False,5-Methyl-2-hexanone
ICZUVYVOFBMBPM,Cc1ccccc1SCSc1ccccc1C,Cc1ccccc1SCSc1ccccc1C,ICZUVYVOFBMBPM-UHFFFAOYSA-N,True,1,1,94,1,17,260.0693,C15H16S2,False,False,False,False,False,False,False,Bis (2-methylphenylthio)-methane
HSEMFIZWXHQJAE,CCCCCCCCCCCCCCCC(N)=O,CCCCCCCCCCCCCCCC(N)=O,HSEMFIZWXHQJAE-UHFFFAOYSA-N,True,1,1,16,1,18,255.2562,C16H33NO,False,False,False,False,False,False,False,Palmitamide
GHXZTYHSJHQHIJ,N=C(N=C(N)NCCCCCCN=C(N)N=C(N)Nc1ccc(Cl)cc1)Nc1ccc(Cl)cc1,N=C(N=C(N)NCCCCCCN=C(N)N=C(N)Nc1ccc(Cl)cc1)Nc1ccc(Cl)cc1,GHXZTYHSJHQHIJ-UHFFFAOYSA-N,True,1,1,386,1,34,504.2032,C22H30Cl2N10,False,False,False,False,False,False,False,Chlorhexidine
NTOPKICPEQUPPH,COc1nccnc1C(C)C,COc1nccnc1C(C)C,NTOPKICPEQUPPH-UHFFFAOYSA-N,True,1,1,346,1,11,152.0950,C8H12N2O,False,False,False,False,False,False,False,3-isopropyl-2- methoxypyrazine
DLKOUKNODPCIHZ,O=C(C=CC=CC=Cc1ccc2c(c1)OCO2)N1CCCCC1,O=C(/C=C/C=C/C=C/c1ccc2c(c1)OCO2)N1CCCCC1,DLKOUKNODPCIHZ-UMYWTXKFSA-N,True,1,1,307,1,23,311.1521,C19H21NO3,False,False,False,False,False,False,False,"(2E,4E,6E)-7-(2H-1,3-benzodioxol-5-yl)-1-(piperidin-1-yl)hepta-2,4,6-trien-1-one"
CXHUKRKXPXTKLK,COc1ccc(O)c(-c2ccncn2)c1,COc1ccc(O)c(-c2ccncn2)c1,CXHUKRKXPXTKLK-UHFFFAOYSA-N,True,1,1,116,1,15,202.0742,C11H10N2O2,False,False,False,False,False,False,False,"Pyrimidine, 4-(2-hydroxy-5-methoxyphenyl)-"
ZQIULKXWJGSFAC,C=C(CO)C1CCC2(C)CCC3(C)C(=CCC4C5(C)C=CC(=O)C(C)(C)C5CCC43C)C12,C=C(CO)C1CCC2(C)CCC3(C)C(=CCC4C5(C)C=CC(=O)C(C)(C)C5CCC43C)C12,ZQIULKXWJGSFAC-UHFFFAOYSA-N,True,1,1,78,1,32,436.3341,C30H44O2,False,False,False,False,False,False,False,manglupenone
GRTOGORTSDXSFK,COC(=O)C1=COC(C)C2CN3CCc4c([nH]c5ccccc45)C3CC12,COC(=O)C1=CO[C@@H](C)[C@@H]2CN3CCc4c([nH]c5ccccc45)[C@@H]3C[C@H]12,GRTOGORTSDXSFK-DLLGKBFGSA-N,True,1,1,878,1,26,352.1787,C21H24N2O3,False,False,False,False,False,False,False,Tetrahydroalstonine
IUJAMGNYPWYUPM,CCCCCCCCCCCCCCCCCCCCCCCCCCCCCCC,CCCCCCCCCCCCCCCCCCCCCCCCCCCCCCC,IUJAMGNYPWYUPM-UHFFFAOYSA-N,True,1,1,715,1,31,436.5008,C31H64,False,False,False,False,False,False,False,Hentriacontane
PNVTXOFNJFHXOK,C=C1CCC(C(=C)C)CC1O,C=C1CCC(C(=C)C)CC1O,PNVTXOFNJFHXOK-UHFFFAOYSA-N,True,1,1,70,1,11,152.1201,C10H16O,False,False,False,False,False,False,False,trans-lsocarveol
MQYXUWHLBZFQQO,C=C(C)C1CCC2(C)CCC3(C)C(CCC4C5(C)CCC(O)C(C)(C)C5CCC43C)C12,C=C(C)[C@@H]1CC[C@]2(C)CC[C@]3(C)[C@H](CC[C@@H]4[C@@]5(C)CC[C@H](O)C(C)(C)[C@@H]5CC[C@]43C)[C@@H]12,MQYXUWHLBZFQQO-QGTGJCAVSA-N,True,1,1,765,1,31,426.3862,C30H50O,False,False,False,False,False,False,False,Lupeol
DNXKABMLNDEGAE,CCCCCCCCC=CCOC(=O)CCCC,CCCCCCCC/C=C/COC(=O)CCCC,DNXKABMLNDEGAE-OUKQBFOZSA-N,True,1,1,602,1,18,254.2246,C16H30O2,False,False,False,False,False,False,False,"Valeric acid, undec-2-enyl ester"
AMMHVZAJNHFTCZ,CCC(C)(C)CC(CCC1CCCCC1)C1CCCCC1,CCC(C)(C)CC(CCC1CCCCC1)C1CCCCC1,AMMHVZAJNHFTCZ-UHFFFAOYSA-N,True,1,1,27,1,21,292.3130,C21H40,False,False,False,False,False,False,False,"Cyclohexane,1,1'-[1-(2,2-dimethylbutyl)-1,3 propanediyl]bis"
FCXPVFLEDIQLLO,CCCCCCCCCCCC(C)c1ccccc1,CCCCCCCCCCCC(C)c1ccccc1,FCXPVFLEDIQLLO-UHFFFAOYSA-N,True,1,1,27,1,19,260.2504,C19H32,False,False,False,False,False,False,False,2-Phenyltridecane
RZJRJXONCZWCBN,CCCCCCCCCCCCCCCCCC,CCCCCCCCCCCCCCCCCC,RZJRJXONCZWCBN-UHFFFAOYSA-N,True,1,1,308,1,18,254.2974,C18H38,False,False,False,False,False,False,False,Octadecane
OPFTUNCRGUEPRZ,C=CC1(C)CCC(C(=C)C)CC1C(=C)C,C=C[C@]1(C)CC[C@@H](C(=C)C)C[C@H]1C(=C)C,OPFTUNCRGUEPRZ-QLFBSQMISA-N,True,1,1,661,1,15,204.1878,C15H24,False,False,False,False,False,False,False,beta-Elemene
HCXVJBMSMIARIN,CCC(C=CC(C)C1CCC2C3CC=C4CC(O)CCC4(C)C3CCC12C)C(C)C,CC[C@H](/C=C/[C@@H](C)[C@H]1CC[C@H]2[C@@H]3CC=C4C[C@@H](O)CC[C@]4(C)[C@H]3CC[C@]12C)C(C)C,HCXVJBMSMIARIN-PHZDYDNGSA-N,True,1,1,793,1,30,412.3705,C29H48O,False,False,False,False,False,False,False,Stigmasterol
GZVRDNACRGJZNW,CC(=O)c1cc2c(cc(O)c3c(=O)c4ccccc4n(C)c32)o1,CC(=O)c1cc2c(cc(O)c3c(=O)c4ccccc4n(C)c32)o1,GZVRDNACRGJZNW-UHFFFAOYSA-N,True,1,1,739,1,23,307.0845,C18H13NO4,False,False,False,False,False,False,False,Hallacridone
ASUAYTHWZCLXAN,CC(C)=CCO,CC(C)=CCO,ASUAYTHWZCLXAN-UHFFFAOYSA-N,True,1,1,283,1,6,86.0732,C5H10O,False,False,False,False,False,False,False,3-Methyl-2-buten-1-OL
FTVWIRXFELQLPI,O=C1CC(c2ccc(O)cc2)Oc2cc(O)cc(O)c21,O=C1CC(c2ccc(O)cc2)Oc2cc(O)cc(O)c21,FTVWIRXFELQLPI-UHFFFAOYSA-N,True,1,1,872,1,20,272.0685,C15H12O5,False,False,False,False,False,False,False,(+/-)-Naringenin
ORAACLXPCXANOZ,C=C1CCC2C3C(C(C)C)C(O)CC2(C)C13,C=C1CC[C@@H]2[C@H]3[C@@H](C(C)C)[C@H](O)CC2(C)[C@H]13,ORAACLXPCXANOZ-LOGRNBMNSA-N,True,1,1,906,1,16,220.1827,C15H24O,False,False,False,False,False,False,False,beta-Copaene-4alpha-ol
IVTQSEFLDHBCDZ,CC1CCC2C(C)(C)CC=CC2(C)O1,C[C@H]1CC[C@@H]2C(C)(C)CC=C[C@@]2(C)O1,IVTQSEFLDHBCDZ-DMDPSCGWSA-N,True,1,1,715,1,14,194.1671,C13H22O,False,False,False,False,False,False,False,Dihydroedulan I
MGSRCZKZVOBKFT,Cc1ccc(C(C)C)c(O)c1,Cc1ccc(C(C)C)c(O)c1,MGSRCZKZVOBKFT-UHFFFAOYSA-N,True,1,1,624,1,11,150.1045,C10H14O,False,False,False,False,False,False,False,Thymol
CAHGCLMLTWQZNJ,CC(C)=CCCC(C)C1CCC2(C)C3=C(CCC12C)C1(C)CCC(O)C(C)(C)C1CC3,CC(C)=CCC[C@@H](C)[C@H]1CC[C@@]2(C)C3=C(CC[C@]12C)[C@@]1(C)CC[C@H](O)C(C)(C)[C@@H]1CC3,CAHGCLMLTWQZNJ-BQNIITSRSA-N,True,1,1,761,1,31,426.3862,C30H50O,False,False,False,False,False,False,False,lanosterol
HVYWMOMLDIMFJA,CC(C)CCCC(C)C1CCC2C3CC=C4CC(O)CCC4(C)C3CCC12C,CC(C)CCC[C@@H](C)[C@H]1CC[C@H]2[C@@H]3CC=C4C[C@@H](O)CC[C@]4(C)[C@H]3CC[C@]12C,HVYWMOMLDIMFJA-DPAQBDIFSA-N,True,1,1,603,1,28,386.3549,C27H46O,False,False,False,False,False,False,False,Cholesterol
GFJIQNADMLPFOW,C=CC1(C)CCC(C(C)(C)O)CC1C(=C)C,C=C[C@]1(C)CC[C@@H](C(C)(C)O)C[C@H]1C(=C)C,GFJIQNADMLPFOW-VNHYZAJKSA-N,True,1,1,128,1,16,222.1984,C15H26O,False,False,False,False,False,False,False,Elemol
YEJRWHAVMIAJKC,O=C1CCCO1,O=C1CCCO1,YEJRWHAVMIAJKC-UHFFFAOYSA-N,True,1,1,287,1,6,86.0368,C4H6O2,False,False,False,False,False,False,False,gamma-Butyrolactone
NUZVLYNISQOZOW,CC(C)(C)c1ccc(C(C)(C)C)c(N)c1,CC(C)(C)c1ccc(C(C)(C)C)c(N)c1,NUZVLYNISQOZOW-UHFFFAOYSA-N,True,1,1,447,1,15,205.1830,C14H23N,False,False,False,False,False,False,False,"2,5-Di-tert-butylaniline"
RUVINXPYWBROJD,CC=Cc1ccc(OC)cc1,C/C=C\c1ccc(OC)cc1,RUVINXPYWBROJD-ARJAWSKDSA-N,True,1,1,74,1,11,148.0888,C10H12O,False,False,False,False,False,False,False,cis-Anethole
NWKFECICNXDNOQ,c1ccc(-c2ccc3ccccc3[o+]2)cc1,c1ccc(-c2ccc3ccccc3[o+]2)cc1,NWKFECICNXDNOQ-UHFFFAOYSA-N,True,1,1,498,1,16,207.0804,C15H11O+,False,False,False,False,False,False,True,Anthocyanins
XXKXCRGLMFAXTK,C=C1CCC(O)C(C)(C)C1CCC(C)=CCOc1ccc2ccc(=O)oc2c1,C=C1CC[C@H](O)C(C)(C)[C@@H]1CC/C(C)=C/COc1ccc2ccc(=O)oc2c1,XXKXCRGLMFAXTK-NOWJHPSZSA-N,True,1,1,75,1,28,382.2144,C24H30O4,False,False,False,False,False,False,False,Franesiferol B
FUZABTYGEVJEPT,CC1CCC2C(C)(C)C3CC12CC=C3CO,C[C@@H]1CC[C@H]2C(C)(C)[C@H]3C[C@@]12CC=C3CO,FUZABTYGEVJEPT-HTUGSXCWSA-N,True,1,1,794,1,16,220.1827,C15H24O,False,False,False,False,False,False,False,Cedr-8-en-15-ol
UCQHFDKBUHCAFR,CC(C)=CCCC(C)C12CC=C(C)C1C2,CC(C)=CCC[C@@H](C)[C@]12CC=C(C)[C@H]1C2,UCQHFDKBUHCAFR-RBSFLKMASA-N,True,1,1,368,1,15,204.1878,C15H24,False,False,False,False,False,False,False,sesquithujene
IPCSVZSSVZVIGE,CCCCCCCCCCCCCCCC(=O)O,CCCCCCCCCCCCCCCC(=O)O,IPCSVZSSVZVIGE-UHFFFAOYSA-N,True,1,1,43,1,18,256.2402,C16H32O2,False,False,False,False,False,False,False,Palmitic acid
JPUKWEQWGBDDQB,O=c1c(OC2OC(CO)C(O)C(O)C2O)c(-c2ccc(O)cc2)oc2cc(O)cc(O)c12,O=c1c(O[C@@H]2O[C@H](CO)[C@@H](O)[C@H](O)[C@H]2O)c(-c2ccc(O)cc2)oc2cc(O)cc(O)c12,JPUKWEQWGBDDQB-QSOFNFLRSA-N,True,1,1,257,1,32,448.1006,C21H20O11,False,False,False,False,False,False,False,Kaempferol 3-O-beta-D-glucoside
OJEFBZMKKJTKKK,CC(C)=CC(=O)C=C(C)C1CC=C(C)CC1,CC(C)=CC(=O)C=C(C)C1CC=C(C)CC1,OJEFBZMKKJTKKK-UHFFFAOYSA-N,True,1,1,629,1,16,218.1671,C15H22O,False,False,False,False,False,False,False,(E)-Atlantone
ZXABMDQSAABDMG,C=CCOC=C,C=CCOC=C,ZXABMDQSAABDMG-UHFFFAOYSA-N,True,1,1,114,1,6,84.0575,C5H8O,False,False,False,False,False,False,False,"1-Propene, 3-(ethenyloxy)-"
HEKGWBIGPAUHQK,CC1(C)OC(CC(=O)O)C2(C)C1CC(=O)C1(C)C2CCC2(C)C(c3ccoc3)OC(=O)C3OC321,CC1(C)O[C@@H](CC(=O)O)[C@]2(C)[C@H]3CC[C@@]4(C)[C@H](c5ccoc5)OC(=O)C5O[C@]54[C@]3(C)C(=O)C[C@@H]12,HEKGWBIGPAUHQK-UJGMWLHVSA-N,True,1,1,70,1,34,472.2097,C26H32O8,False,False,False,False,False,False,False,Isoobacunoic acid
SSJXIUAHEKJCMH,NC1CCCCC1N,N[C@@H]1CCCC[C@H]1N,SSJXIUAHEKJCMH-PHDIDXHHSA-N,True,1,1,721,1,8,114.1157,C6H14N2,False,False,False,False,False,False,False,"(1R,2R)-(-)-1,2-diaminocyclohexane"
JXZQZARENYGJMK,CC(C)=CCCC(C)C1=CCC(C)=CC1,CC(C)=CCCC(C)C1=CCC(C)=CC1,JXZQZARENYGJMK-UHFFFAOYSA-N,True,1,1,799,1,15,204.1878,C15H24,False,False,False,False,False,False,False,?-Curcumene
BZUNJUAMQZRJIP,O=C(O)CCCCCCCCCCCCCCO,O=C(O)CCCCCCCCCCCCCCO,BZUNJUAMQZRJIP-UHFFFAOYSA-N,True,1,1,497,1,18,258.2195,C15H30O3,False,False,False,False,False,False,False,15-Hydroxypentadecanoic acid
OASZMKFGOOQRNQ,O=c1[nH]c(C2CCCCC2)nc2cc(Cl)ccc12,O=c1[nH]c(C2CCCCC2)nc2cc(Cl)ccc12,OASZMKFGOOQRNQ-UHFFFAOYSA-N,True,1,1,749,1,18,262.0873,C14H15ClN2O,False,False,False,False,False,False,False,7-Chloro-2-cyclohexyl-4[3H]quinazolinone
BJDRPQVYYLFRJI,CCCCCCCCCCCCCCCC(=O)OCC(O)c1oc(O)c(OC(=O)CCCCCCCCCCCCCCC)c1O,CCCCCCCCCCCCCCCC(=O)OC[C@H](O)c1oc(O)c(OC(=O)CCCCCCCCCCCCCCC)c1O,BJDRPQVYYLFRJI-YTTGMZPUSA-N,True,1,1,200,1,46,652.4914,C38H68O8,False,False,False,False,False,False,False,"l-(+)-Ascorbic acid 2,6-dihexadecanoate"
VLXDPFLIRFYIME,CC1=CCC2C3C(C(C)C)CCC2(C)C13,CC1=CC[C@H]2[C@H]3[C@@H](C(C)C)CC[C@]2(C)[C@H]13,VLXDPFLIRFYIME-KHMAMNHCSA-N,True,1,1,151,1,15,204.1878,C15H24,False,False,False,False,False,False,False,"(1S,2S,6S,7R,8R)-1,3-dimethyl-8-propan-2-yltricyclo[4.4.0.02,7]dec-3-ene"
LHGVFZTZFXWLCP,COc1ccccc1O,COc1ccccc1O,LHGVFZTZFXWLCP-UHFFFAOYSA-N,True,1,1,70,1,9,124.0524,C7H8O2,False,False,False,False,False,False,False,2-methoxy- 4-vinylphenol
PVNIIMVLHYAWGP,O=C(O)c1cccnc1,O=C(O)c1cccnc1,PVNIIMVLHYAWGP-UHFFFAOYSA-N,True,1,1,49,1,9,123.0320,C6H5NO2,False,False,False,False,False,False,False,Nicotinic acid
GRBHNQFQFHLCHO,C=C(C)C1CCC2(C)CCC3(C)C(CCC4C5(C)CCC(=O)C(C)(C)C5CCC43C)C12,C=C(C)C1CCC2(C)CCC3(C)C(CCC4C5(C)CCC(=O)C(C)(C)C5CCC43C)C12,GRBHNQFQFHLCHO-UHFFFAOYSA-N,True,1,1,872,1,31,424.3705,C30H48O,False,False,False,False,False,False,False,Lup-20(29)-en-3-one
ACOBBFVLNKYODD,COC(=O)C=C(C)CCC=C(C)C,COC(=O)/C=C(\C)CCC=C(C)C,ACOBBFVLNKYODD-CSKARUKUSA-N,True,1,1,307,1,13,182.1307,C11H18O2,False,False,False,False,False,False,False,Methyl geranate
IQPNAANSBPBGFQ,O=c1cc(-c2ccc(O)c(O)c2)oc2cc(O)cc(O)c12,O=c1cc(-c2ccc(O)c(O)c2)oc2cc(O)cc(O)c12,IQPNAANSBPBGFQ-UHFFFAOYSA-N,True,1,1,389,1,21,286.0477,C15H10O6,False,False,False,False,False,False,False,Luteolin
VAMXMNNIEUEQDV,COC(=O)c1ccccc1N,COC(=O)c1ccccc1N,VAMXMNNIEUEQDV-UHFFFAOYSA-N,True,1,1,70,1,11,151.0633,C8H9NO2,False,False,False,False,False,False,False,Methyl anthranilate
VABYUUZNAVQNPG,COc1cc(C=CC(=O)N2CCC=CC2=O)cc(OC)c1OC,COc1cc(/C=C/C(=O)N2CCC=CC2=O)cc(OC)c1OC,VABYUUZNAVQNPG-BQYQJAHWSA-N,True,1,1,308,1,23,317.1263,C17H19NO5,False,False,False,False,False,False,False,Piperlongumine
GNRIZKKCNOBBMO,COc1c(O)cc2oc3cc(O)c(CC=C(C)C)c(O)c3c(=O)c2c1CC=C(C)C,COc1c(O)cc2oc3cc(O)c(CC=C(C)C)c(O)c3c(=O)c2c1CC=C(C)C,GNRIZKKCNOBBMO-UHFFFAOYSA-N,True,1,1,78,1,30,410.1729,C24H26O6,False,False,False,False,False,False,False,Mangostin
AZQWKYJCGOJGHM,O=C1C=CC(=O)C=C1,O=C1C=CC(=O)C=C1,AZQWKYJCGOJGHM-UHFFFAOYSA-N,True,1,1,498,1,8,108.0211,C6H4O2,False,False,False,False,False,False,False,"Benzo-1,4-quinone"
OKKJLVBELUTLKV,CO,CO,OKKJLVBELUTLKV-UHFFFAOYSA-N,True,1,1,386,1,2,32.0262,CH4O,False,False,True,False,False,False,False,methanol
IFJYSOWCCJPUJS,CC(C)C1=CCC(C)C2=C(C1)C(C)CC2,CC(C)C1=CCC(C)C2=C(C1)C(C)CC2,IFJYSOWCCJPUJS-UHFFFAOYSA-N,True,1,1,628,1,15,204.1878,C15H24,False,False,False,False,False,False,False,"6,9-Guaiadiene"
QZZGJDVWLFXDLK,CCCCCCCCCCCCCCCCCCCCCCCC(=O)O,CCCCCCCCCCCCCCCCCCCCCCCC(=O)O,QZZGJDVWLFXDLK-UHFFFAOYSA-N,True,1,1,865,1,26,368.3654,C24H48O2,False,False,False,False,False,False,False,Tetracosanoic acid
DOFJNFPSMUCECH,COc1ccc(-c2cc(=O)c3c(O)c(OC)c(OC)c(OC)c3o2)cc1OC,COc1ccc(-c2cc(=O)c3c(O)c(OC)c(OC)c(OC)c3o2)cc1OC,DOFJNFPSMUCECH-UHFFFAOYSA-N,True,1,1,497,1,28,388.1158,C20H20O8,False,False,False,False,False,False,False,5-O-Desmethylnobiletin
FJKIXWOMBXYWOQ,C=COCC,C=COCC,FJKIXWOMBXYWOQ-UHFFFAOYSA-N,True,1,1,497,1,5,72.0575,C4H8O,False,False,False,False,False,False,False,"Ethene, ethoxy-"
MFTSECOLKFLUSD,O=C(O)c1cc(O)c(O)c(O)c1-c1c(C(=O)O)cc(O)c(O)c1O,O=C(O)c1cc(O)c(O)c(O)c1-c1c(C(=O)O)cc(O)c(O)c1O,MFTSECOLKFLUSD-UHFFFAOYSA-N,True,1,1,287,1,24,338.0274,C14H10O10,False,False,False,False,False,False,False,Hexahydroxydiphenic acid
FBWMYSQUTZRHAT,CCCCCC=CCC=CCCCCCCCC(=O)Cl,CCCCCC=CCC=CCCCCCCCC(=O)Cl,FBWMYSQUTZRHAT-UHFFFAOYSA-N,True,1,1,878,1,20,298.2063,C18H31ClO,False,False,False,False,False,False,False,"9,12-Octadecadienoyl chloride"
SWELIMKTDYHAOY,Nc1cc(=O)[nH]c(N)n1,Nc1cc(=O)[nH]c(N)n1,SWELIMKTDYHAOY-UHFFFAOYSA-N,True,1,1,374,1,9,126.0542,C4H6N4O,False,False,False,False,False,False,False,"4(1H)-Pyrimidinone, 2,6-diamino-"
WBYWAXJHAXSJNI,O=C(O)C=Cc1ccccc1,O=C(O)/C=C\c1ccccc1,WBYWAXJHAXSJNI-SREVYHEPSA-N,True,1,1,906,1,11,148.0524,C9H8O2,False,False,False,False,False,False,False,cis-Cinnamic acid
WUEBMGULUIGVLC,C=Cc1ccccc1C(C)C=C,C=Cc1ccccc1C(C)C=C,WUEBMGULUIGVLC-UHFFFAOYSA-N,True,1,1,897,1,12,158.1096,C12H14,False,False,False,False,False,False,False,"Benzene,1-(1-Buten-3-yl)-2-vinyl"
UIJGNTRUPZPVNG,O=C(S)c1ccccc1,O=C(S)c1ccccc1,UIJGNTRUPZPVNG-UHFFFAOYSA-N,True,1,1,867,1,9,138.0139,C7H6OS,False,False,False,False,False,False,False,Thiobenzoic acid
FOEWNRTZASNZJY,CCCCCCC=CCCCCOC(C)=O,CCCCCC/C=C\CCCCOC(C)=O,FOEWNRTZASNZJY-HJWRWDBZSA-N,True,1,1,70,1,16,226.1933,C14H26O2,False,False,False,False,False,False,False,5-dodecen-1-ol
KZNIFHPLKGYRTM,O=c1cc(-c2ccc(O)cc2)oc2cc(O)cc(O)c12,O=c1cc(-c2ccc(O)cc2)oc2cc(O)cc(O)c12,KZNIFHPLKGYRTM-UHFFFAOYSA-N,True,1,1,796,1,20,270.0528,C15H10O5,False,False,False,False,False,False,False,Apigenin
YCIMNLLNPGFGHC,Oc1ccccc1O,Oc1ccccc1O,YCIMNLLNPGFGHC-UHFFFAOYSA-N,True,1,1,843,1,8,110.0368,C6H6O2,False,False,False,False,False,False,False,o-Dihydroxyphenol
YGVHOSGNOYKRIH,O=C(O)CC1C(=O)OC2C(COC(=O)c3cc(O)c(O)c(O)c3)OC(OC(=O)c3cc(O)c(O)c(O)c3)C(OC(=O)c3cc(O)c(O)c4c3C1C(O)C(=O)O4)C2OC(=O)c1cc(O)c(O)c(O)c1,O=C(O)CC1C(=O)O[C@H]2[C@H](OC(=O)c3cc(O)c(O)c(O)c3)[C@@H](OC(=O)c3cc(O)c(O)c4c3[C@H]1C(O)C(=O)O4)[C@H](OC(=O)c1cc(O)c(O)c(O)c1)O[C@@H]2COC(=O)c1cc(O)c(O)c(O)c1,YGVHOSGNOYKRIH-GHECDWJLSA-N,True,1,1,192,1,68,956.1131,C41H32O27,False,False,False,False,False,False,False,chebulinic acid
RXBQNMWIQKOSCS,CC1(C)C2CC=C(CO)C1C2,CC1(C)C2CC=C(CO)C1C2,RXBQNMWIQKOSCS-UHFFFAOYSA-N,True,1,1,699,1,11,152.1201,C10H16O,False,False,False,False,False,False,False,Myrtenol
SECPZKHBENQXJG,CCCCCCC=CCCCCCCCC(=O)O,CCCCCC/C=C\CCCCCCCC(=O)O,SECPZKHBENQXJG-FPLPWBNLSA-N,True,1,1,253,1,18,254.2246,C16H30O2,False,False,False,False,False,False,False,Palmitoleic acid
YCRIXHKHAODKFH,C=C(CC(C)(C)c1ccc(O[Si](C)(C)C)cc1)c1ccc(O[Si](C)(C)C)cc1,C=C(CC(C)(C)c1ccc(O[Si](C)(C)C)cc1)c1ccc(O[Si](C)(C)C)cc1,YCRIXHKHAODKFH-UHFFFAOYSA-N,True,1,1,192,1,28,412.2254,C24H36O2Si2,False,False,False,False,False,False,False,"4-Methyl-2,4-bis(p-hydroxyphenyl)pent-1-ene, 2TMS derivative"
XMGQYMWWDOXHJM,C=C(C)C1CC=C(C)CC1,C=C(C)[C@H]1CC=C(C)CC1,XMGQYMWWDOXHJM-JTQLQIEISA-N,True,1,1,629,1,10,136.1252,C10H16,False,False,False,False,False,False,False,D-Limonene
KLIDCXVFHGNTTM,COc1cccc(OC)c1O,COc1cccc(OC)c1O,KLIDCXVFHGNTTM-UHFFFAOYSA-N,True,1,1,498,1,11,154.0630,C8H10O3,False,False,False,False,False,False,False,"2,6,dimethoxy phenol"
PZGMUSDNQDCNAG,C=CCOC(=O)CCCCCCC,C=CCOC(=O)CCCCCCC,PZGMUSDNQDCNAG-UHFFFAOYSA-N,True,1,1,867,1,13,184.1463,C11H20O2,False,False,False,False,False,False,False,Allyl octanoate
XCYJPXQACVEIOS,Cc1cccc(C(C)C)c1,Cc1cccc(C(C)C)c1,XCYJPXQACVEIOS-UHFFFAOYSA-N,True,1,1,897,1,10,134.1096,C10H14,False,False,False,False,False,False,False,m-cymene
QTDZOWFRBNTPQR,O=C(O)C1=CCCNC1,O=C(O)C1=CCCNC1,QTDZOWFRBNTPQR-UHFFFAOYSA-N,True,1,1,731,1,9,127.0633,C6H9NO2,False,False,False,False,False,False,False,Cianidanol
BQSLMQNYHVFRDT,C=CC1(C)CCC(=C(C)C)CC1C(=C)C,C=C[C@]1(C)CCC(=C(C)C)C[C@H]1C(=C)C,BQSLMQNYHVFRDT-LSDHHAIUSA-N,True,1,1,897,1,15,204.1878,C15H24,False,False,False,False,False,False,False,Gamma-Elemene
BJQWYEJQWHSSCJ,CCCCCCCCCCCCCCCCCCCCCCCCCCC,CCCCCCCCCCCCCCCCCCCCCCCCCCC,BJQWYEJQWHSSCJ-UHFFFAOYSA-N,True,1,1,435,1,27,380.4382,C27H56,False,False,False,False,False,False,False,Heptacosane
LRBQNJMCXXYXIU,O=C(OCC1OC(OC(=O)c2cc(O)c(O)c(OC(=O)c3cc(O)c(O)c(O)c3)c2)C(OC(=O)c2cc(O)c(O)c(OC(=O)c3cc(O)c(O)c(O)c3)c2)C(OC(=O)c2cc(O)c(O)c(OC(=O)c3cc(O)c(O)c(O)c3)c2)C1OC(=O)c1cc(O)c(O)c(OC(=O)c2cc(O)c(O)c(O)c2)c1)c1cc(O)c(O)c(OC(=O)c2cc(O)c(O)c(O)c2)c1,O=C(OC[C@H]1O[C@@H](OC(=O)c2cc(O)c(O)c(OC(=O)c3cc(O)c(O)c(O)c3)c2)[C@H](OC(=O)c2cc(O)c(O)c(OC(=O)c3cc(O)c(O)c(O)c3)c2)[C@@H](OC(=O)c2cc(O)c(O)c(OC(=O)c3cc(O)c(O)c(O)c3)c2)[C@@H]1OC(=O)c1cc(O)c(O)c(OC(=O)c2cc(O)c(O)c(O)c2)c1)c1cc(O)c(O)c(OC(=O)c2cc(O)c(O)c(O)c2)c1,LRBQNJMCXXYXIU-PPKXGCFTSA-N,True,1,1,307,1,122,1700.1730,C76H52O46,False,False,False,True,False,False,False,Tannic acid
DOIRQSBPFJWKBE,CCCCOC(=O)c1ccccc1C(=O)OCCCC,CCCCOC(=O)c1ccccc1C(=O)OCCCC,DOIRQSBPFJWKBE-UHFFFAOYSA-N,True,1,1,27,1,20,278.1518,C16H22O4,False,False,False,False,False,False,False,Dibutyl phthalate
VCWMRQDBPZKXKG,OCC1OC(OC2C(O)C(O)C(O)C(O)C2O)C(O)C(O)C1O,OC[C@H]1O[C@H](OC2[C@H](O)[C@H](O)C(O)[C@H](O)[C@H]2O)[C@H](O)[C@@H](O)[C@H]1O,VCWMRQDBPZKXKG-SPBUTQSFSA-N,True,1,1,410,1,23,342.1162,C12H22O11,False,False,False,False,False,False,False,Galactinol dihydrate
YHYBNVZCQIDLSQ,CCCCCCCCCCCCF,CCCCCCCCCCCCF,YHYBNVZCQIDLSQ-UHFFFAOYSA-N,True,1,1,525,1,13,188.1940,C12H25F,False,False,False,False,False,False,False,1-Fluorododecane
KQAZVFVOEIRWHN,CC1=CCC2(C(C)C)CC12,CC1=CCC2(C(C)C)C[C@H]12,KQAZVFVOEIRWHN-YHMJZVADSA-N,True,1,1,70,1,10,136.1252,C10H16,False,False,False,False,False,False,False,(1R)-2-methyl-5-propan-2-ylbicyclo[3.1.0]hex-2-ene
JGHZJRVDZXSNKQ,CCCCCCCC(=O)OC,CCCCCCCC(=O)OC,JGHZJRVDZXSNKQ-UHFFFAOYSA-N,True,1,1,287,1,11,158.1307,C9H18O2,False,False,False,False,False,False,False,Methyl octanoate
KSMVZQYAVGTKIV,CCCCCCCCCC=O,CCCCCCCCCC=O,KSMVZQYAVGTKIV-UHFFFAOYSA-N,True,1,1,748,1,11,156.1514,C10H20O,False,False,False,False,False,False,False,Decanal
FAKRSMQSSFJEIM,CC(CS)C(=O)N1CCCC1C(=O)O,CC(CS)C(=O)N1CCCC1C(=O)O,FAKRSMQSSFJEIM-UHFFFAOYSA-N,True,1,1,207,1,14,217.0773,C9H15NO3S,False,False,False,False,False,False,False,captopril
WGTRJVCFDUCKCM,CC1=C2CCC(C)C2C2C(CC1)C2(C)C,CC1=C2CC[C@@H](C)[C@H]2[C@H]2[C@@H](CC1)C2(C)C,WGTRJVCFDUCKCM-FMKGYKFTSA-N,True,1,1,407,1,15,204.1878,C15H24,False,False,False,False,False,False,False,viridiflorene
CZMRCDWAGMRECN,OCC1OC(OC2(CO)OC(CO)C(O)C2O)C(O)C(O)C1O,OC[C@H]1O[C@@](CO)(O[C@H]2O[C@H](CO)[C@@H](O)[C@H](O)[C@H]2O)[C@@H](O)[C@@H]1O,CZMRCDWAGMRECN-UGDNZRGBSA-N,True,1,1,287,1,23,342.1162,C12H22O11,False,False,False,False,False,False,False,Sucrose
QUEDXNHFTDJVIY,Cc1c(O)cc2c(c1C)OC(C)(CCCC(C)CCCC(C)CCCC(C)C)CC2,Cc1c(O)cc2c(c1C)O[C@](C)(CCC[C@H](C)CCC[C@H](C)CCCC(C)C)CC2,QUEDXNHFTDJVIY-DQCZWYHMSA-N,True,1,1,872,1,30,416.3654,C28H48O2,False,False,False,False,False,False,False,Gamma-Tocopherol
YVLHTQPPMZOCOW,COc1cc(C(C)C)ccc1C,COc1cc(C(C)C)ccc1C,YVLHTQPPMZOCOW-UHFFFAOYSA-N,True,1,1,661,1,12,164.1201,C11H16O,False,False,False,False,False,False,False,Carvacrol methyl ether
JYYFMIOPGOFNPK,CCC=CCC=CCC=CCCCCCCCC(=O)OCC,CC/C=C\C/C=C\C/C=C\CCCCCCCC(=O)OCC,JYYFMIOPGOFNPK-AGRJPVHOSA-N,True,1,1,867,1,22,306.2559,C20H34O2,False,False,False,False,False,False,False,Ethyl linolenate
UXYYOHOTPOQJPD,CC1=CCCC2(C)OC2CC(C)(C)C=CC1=O,CC1=CCCC2(C)OC2CC(C)(C)/C=C/C1=O,UXYYOHOTPOQJPD-GQCIWFOMSA-N,True,1,1,628,1,17,234.1620,C15H22O2,False,False,False,False,False,False,False,zerumbone epoxide
YHBUQBJHSRGZNF,CC(C)=CCC=C(C)C1CC=C(C)CC1,CC(C)=CC/C=C(\C)C1CC=C(C)CC1,YHBUQBJHSRGZNF-VGOFMYFVSA-N,True,1,1,124,1,15,204.1878,C15H24,False,False,False,False,False,False,False,(E)-alpha-bisabolene
WQZGKKKJIJFFOK,OCC1OC(O)C(O)C(O)C1O,OCC1OC(O)C(O)C(O)C1O,WQZGKKKJIJFFOK-UHFFFAOYSA-N,True,1,1,374,1,12,180.0634,C6H12O6,False,False,False,False,False,False,False,.alpha.-D-Glucose
RRAFCDWBNXTKKO,C=CCc1ccc(O)c(OC)c1,C=CCc1ccc(O)c(OC)c1,RRAFCDWBNXTKKO-UHFFFAOYSA-N,True,1,1,346,1,12,164.0837,C10H12O2,False,False,False,False,False,False,False,Eugenol
AOGQPLXWSUTHQB,CCCCCCOC(C)=O,CCCCCCOC(C)=O,AOGQPLXWSUTHQB-UHFFFAOYSA-N,True,1,1,739,1,10,144.1150,C8H16O2,False,False,False,False,False,False,False,Hexyl acetate
CRPUJAZIXJMDBK,C=C1C2CCC(C2)C1(C)C,C=C1C2CCC(C2)C1(C)C,CRPUJAZIXJMDBK-UHFFFAOYSA-N,True,1,1,702,1,10,136.1252,C10H16,False,False,False,False,False,False,False,camphene
SXJZELHFSGPXDB,CC1(C)C=NN(CC(C)(C)CO)C1,CC1(C)C=NN(CC(C)(C)CO)C1,SXJZELHFSGPXDB-UHFFFAOYSA-N,True,1,1,619,1,13,184.1576,C10H20N2O,False,False,False,False,False,False,False,"4,5-Dihydro-beta,beta,4,4-tetramethyl-1H-pyrazole-1-propanol"
DFPAKSUCGFBDDF,NC(=O)c1cccnc1,NC(=O)c1cccnc1,DFPAKSUCGFBDDF-UHFFFAOYSA-N,True,1,1,749,1,9,122.0480,C6H6N2O,False,False,False,False,False,False,False,Nicotinamide
WCKFRKXQABCDRE,COc1ccc2[nH]c3cc(OC)c(C=O)cc3c2c1,COc1ccc2[nH]c3cc(OC)c(C=O)cc3c2c1,WCKFRKXQABCDRE-UHFFFAOYSA-N,True,1,1,523,1,19,255.0895,C15H13NO3,False,False,False,False,False,False,False,Glycozolidal
TZMFJUDUGYTVRY,CCC(=O)C(C)=O,CCC(=O)C(C)=O,TZMFJUDUGYTVRY-UHFFFAOYSA-N,True,1,1,497,1,7,100.0524,C5H8O2,False,False,False,False,False,False,False,"2,3-Pentanedione"
FRISMOQHTLZZRP,CC(C)=CC1CC(C)=CCO1,CC(C)=CC1CC(C)=CCO1,FRISMOQHTLZZRP-UHFFFAOYSA-N,True,1,1,299,1,11,152.1201,C10H16O,False,False,False,False,False,False,False,Nerol oxide
KGEKLUUHTZCSIP,CC(=O)OC1CC2CCC1(C)C2(C)C,CC(=O)O[C@H]1C[C@@H]2CC[C@@]1(C)C2(C)C,KGEKLUUHTZCSIP-JBLDHEPKSA-N,True,1,1,116,1,14,196.1463,C12H20O2,False,False,False,False,False,False,False,Isobornyl acetate
FERIUCNNQQJTOY,CCCC(=O)O,CCCC(=O)O,FERIUCNNQQJTOY-UHFFFAOYSA-N,True,1,1,675,1,6,88.0524,C4H8O2,False,False,False,False,False,False,False,Octanoic acid
CBULCJKHVYVFRM,O=C(Nc1ccc(F)cc1)C1C2CCC=CCCC=CCCC21,O=C(Nc1ccc(F)cc1)C1C2CCC=CCCC=CCCC21,CBULCJKHVYVFRM-UHFFFAOYSA-N,True,1,1,659,1,23,313.1842,C20H24FNO,False,False,False,False,False,False,False,beta-Selinene
BNWJOHGLIBDBOB,C=CCc1cc(OC)c2c(c1)OCO2,C=CCc1cc(OC)c2c(c1)OCO2,BNWJOHGLIBDBOB-UHFFFAOYSA-N,True,1,1,74,1,14,192.0786,C11H12O3,False,False,False,False,False,False,False,Myristicin
JCIFZANQIXZLGH,COc1cc(-c2cc(=O)c3c(O)c(C4OC(CO)C(O)C(O)C4O)c(OC)cc3o2)ccc1O,COc1cc(-c2cc(=O)c3c(O)c([C@@H]4O[C@H](CO)[C@@H](O)[C@H](O)[C@H]4O)c(OC)cc3o2)ccc1O,JCIFZANQIXZLGH-QJLVSEQISA-N,True,1,1,55,1,34,476.1319,C23H24O11,False,False,False,False,False,False,False,"7,3'-Di-O-methylisoorientin"
NISBQKZXGCOUOU,CC1=CCC(C(C)C2CCC3(C)C4CCC5C(C)(C(=O)O)C(OC6OC(CO)C(O)C(O)C6OC6OC(CO)C(O)C(O)C6O)CCC56CC46CCC23C)OC1=O,CC1=CC[C@@H]([C@@H](C)[C@H]2CC[C@@]3(C)[C@@H]4CC[C@H]5[C@@](C)(C(=O)O)[C@@H](O[C@@H]6O[C@H](CO)[C@@H](O)[C@H](O)[C@H]6O[C@@H]6O[C@H](CO)[C@@H](O)[C@H](O)[C@H]6O)CC[C@@]56C[C@@]46CC[C@]23C)OC1=O,NISBQKZXGCOUOU-IFLJGZIKSA-N,True,1,1,94,1,57,808.4245,C42H64O15,False,False,False,False,False,False,False,"(1S,3R,6S,7R,8R,11S,12S,15R,16R)-6-[(2R,3R,4S,5S,6R)-4,5-dihydroxy-6-(hydroxymethyl)-3-[(2S,3R,4S,5S,6R)-3,4,5-trihydroxy-6-(hydroxymethyl)oxan-2-yl]oxyoxan-2-yl]oxy-7,12,16-trimethyl-15-[(1S)-1-[(2S)-5-methyl-6-oxo-2,3-dihydropyran-2-yl]ethyl]pentacyclo[9.7.0.01,3.03,8.012,16]octadecane-7-carboxylic acid"
YHQGMYUVUMAZJR,CC1=CC=C(C(C)C)CC1,CC1=CC=C(C(C)C)CC1,YHQGMYUVUMAZJR-UHFFFAOYSA-N,True,1,1,124,1,10,136.1252,C10H16,False,False,False,False,False,False,False,alpha-Terpinene
OEYIOHPDSNJKLS,C[N+](C)(C)CCO,C[N+](C)(C)CCO,OEYIOHPDSNJKLS-UHFFFAOYSA-N,True,1,1,806,1,7,104.1070,C5H14NO+,False,False,False,False,False,False,True,Choline
BSZHDLCLIZIYRO,CN(C(=O)c1c(F)c(F)c(F)c(F)c1F)N(C(=O)c1c(F)c(F)c(F)c(F)c1F)C(=O)c1c(F)c(F)c(F)c(F)c1F,CN(C(=O)c1c(F)c(F)c(F)c(F)c1F)N(C(=O)c1c(F)c(F)c(F)c(F)c1F)C(=O)c1c(F)c(F)c(F)c(F)c1F,BSZHDLCLIZIYRO-UHFFFAOYSA-N,True,1,1,192,1,42,627.9904,C22H3F15N2O3,False,False,False,False,False,False,False,"1-Methyl-1,2,2-tri(pentafluorobenzoyl)- hydrazine"
JBOONPKUPONSIB,C=C1CCC(=O)C2(C)CCC(C(C)C)C2C1,C=C1CCC(=O)[C@]2(C)CC[C@@H](C(C)C)[C@@H]2C1,JBOONPKUPONSIB-KCQAQPDRSA-N,True,1,1,894,1,16,220.1827,C15H24O,False,False,False,False,False,False,False,Salvial-4(14)-en-1-one
MVLVMROFTAUDAG,CCCCCCCCCCCCCCCCCC(=O)OCC,CCCCCCCCCCCCCCCCCC(=O)OCC,MVLVMROFTAUDAG-UHFFFAOYSA-N,True,1,1,786,1,22,312.3028,C20H40O2,False,False,False,False,False,False,False,"Octadecanoic acid, ethyl ester"
OZQAPQSEYFAMCY,C=C(C)C1CCC2(C)CCC=C(C)C2C1,C=C(C)[C@@H]1CC[C@@]2(C)CCC=C(C)[C@@H]2C1,OZQAPQSEYFAMCY-QLFBSQMISA-N,True,1,1,68,1,15,204.1878,C15H24,False,False,False,False,False,False,False,alpha-Selinene
NOOLISFMXDJSKH,CC1CCC(C(C)C)C(O)C1,CC1CCC(C(C)C)C(O)C1,NOOLISFMXDJSKH-UHFFFAOYSA-N,True,1,1,499,1,11,156.1514,C10H20O,False,False,False,False,False,False,False,DL-Menthol
HPSSZFFAYWBIPY,CCCCCCCCC1=C(CCCCCCC(=O)O)C1,CCCCCCCCC1=C(CCCCCCC(=O)O)C1,HPSSZFFAYWBIPY-UHFFFAOYSA-N,True,1,1,498,1,20,280.2402,C18H32O2,False,False,False,False,False,False,False,Malvalic acid
HBNFLLJEFIGGHR,CC(=O)OCC1OC(Oc2c(-c3ccc(O)cc3)oc3cc(OC4OC(C)C(O)C(O)C4O)cc(O)c3c2=O)C(O)C(O)C1OC(C)=O,CC(=O)OCC1O[C@@H](Oc2c(-c3ccc(O)cc3)oc3cc(O[C@@H]4OC(C)[C@H](O)C(O)[C@@H]4O)cc(O)c3c2=O)C(O)[C@@H](O)[C@@H]1OC(C)=O,HBNFLLJEFIGGHR-PDWQBGMDSA-N,True,1,1,786,1,48,678.1796,C31H34O17,False,False,False,False,False,False,False,"Kaempferol 3-(4,6- diacetylglucoside)-7-rhamnoside"
SSNZFFBDIMUILS,CCCCCCCCCC=CC=O,CCCCCCCCC/C=C/C=O,SSNZFFBDIMUILS-ZHACJKMWSA-N,True,1,1,687,1,13,182.1671,C12H22O,False,False,False,False,False,False,False,trans-2-Dodecenal
BJMPSYHNUKWPGQ,COc1cccc2c1OCO2,COc1cccc2c1OCO2,BJMPSYHNUKWPGQ-UHFFFAOYSA-N,True,1,1,349,1,11,152.0473,C8H8O3,False,False,False,False,False,False,False,"2,3-methylenedioxyanisole"
SESFRYSPDFLNCH,O=C(OCc1ccccc1)c1ccccc1,O=C(OCc1ccccc1)c1ccccc1,SESFRYSPDFLNCH-UHFFFAOYSA-N,True,1,1,721,1,16,212.0837,C14H12O2,False,False,False,False,False,False,False,Benzyl benzoate
NNDKZTBFZTWKLA,COc1ccc2c3c1OC1C(O)CC=C4C(C2)N(C)CCC431,COc1ccc2c3c1O[C@H]1[C@@H](O)CC=C4[C@@H](C2)N(C)CC[C@]431,NNDKZTBFZTWKLA-QISBLDNZSA-N,True,1,1,4,1,22,299.1521,C18H21NO3,False,False,False,False,False,False,False,Neopine
SIVAITYPYQQYAP,COc1cc2oc(-c3ccccc3)cc(=O)c2c(O)c1OC,COc1cc2oc(-c3ccccc3)cc(=O)c2c(O)c1OC,SIVAITYPYQQYAP-UHFFFAOYSA-N,True,1,1,894,1,22,298.0841,C17H14O5,False,False,False,False,False,False,False,Mosloflavone
QBUIDYLGKMWNEA,COc1cc2c(cc1OC)-c1cc3ccc(OC)c(O)c3c[n+]1CC2,COc1cc2c(cc1OC)-c1cc3ccc(OC)c(O)c3c[n+]1CC2,QBUIDYLGKMWNEA-UHFFFAOYSA-O,True,1,1,219,1,25,338.1387,C20H20NO4+,False,False,False,False,False,False,True,Palmatrubine
XBWACJDEQIZTPR,CC(C)C1CCC2(C)C3CC4C(C13)C42C,CC(C)C1CCC2(C)C3CC4C(C13)C42C,XBWACJDEQIZTPR-UHFFFAOYSA-N,True,1,1,897,1,15,204.1878,C15H24,False,False,False,False,False,False,False,(+)-cyclosativene
XPMNUVZBXVZTSW,C=C(C)C1CCC(=C)C2CCC(C)C2C1,C=C(C)C1CCC(=C)C2CCC(C)C2C1,XPMNUVZBXVZTSW-UHFFFAOYSA-N,True,1,1,702,1,15,204.1878,C15H24,False,False,False,False,False,False,False,7-Isopropenyl-1-methyl-4-methylenedecahydroazulene
MXAXYEGDUFNYRX,CN(C)CCOC(=O)CCC1CCCC1,CN(C)CCOC(=O)CCC1CCCC1,MXAXYEGDUFNYRX-UHFFFAOYSA-N,True,1,1,374,1,15,213.1729,C12H23NO2,False,False,False,False,False,False,False,"3-Cyclopentylpropionic acid, 2-dimethylaminoethyl ester"
DPUOLQHDNGRHBS,CCCCCCCCC=CCCCCCCCCCCCC(=O)O,CCCCCCCC/C=C\CCCCCCCCCCCC(=O)O,DPUOLQHDNGRHBS-KTKRTIGZSA-N,True,1,1,867,1,24,338.3185,C22H42O2,False,False,False,False,False,False,False,Cis-13-docosenoic acid
UFLHIIWVXFIJGU,CCC=CCCO,CC/C=C\CCO,UFLHIIWVXFIJGU-ARJAWSKDSA-N,True,1,1,447,1,7,100.0888,C6H12O,False,False,False,False,False,False,False,cis-3-Hexen-1-ol
HBEWKQFSPOXTPI,CC(=O)OC12CCC3C4CCC(C(C)CCCC(C)C)C4(C)CCC3C1(C)CCC(O)C2,CC(=O)O[C@@]12CC[C@H]3[C@@H]4CC[C@H]([C@H](C)CCCC(C)C)[C@@]4(C)CC[C@@H]3[C@@]1(C)CC[C@H](O)C2,HBEWKQFSPOXTPI-JNDVAAQDSA-N,True,1,1,94,1,32,446.3760,C29H50O3,False,False,False,False,False,False,False,"Cholestane-3,5-diol, 5-acetate, (3?,5?)-"
JRVFYHGCYUUHNE,COc1c(C)[nH]c(CCCCCCCCCCC(C)O)cc1=O,COc1c(C)[nH]c(CCCCCCCCCC[C@@H](C)O)cc1=O,JRVFYHGCYUUHNE-OAHLLOKOSA-N,True,1,1,396,1,23,323.2460,C19H33NO3,False,False,False,False,False,False,False,melochicorine
PDSNLYSELAIEBU,C=C1C2CCC3C2C(C)(C)CCCC13C,C=C1C2CCC3C2C(C)(C)CCCC13C,PDSNLYSELAIEBU-UHFFFAOYSA-N,True,1,1,619,1,15,204.1878,C15H24,False,False,False,False,False,False,False,Longifolene
HFPZCAJZSCWRBC,Cc1ccc(C(C)C)cc1,Cc1ccc(C(C)C)cc1,HFPZCAJZSCWRBC-UHFFFAOYSA-N,True,1,1,128,1,10,134.1096,C10H14,False,False,False,False,False,False,False,p-Cymene
LKQMMFFQYMYQOJ,C=CC1(C)CCC2C(C1C(=C)C)C2(C)C,C=C[C@]1(C)CC[C@@H]2[C@H]([C@@H]1C(=C)C)C2(C)C,LKQMMFFQYMYQOJ-QVHKTLOISA-N,True,1,1,628,1,15,204.1878,C15H24,False,False,False,False,False,False,False,Bicycloelemene
MXDMETWAEGIFOE,C=CC1(C)CCC(C(C)C)=CC1C(=C)C,C=C[C@@]1(C)CCC(C(C)C)=C[C@@H]1C(=C)C,MXDMETWAEGIFOE-CABCVRRESA-N,True,1,1,1,1,15,204.1878,C15H24,False,False,False,False,False,False,False,delta-Elemene
GDFVLFBHNREYBP,CC1COC2(OC3CC4C5CC(O)C6CC(O)CCC6(C)C5CCC4(C)C3C2C)C(O)C1,,,False,0,1,229,1,32,448.3189,C27H44O5,False,False,False,False,False,False,False,Solaspigenin
FVWJYYTZTCVBKE,C=C(C)C1CCC2(CO)CCC3(C)C(CCC4C5(C)CCC(O)C(C)(C)C5CCC43C)C12,C=C(C)[C@@H]1CC[C@]2(CO)CC[C@]3(C)[C@H](CC[C@@H]4[C@@]5(C)CC[C@H](O)C(C)(C)[C@@H]5CC[C@]43C)[C@@H]12,FVWJYYTZTCVBKE-ROUWMTJPSA-N,True,1,1,213,1,32,442.3811,C30H50O2,False,False,False,False,False,False,False,Betulin
HIGQPQRQIQDZMP,CC(=O)OCC=C(C)CCC=C(C)C,CC(=O)OC/C=C(/C)CCC=C(C)C,HIGQPQRQIQDZMP-FLIBITNWSA-N,True,1,1,368,1,14,196.1463,C12H20O2,False,False,False,False,False,False,False,Neryl acetate
ZFMSMUAANRJZFM,C=CCc1ccc(OC)cc1,C=CCc1ccc(OC)cc1,ZFMSMUAANRJZFM-UHFFFAOYSA-N,True,1,1,661,1,11,148.0888,C10H12O,False,False,False,False,False,False,False,Estragole
BTXWOKJOAGWCSN,COC(=O)C12CCC(C)(C)CC1C1=CCC3C4(C)CCC(O)C(C)(C)C4CCC3(C)C1(C)CC2,COC(=O)[C@]12CCC(C)(C)C[C@H]1C1=CC[C@@H]3[C@@]4(C)CC[C@H](O)C(C)(C)[C@@H]4CC[C@@]3(C)[C@]1(C)CC2,BTXWOKJOAGWCSN-JBYJGCOVSA-N,True,1,1,195,1,34,470.3760,C31H50O3,False,False,False,False,False,False,False,Methyl oleanolate
POIARNZEYGURDG,CC=CC(=O)C1=C(C)C=CCC1(C)C,CC=CC(=O)C1=C(C)C=CCC1(C)C,POIARNZEYGURDG-UHFFFAOYSA-N,True,1,1,671,1,14,190.1358,C13H18O,False,False,False,False,False,False,False,Damascenone
NEYFHTHRJVQMPA,CCCCCCC(=O)OCC(C)CC,CCCCCCC(=O)OCC(C)CC,NEYFHTHRJVQMPA-UHFFFAOYSA-N,True,1,1,92,1,14,200.1776,C12H24O2,False,False,False,False,False,False,False,"Heptanoic acid, 2-methylbutyl ester"
NGSWKAQJJWESNS,O=C(O)C=Cc1ccc(O)cc1,O=C(O)C=Cc1ccc(O)cc1,NGSWKAQJJWESNS-UHFFFAOYSA-N,True,1,1,799,1,12,164.0473,C9H8O3,False,False,False,False,False,False,False,p-coumaric acid
ZCHOPXVYTWUHDS,CCC=CCCOC(=O)CCC,CC/C=C\CCOC(=O)CCC,ZCHOPXVYTWUHDS-WAYWQWQTSA-N,True,1,1,407,1,12,170.1307,C10H18O2,False,False,False,False,False,False,False,(Z)-3-hexenyl butanoate
OYHQOLUKZRVURQ,CCCCCC=CCC=CCCCCCCCC(=O)O,CCCCCC=CCC=CCCCCCCCC(=O)O,OYHQOLUKZRVURQ-UHFFFAOYSA-N,True,1,1,796,1,20,280.2402,C18H32O2,False,False,False,False,False,False,False,"9,12-Octadecadienoic acid"
VDFOBRVDTUCTEQ,CC=CC1CC2OC3(CCCC(OS(=O)(=O)c4ccc(C)cc4)C3(C)CC2C(=O)OC)O1,C/C=C\C1CC2OC3(CCCC(OS(=O)(=O)c4ccc(C)cc4)C3(C)CC2C(=O)OC)O1,VDFOBRVDTUCTEQ-ALCCZGGFSA-N,True,1,1,497,1,32,464.1869,C24H32O7S,False,False,False,False,False,False,False,"Methyl 6-methyl-5-(4-methylphenyl)sulfonyloxy-11-[(Z)-prop-1-enyl]-12,13-dioxatricyclo[7.3.1.01,6]tridecane-8-carboxylate"
BTRNIAUTIJBXFZ,CCOc1ccccc1CC(C)N,CCOc1ccccc1CC(C)N,BTRNIAUTIJBXFZ-UHFFFAOYSA-N,True,1,1,192,1,13,179.1310,C11H17NO,False,False,False,False,False,False,False,2-Ethoxyamphetamine
SQIFACVGCPWBQZ,C=C1CCC(C(C)(C)O)CC1,C=C1CCC(C(C)(C)O)CC1,SQIFACVGCPWBQZ-UHFFFAOYSA-N,True,1,1,702,1,11,154.1358,C10H18O,False,False,False,False,False,False,False,delta-terpineol
WYJAKKNMIDWZKG,CC1(C)CCC2(C(=O)O)CCC3(C)C(=CCC4C5(C)CC(O)C(O)C(C)(O)C5=CCC43C)C2C1,,,False,0,1,692,1,34,472.3189,C29H44O5,False,False,False,False,False,False,False,Triterpenoids
MDXYNRAMDATLBT,CC=Cc1ccc(O)c(O)c1,CC=Cc1ccc(O)c(O)c1,MDXYNRAMDATLBT-UHFFFAOYSA-N,True,1,1,1,1,11,150.0681,C9H10O2,False,False,False,False,False,False,False,"4-Allylbenzene-1,2-diol"
CBVJJGRSRFXUPK,CC(C)CCCC(C)C1CCC2C3CC=C4CC(O[Si](C)(C)C)CCC4(C)C3CCC12C,CC(C)CCC[C@@H](C)[C@H]1CC[C@H]2[C@@H]3CC=C4C[C@H](O[Si](C)(C)C)CC[C@]4(C)[C@H]3CC[C@]12C,CBVJJGRSRFXUPK-VGQLYABUSA-N,True,1,1,793,1,32,458.3944,C30H54OSi,False,False,False,False,False,False,False,3.ALPHA.-(TRIMETHYLSILOXY)CHOLEST-5-ENE
XEKOWRVHYACXOJ,CCOC(C)=O,CCOC(C)=O,XEKOWRVHYACXOJ-UHFFFAOYSA-N,True,1,1,435,1,6,88.0524,C4H8O2,False,False,False,False,False,False,False,Ethyl acetate
MQAHKRVNVQQRHE,COC(=O)OC1Oc2cc(O)ccc2-c2c1oc1cc(O)c(O)c(O)c1c2=O,COC(=O)OC1Oc2cc(O)ccc2-c2c1oc1cc(O)c(O)c(O)c1c2=O,MQAHKRVNVQQRHE-UHFFFAOYSA-N,True,1,1,9,1,28,388.0430,C18H12O10,False,False,False,False,False,False,False,Repenol
XVOLIFYNNVCOPB,CC=CCCCCCCCCCCCCC=O,C/C=C/CCCCCCCCCCCCC=O,XVOLIFYNNVCOPB-NSCUHMNNSA-N,True,1,1,94,1,17,238.2297,C16H30O,False,False,False,False,False,False,False,E-14-Hexadecenal
BYGQBDHUGHBGMD,CCC(C)C=O,CCC(C)C=O,BYGQBDHUGHBGMD-UHFFFAOYSA-N,True,1,1,497,1,6,86.0732,C5H10O,False,False,False,False,False,False,False,2-Methylbutanal
DTGKSKDOIYIVQL,CC1(C)C2CCC1(C)C(O)C2,CC1(C)C2CCC1(C)C(O)C2,DTGKSKDOIYIVQL-UHFFFAOYSA-N,True,1,1,407,1,11,154.1358,C10H18O,False,False,False,False,False,False,False,borneol
UXFSPRAGHGMRSQ,COc1nccnc1CC(C)C,COc1nccnc1CC(C)C,UXFSPRAGHGMRSQ-UHFFFAOYSA-N,True,1,1,336,1,12,166.1106,C9H14N2O,False,False,False,False,False,False,False,2-Methoxy-3-(2-methylpropyl)pyrazine
SNRUBQQJIBEYMU,CCCCCCCCCCCC,CCCCCCCCCCCC,SNRUBQQJIBEYMU-UHFFFAOYSA-N,True,1,1,748,1,12,170.2035,C12H26,False,False,False,False,False,False,False,Dodecane
TWCNAXRPQBLSNO,C=C(C)C1C=CC(C)CC1,C=C(C)C1C=CC(C)CC1,TWCNAXRPQBLSNO-UHFFFAOYSA-N,True,1,1,70,1,10,136.1252,C10H16,False,False,False,False,False,False,False,Isolimonene
VHVOLFRBFDOUSH,CC=Cc1ccc2c(c1)OCO2,C/C=C/c1ccc2c(c1)OCO2,VHVOLFRBFDOUSH-NSCUHMNNSA-N,True,1,1,70,1,12,162.0681,C10H10O2,False,False,False,False,False,False,False,isosafrole
LXNHXLLTXMVWPM,Cc1ncc(CO)c(CO)c1O,Cc1ncc(CO)c(CO)c1O,LXNHXLLTXMVWPM-UHFFFAOYSA-N,True,1,1,265,1,12,169.0739,C8H11NO3,False,False,False,False,False,False,False,Pyridoxine
ZQAAPECGIMFVID,CCCCCOC(=O)c1ccc(CC)cc1,CCCCCOC(=O)c1ccc(CC)cc1,ZQAAPECGIMFVID-UHFFFAOYSA-N,True,1,1,635,1,16,220.1463,C14H20O2,False,False,False,False,False,False,False,Pentyl 4-ethylbenzoate
