plant_index,inchikey_connectivity,compound_name_original,resolution_method,match_type,source_page_url
867,FFWSICBKRCICMR,5-Methyl-2-hexanone,direct_pubchem_cid,CID-based,https://bmppd.org/bmppd_result/?q=Carica+PAPAYA
94,ICZUVYVOFBMBPM,Bis (2-methylphenylthio)-methane,direct_pubchem_cid,CID-based,https://bmppd.org/bmppd_result/?q=Abrus+PRECATORIUS
16,HSEMFIZWXHQJAE,Palmitamide,direct_pubchem_cid,CID-based,https://bmppd.org/bmppd_result/?q=Mesua+ferrea
386,GHXZTYHSJHQHIJ,Chlorhexidine,direct_pubchem_cid,CID-based,https://bmppd.org/bmppd_result/?q=Mimusops+ELENGI
346,NTOPKICPEQUPPH,3-isopropyl-2- methoxypyrazine,direct_pubchem_cid,CID-based,https://bmppd.org/bmppd_result/?q=Ocimum+tenuiflorum
307,DLKOUKNODPCIHZ,"(2E,4E,6E)-7-(2H-1,3-benzodioxol-5-yl)-1-(piperidin-1-yl)hepta-2,4,6-trien-1-one",name_lookup_exact_match,exact_match,https://bmppd.org/bmppd_result/?q=Piper+NIGRUM
116,CXHUKRKXPXTKLK,"Pyrimidine, 4-(2-hydroxy-5-methoxyphenyl)-",direct_pubchem_cid,CID-based,https://bmppd.org/bmppd_result/?q=Ageratum+CONYZOIDES
78,ZQIULKXWJGSFAC,manglupenone,direct_pubchem_cid,CID-based,https://bmppd.org/bmppd_result/?q=Holarrhena+pubescens
878,GRTOGORTSDXSFK,Tetrahydroalstonine,direct_pubchem_cid,CID-based,https://bmppd.org/bmppd_result/?q=Catharanthus+roseus
715,IUJAMGNYPWYUPM,Hentriacontane,direct_pubchem_cid,CID-based,https://bmppd.org/bmppd_result/?q=Anacardium+OCCIDENTALE
70,PNVTXOFNJFHXOK,trans-lsocarveol,direct_pubchem_cid,CID-based,https://bmppd.org/bmppd_result/?q=Citrus+reticulata
765,MQYXUWHLBZFQQO,Lupeol,direct_pubchem_cid,CID-based,https://bmppd.org/bmppd_result/?q=Benincasa+HISPIDA
602,DNXKABMLNDEGAE,"Valeric acid, undec-2-enyl ester",name_lookup_exact_match,exact_match,https://bmppd.org/bmppd_result/?q=Desmodium+GANGETICUM
27,AMMHVZAJNHFTCZ,"Cyclohexane,1,1'-[1-(2,2-dimethylbutyl)-1,3 propanediyl]bis",direct_pubchem_cid,CID-based,https://bmppd.org/bmppd_result/?q=Moringa+oleifera
27,FCXPVFLEDIQLLO,2-Phenyltridecane,direct_pubchem_cid,CID-based,https://bmppd.org/bmppd_result/?q=Moringa+oleifera
74,YMBFCQPIMVLNIU,trans-alpha-Bergamotene,name_lookup_exact_match,exact_match,https://bmppd.org/bmppd_result/?q=Carum+carvi
299,IYRMWMYZSQPJKC,Kaempferol,name_lookup_exact_match,exact_match,https://bmppd.org/bmppd_result/?q=Plumeria+RUBRA
308,RZJRJXONCZWCBN,Octadecane,name_lookup_exact_match,exact_match,https://bmppd.org/bmppd_result/?q=Piper+LONGUM
661,OPFTUNCRGUEPRZ,beta-Elemene,direct_pubchem_cid,CID-based,https://bmppd.org/bmppd_result/?q=Coriandrum+SATIVUM
793,HCXVJBMSMIARIN,Stigmasterol,direct_pubchem_cid,CID-based,https://bmppd.org/bmppd_result/?q=Calotropis+GIGANTEA
21,FSLPMRQHCOLESF,Cycloartenol,direct_pubchem_cid,CID-based,https://bmppd.org/bmppd_result/?q=Benincasa+hispida
739,GZVRDNACRGJZNW,Hallacridone,name_lookup_exact_match,exact_match,https://bmppd.org/bmppd_result/?q=Artocarpus+HETEROPHYLLUS
283,ASUAYTHWZCLXAN,3-Methyl-2-buten-1-OL,name_lookup_exact_match,exact_match,https://bmppd.org/bmppd_result/?q=Punica+GRANATUM
207,IGGUPRCHHJZPBS,Nonacosane,name_lookup_exact_match,exact_match,https://bmppd.org/bmppd_result/?q=Syzygium+CUMINI
872,FTVWIRXFELQLPI,(+/-)-Naringenin,direct_pubchem_cid,CID-based,https://bmppd.org/bmppd_result/?q=Cassia+FISTULA
906,ORAACLXPCXANOZ,beta-Copaene-4alpha-ol,direct_pubchem_cid,CID-based,https://bmppd.org/bmppd_result/?q=Cinnamomum+TAMALA
715,IVTQSEFLDHBCDZ,Dihydroedulan I,direct_pubchem_cid,CID-based,https://bmppd.org/bmppd_result/?q=Anacardium+OCCIDENTALE
299,FSLPMRQHCOLESF,alpha-Amyrin,name_lookup_exact_match,exact_match,https://bmppd.org/bmppd_result/?q=Plumeria+RUBRA
624,MGSRCZKZVOBKFT,Thymol,direct_pubchem_cid,CID-based,https://bmppd.org/bmppd_result/?q=Cymbopogon+CITRATUS
761,CAHGCLMLTWQZNJ,lanosterol,direct_pubchem_cid,CID-based,https://bmppd.org/bmppd_result/?q=Bauhinia+PURPUREA
2,AYXPYQRXGNDJFU,Ledol,name_lookup_exact_match,exact_match,https://bmppd.org/bmppd_result/?q=Piper+cubeba
603,HVYWMOMLDIMFJA,Cholesterol,name_lookup_exact_match,exact_match,https://bmppd.org/bmppd_result/?q=Derris+TRIFOLIATA
386,LNTHITQWFMADLM,gallic acid,direct_pubchem_cid,CID-based,https://bmppd.org/bmppd_result/?q=Mimusops+ELENGI
128,GFJIQNADMLPFOW,Elemol,direct_pubchem_cid,CID-based,https://bmppd.org/bmppd_result/?q=Zingiber+ZERUMBET
287,YEJRWHAVMIAJKC,gamma-Butyrolactone,name_lookup_exact_match,exact_match,https://bmppd.org/bmppd_result/?q=Psidium+GUAJAVA
447,NUZVLYNISQOZOW,"2,5-Di-tert-butylaniline",direct_pubchem_cid,CID-based,https://bmppd.org/bmppd_result/?q=Lantana+CAMARA
78,OFMXGFHWLZPCFL,friedelin,direct_pubchem_cid,CID-based,https://bmppd.org/bmppd_result/?q=Holarrhena+pubescens
74,RUVINXPYWBROJD,cis-Anethole,name_lookup_exact_match,exact_match,https://bmppd.org/bmppd_result/?q=Carum+carvi
498,NWKFECICNXDNOQ,Anthocyanins,direct_pubchem_cid,CID-based,https://bmppd.org/bmppd_result/?q=Hibiscus+ROSA-SINENSIS
75,XXKXCRGLMFAXTK,Franesiferol B,direct_pubchem_cid,CID-based,https://bmppd.org/bmppd_result/?q=Ferula+foetida
497,FRMCCTDTYSRUBE,(?)-Spathulenol,direct_pubchem_cid,CID-based,https://bmppd.org/bmppd_result/?q=Hibiscus+SABDARIFFA
449,IGGUPRCHHJZPBS,Nonacosane,direct_pubchem_cid,CID-based,https://bmppd.org/bmppd_result/?q=Lagerstroemia+speciosa
794,FUZABTYGEVJEPT,Cedr-8-en-15-ol,direct_pubchem_cid,CID-based,https://bmppd.org/bmppd_result/?q=Calotropis+PROCERA
368,UCQHFDKBUHCAFR,sesquithujene,direct_pubchem_cid,CID-based,https://bmppd.org/bmppd_result/?q=Murraya+PANICULATA
43,IPCSVZSSVZVIGE,Palmitic acid,direct_pubchem_cid,CID-based,https://bmppd.org/bmppd_result/?q=Lagerstroemia+speciosa
257,JPUKWEQWGBDDQB,Kaempferol 3-O-beta-D-glucoside,name_lookup_exact_match,exact_match,https://bmppd.org/bmppd_result/?q=Saraca+ASOCA
629,OJEFBZMKKJTKKK,(E)-Atlantone,direct_pubchem_cid,CID-based,https://bmppd.org/bmppd_result/?q=Curcuma+LONGA
702,WEEGYLXZBRQIMU,"1,8-cineole/eucalyptol",direct_pubchem_cid,CID-based,https://bmppd.org/bmppd_result/?q=Alpinia+NIGRA
114,ZXABMDQSAABDMG,"1-Propene, 3-(ethenyloxy)-",direct_pubchem_cid,CID-based,https://bmppd.org/bmppd_result/?q=Aegle+MARMELOS
497,YCOZIPAWZNQLMR,n-Pentadecane,direct_pubchem_cid,CID-based,https://bmppd.org/bmppd_result/?q=Hibiscus+SABDARIFFA
70,HEKGWBIGPAUHQK,Isoobacunoic acid,direct_pubchem_cid,CID-based,https://bmppd.org/bmppd_result/?q=Citrus+reticulata
721,SSJXIUAHEKJCMH,"(1R,2R)-(-)-1,2-diaminocyclohexane",name_lookup_exact_match,exact_match,https://bmppd.org/bmppd_result/?q=Annona+RETICULATA
396,LNTHITQWFMADLM,Gallic acid,direct_pubchem_cid,CID-based,https://bmppd.org/bmppd_result/?q=Melochia+CORCHORIFOLIA
810,FSLPMRQHCOLESF,alpha-Amyrin,name_lookup_exact_match,exact_match,https://bmppd.org/bmppd_result/?q=Sida+acuta
799,JXZQZARENYGJMK,?-Curcumene,direct_pubchem_cid,CID-based,https://bmppd.org/bmppd_result/?q=Cannabis+SATIVA
497,BZUNJUAMQZRJIP,15-Hydroxypentadecanoic acid,direct_pubchem_cid,CID-based,https://bmppd.org/bmppd_result/?q=Hibiscus+SABDARIFFA
749,OASZMKFGOOQRNQ,7-Chloro-2-cyclohexyl-4[3H]quinazolinone,direct_pubchem_cid,CID-based,https://bmppd.org/bmppd_result/?q=Azadirachta+INDICA
200,BJDRPQVYYLFRJI,"l-(+)-Ascorbic acid 2,6-dihexadecanoate",direct_pubchem_cid,CID-based,https://bmppd.org/bmppd_result/?q=Tamarindus+INDICA
151,VLXDPFLIRFYIME,"(1S,2S,6S,7R,8R)-1,3-dimethyl-8-propan-2-yltricyclo[4.4.0.02,7]dec-3-ene",direct_pubchem_cid,CID-based,https://bmppd.org/bmppd_result/?q=Vitex+NEGUNDO
70,LHGVFZTZFXWLCP,2-methoxy- 4-vinylphenol,direct_pubchem_cid,CID-based,https://bmppd.org/bmppd_result/?q=Citrus+reticulata
49,PVNIIMVLHYAWGP,Nicotinic acid,name_lookup_exact_match,exact_match,https://bmppd.org/bmppd_result/?q=Sesamum+indicum
872,GRBHNQFQFHLCHO,Lup-20(29)-en-3-one,name_lookup_exact_match,exact_match,https://bmppd.org/bmppd_result/?q=Cassia+FISTULA
307,ACOBBFVLNKYODD,Methyl geranate,name_lookup_exact_match,exact_match,https://bmppd.org/bmppd_result/?q=Piper+NIGRUM
389,IQPNAANSBPBGFQ,Luteolin,name_lookup_exact_match,exact_match,https://bmppd.org/bmppd_result/?q=Michelia+CHAMPACA
70,VAMXMNNIEUEQDV,Methyl anthranilate,direct_pubchem_cid,CID-based,https://bmppd.org/bmppd_result/?q=Citrus+reticulata
308,VABYUUZNAVQNPG,Piperlongumine,name_lookup_exact_match,exact_match,https://bmppd.org/bmppd_result/?q=Piper+LONGUM
78,GNRIZKKCNOBBMO,Mangostin,direct_pubchem_cid,CID-based,https://bmppd.org/bmppd_result/?q=Holarrhena+pubescens
498,AZQWKYJCGOJGHM,"Benzo-1,4-quinone",direct_pubchem_cid,CID-based,https://bmppd.org/bmppd_result/?q=Hibiscus+ROSA-SINENSIS
386,OKKJLVBELUTLKV,methanol,direct_pubchem_cid,CID-based,https://bmppd.org/bmppd_result/?q=Mimusops+ELENGI
628,IFJYSOWCCJPUJS,"6,9-Guaiadiene",direct_pubchem_cid,CID-based,https://bmppd.org/bmppd_result/?q=Curcuma+ZEDOARIA
865,QZZGJDVWLFXDLK,Tetracosanoic acid,direct_pubchem_cid,CID-based,https://bmppd.org/bmppd_result/?q=Cardiospermum+HALICACABUM
497,DOFJNFPSMUCECH,5-O-Desmethylnobiletin,direct_pubchem_cid,CID-based,https://bmppd.org/bmppd_result/?q=Hibiscus+SABDARIFFA
497,FJKIXWOMBXYWOQ,"Ethene, ethoxy-",direct_pubchem_cid,CID-based,https://bmppd.org/bmppd_result/?q=Hibiscus+SABDARIFFA
492,AYXPYQRXGNDJFU,Ledol,direct_pubchem_cid,CID-based,https://bmppd.org/bmppd_result/?q=Homalomena+aromatica
287,MFTSECOLKFLUSD,Hexahydroxydiphenic acid,name_lookup_exact_match,exact_match,https://bmppd.org/bmppd_result/?q=Psidium+GUAJAVA
878,FBWMYSQUTZRHAT,"9,12-Octadecadienoyl chloride",direct_pubchem_cid,CID-based,https://bmppd.org/bmppd_result/?q=Catharanthus+roseus
374,SWELIMKTDYHAOY,"4(1H)-Pyrimidinone, 2,6-diamino-",direct_pubchem_cid,CID-based,https://bmppd.org/bmppd_result/?q=Moringa+OLEIFERA
906,WBYWAXJHAXSJNI,cis-Cinnamic acid,direct_pubchem_cid,CID-based,https://bmppd.org/bmppd_result/?q=Cinnamomum+TAMALA
897,WUEBMGULUIGVLC,"Benzene,1-(1-Buten-3-yl)-2-vinyl",direct_pubchem_cid,CID-based,https://bmppd.org/bmppd_result/?q=Centella+ASIATICA
867,UIJGNTRUPZPVNG,Thiobenzoic acid,direct_pubchem_cid,CID-based,https://bmppd.org/bmppd_result/?q=Carica+PAPAYA
70,FOEWNRTZASNZJY,5-dodecen-1-ol,direct_pubchem_cid,CID-based,https://bmppd.org/bmppd_result/?q=Citrus+reticulata
796,KZNIFHPLKGYRTM,Apigenin,direct_pubchem_cid,CID-based,https://bmppd.org/bmppd_result/?q=Camellia+sinensis
843,YCIMNLLNPGFGHC,o-Dihydroxyphenol,direct_pubchem_cid,CID-based,https://bmppd.org/bmppd_result/?q=Bougainvillea+spectabilis
192,YGVHOSGNOYKRIH,chebulinic acid,direct_pubchem_cid,CID-based,https://bmppd.org/bmppd_result/?q=Terminalia+CHEBULA
699,RXBQNMWIQKOSCS,Myrtenol,direct_pubchem_cid,CID-based,https://bmppd.org/bmppd_result/?q=Alpinia+CALCARATA
253,SECPZKHBENQXJG,Palmitoleic acid,name_lookup_exact_match,exact_match,https://bmppd.org/bmppd_result/?q=Schleichera+OLEOSA
346,RHLVCLIPMVJYKS,3-Octanone,direct_pubchem_cid,CID-based,https://bmppd.org/bmppd_result/?q=Ocimum+tenuiflorum
192,YCRIXHKHAODKFH,"4-Methyl-2,4-bis(p-hydroxyphenyl)pent-1-ene, 2TMS derivative",direct_pubchem_cid,CID-based,https://bmppd.org/bmppd_result/?q=Terminalia+CHEBULA
629,XMGQYMWWDOXHJM,D-Limonene,direct_pubchem_cid,CID-based,https://bmppd.org/bmppd_result/?q=Curcuma+LONGA
498,KLIDCXVFHGNTTM,"2,6,dimethoxy phenol",direct_pubchem_cid,CID-based,https://bmppd.org/bmppd_result/?q=Hibiscus+ROSA-SINENSIS
374,IYRMWMYZSQPJKC,Kaempferol,direct_pubchem_cid,CID-based,https://bmppd.org/bmppd_result/?q=Moringa+OLEIFERA
867,PZGMUSDNQDCNAG,Allyl octanoate,direct_pubchem_cid,CID-based,https://bmppd.org/bmppd_result/?q=Carica+PAPAYA
897,XCYJPXQACVEIOS,m-cymene,direct_pubchem_cid,CID-based,https://bmppd.org/bmppd_result/?q=Centella+ASIATICA
731,QTDZOWFRBNTPQR,Cianidanol,direct_pubchem_cid,CID-based,https://bmppd.org/bmppd_result/?q=Areca+CATECHU
299,ZQPPMHVWECSIRJ,Oleic acid,name_lookup_exact_match,exact_match,https://bmppd.org/bmppd_result/?q=Plumeria+RUBRA
897,BQSLMQNYHVFRDT,Gamma-Elemene,direct_pubchem_cid,CID-based,https://bmppd.org/bmppd_result/?q=Centella+ASIATICA
435,BJQWYEJQWHSSCJ,Heptacosane,direct_pubchem_cid,CID-based,https://bmppd.org/bmppd_result/?q=Leucas+ASPERA
68,WONIGEXYPVIKFS,(S)-cis-Verbenol,name_lookup_exact_match,exact_match,https://bmppd.org/bmppd_result/?q=Citrus+limon
307,LRBQNJMCXXYXIU,Tannic acid,name_lookup_exact_match,exact_match,https://bmppd.org/bmppd_result/?q=Piper+NIGRUM
27,DOIRQSBPFJWKBE,Dibutyl phthalate,direct_pubchem_cid,CID-based,https://bmppd.org/bmppd_result/?q=Moringa+oleifera
410,VCWMRQDBPZKXKG,Galactinol dihydrate,direct_pubchem_cid,CID-based,https://bmppd.org/bmppd_result/?q=Maesa+INDICA
525,YHYBNVZCQIDLSQ,1-Fluorododecane,direct_pubchem_cid,CID-based,https://bmppd.org/bmppd_result/?q=Gloriosa+SUPERBA
374,ZQPPMHVWECSIRJ,9-Octadecenoic acid (z)-,direct_pubchem_cid,CID-based,https://bmppd.org/bmppd_result/?q=Moringa+OLEIFERA
70,KQAZVFVOEIRWHN,(1R)-2-methyl-5-propan-2-ylbicyclo[3.1.0]hex-2-ene,direct_pubchem_cid,CID-based,https://bmppd.org/bmppd_result/?q=Citrus+reticulata
287,JGHZJRVDZXSNKQ,Methyl octanoate,name_lookup_exact_match,exact_match,https://bmppd.org/bmppd_result/?q=Psidium+GUAJAVA
748,KSMVZQYAVGTKIV,Decanal,direct_pubchem_cid,CID-based,https://bmppd.org/bmppd_result/?q=Averrhoa+CARAMBOLA
207,FAKRSMQSSFJEIM,captopril,direct_pubchem_cid,CID-based,https://bmppd.org/bmppd_result/?q=Syzygium+CUMINI
407,WGTRJVCFDUCKCM,viridiflorene,direct_pubchem_cid,CID-based,https://bmppd.org/bmppd_result/?q=Mangifera+INDICA
287,CZMRCDWAGMRECN,Sucrose,name_lookup_exact_match,exact_match,https://bmppd.org/bmppd_result/?q=Psidium+GUAJAVA
872,QUEDXNHFTDJVIY,Gamma-Tocopherol,direct_pubchem_cid,CID-based,https://bmppd.org/bmppd_result/?q=Cassia+FISTULA
661,YVLHTQPPMZOCOW,Carvacrol methyl ether,direct_pubchem_cid,CID-based,https://bmppd.org/bmppd_result/?q=Coriandrum+SATIVUM
867,JYYFMIOPGOFNPK,Ethyl linolenate,direct_pubchem_cid,CID-based,https://bmppd.org/bmppd_result/?q=Carica+PAPAYA
628,UXYYOHOTPOQJPD,zerumbone epoxide,direct_pubchem_cid,CID-based,https://bmppd.org/bmppd_result/?q=Curcuma+ZEDOARIA
124,YHBUQBJHSRGZNF,(E)-alpha-bisabolene,direct_pubchem_cid,CID-based,https://bmppd.org/bmppd_result/?q=Allium+SATIVUM
374,WQZGKKKJIJFFOK,.alpha.-D-Glucose,direct_pubchem_cid,CID-based,https://bmppd.org/bmppd_result/?q=Moringa+OLEIFERA
116,FRMCCTDTYSRUBE,Spathulenol,direct_pubchem_cid,CID-based,https://bmppd.org/bmppd_result/?q=Ageratum+CONYZOIDES
346,RRAFCDWBNXTKKO,Eugenol,direct_pubchem_cid,CID-based,https://bmppd.org/bmppd_result/?q=Ocimum+tenuiflorum
739,AOGQPLXWSUTHQB,Hexyl acetate,name_lookup_exact_match,exact_match,https://bmppd.org/bmppd_result/?q=Artocarpus+HETEROPHYLLUS
702,CRPUJAZIXJMDBK,camphene,direct_pubchem_cid,CID-based,https://bmppd.org/bmppd_result/?q=Alpinia+NIGRA
368,YMBFCQPIMVLNIU,?-bergamotene,direct_pubchem_cid,CID-based,https://bmppd.org/bmppd_result/?q=Murraya+PANICULATA
749,YCOZIPAWZNQLMR,Pentadecane,direct_pubchem_cid,CID-based,https://bmppd.org/bmppd_result/?q=Azadirachta+INDICA
619,SXJZELHFSGPXDB,"4,5-Dihydro-beta,beta,4,4-tetramethyl-1H-pyrazole-1-propanol",direct_pubchem_cid,CID-based,https://bmppd.org/bmppd_result/?q=Cyperus+ROTUNDUS
749,DFPAKSUCGFBDDF,Nicotinamide,direct_pubchem_cid,CID-based,https://bmppd.org/bmppd_result/?q=Azadirachta+INDICA
523,WCKFRKXQABCDRE,Glycozolidal,direct_pubchem_cid,CID-based,https://bmppd.org/bmppd_result/?q=Glycosmis+PENTAPHYLLA
497,TZMFJUDUGYTVRY,"2,3-Pentanedione",direct_pubchem_cid,CID-based,https://bmppd.org/bmppd_result/?q=Hibiscus+SABDARIFFA
299,FRISMOQHTLZZRP,Nerol oxide,name_lookup_exact_match,exact_match,https://bmppd.org/bmppd_result/?q=Plumeria+RUBRA
116,KGEKLUUHTZCSIP,Isobornyl acetate,direct_pubchem_cid,CID-based,https://bmppd.org/bmppd_result/?q=Ageratum+CONYZOIDES
675,FERIUCNNQQJTOY,Octanoic acid,direct_pubchem_cid,CID-based,https://bmppd.org/bmppd_result/?q=Cocos+NUCIFERA
659,CBULCJKHVYVFRM,beta-Selinene,direct_pubchem_cid,CID-based,https://bmppd.org/bmppd_result/?q=Crassocephalum+CREPIDIOIDES
74,BNWJOHGLIBDBOB,Myristicin,name_lookup_exact_match,exact_match,https://bmppd.org/bmppd_result/?q=Carum+carvi
55,JCIFZANQIXZLGH,"7,3'-Di-O-methylisoorientin",name_lookup_exact_match,exact_match,https://bmppd.org/bmppd_result/?q=Saccharum+officinarum
94,NISBQKZXGCOUOU,"(1S,3R,6S,7R,8R,11S,12S,15R,16R)-6-[(2R,3R,4S,5S,6R)-4,5-dihydroxy-6-(hydroxymethyl)-3-[(2S,3R,4S,5S,6R)-3,4,5-trihydroxy-6-(hydroxymethyl)oxan-2-yl]oxyoxan-2-yl]oxy-7,12,16-trimethyl-15-[(1S)-1-[(2S)-5-methyl-6-oxo-2,3-dihydropyran-2-yl]ethyl]pentacyclo[9.7.0.01,3.03,8.012,16]octadecane-7-carboxylic acid",direct_pubchem_cid,CID-based,https://bmppd.org/bmppd_result/?q=Abrus+PRECATORIUS
124,YHQGMYUVUMAZJR,alpha-Terpinene,direct_pubchem_cid,CID-based,https://bmppd.org/bmppd_result/?q=Allium+SATIVUM
806,OEYIOHPDSNJKLS,Choline,name_lookup_exact_match,exact_match,https://bmppd.org/bmppd_result/?q=Sida+rhombifolia
192,BSZHDLCLIZIYRO,"1-Methyl-1,2,2-tri(pentafluorobenzoyl)- hydrazine",direct_pubchem_cid,CID-based,https://bmppd.org/bmppd_result/?q=Terminalia+CHEBULA
894,JBOONPKUPONSIB,Salvial-4(14)-en-1-one,direct_pubchem_cid,CID-based,https://bmppd.org/bmppd_result/?q=Desmos+chinensis
786,MVLVMROFTAUDAG,"Octadecanoic acid, ethyl ester",direct_pubchem_cid,CID-based,https://bmppd.org/bmppd_result/?q=Caesalpinia+BONDUC
68,OZQAPQSEYFAMCY,alpha-Selinene,name_lookup_exact_match,exact_match,https://bmppd.org/bmppd_result/?q=Citrus+limon
499,NOOLISFMXDJSKH,DL-Menthol,direct_pubchem_cid,CID-based,https://bmppd.org/bmppd_result/?q=Hibiscus+MUTABILIS
498,HPSSZFFAYWBIPY,Malvalic acid,direct_pubchem_cid,CID-based,https://bmppd.org/bmppd_result/?q=Hibiscus+ROSA-SINENSIS
786,HBNFLLJEFIGGHR,"Kaempferol 3-(4,6- diacetylglucoside)-7-rhamnoside",direct_pubchem_cid,CID-based,https://bmppd.org/bmppd_result/?q=Caesalpinia+BONDUC
630,WEEGYLXZBRQIMU,Eucalyptol,direct_pubchem_cid,CID-based,https://bmppd.org/bmppd_result/?q=Curcuma+CAESIA
687,SSNZFFBDIMUILS,trans-2-Dodecenal,direct_pubchem_cid,CID-based,https://bmppd.org/bmppd_result/?q=Citrus+maxima
349,BJMPSYHNUKWPGQ,"2,3-methylenedioxyanisole",direct_pubchem_cid,CID-based,https://bmppd.org/bmppd_result/?q=Ocimum+AMERICANUM
721,SESFRYSPDFLNCH,Benzyl benzoate,name_lookup_exact_match,exact_match,https://bmppd.org/bmppd_result/?q=Annona+RETICULATA
4,NNDKZTBFZTWKLA,Neopine,name_lookup_exact_match,exact_match,https://bmppd.org/bmppd_result/?q=Papaver+somniferum
894,SIVAITYPYQQYAP,Mosloflavone,direct_pubchem_cid,CID-based,https://bmppd.org/bmppd_result/?q=Desmos+chinensis
219,QBUIDYLGKMWNEA,Palmatrubine,name_lookup_exact_match,exact_match,https://bmppd.org/bmppd_result/?q=Stephania+GLABRA
897,XBWACJDEQIZTPR,(+)-cyclosativene,direct_pubchem_cid,CID-based,https://bmppd.org/bmppd_result/?q=Centella+ASIATICA
702,XPMNUVZBXVZTSW,7-Isopropenyl-1-methyl-4-methylenedecahydroazulene,direct_pubchem_cid,CID-based,https://bmppd.org/bmppd_result/?q=Alpinia+NIGRA
374,MXAXYEGDUFNYRX,"3-Cyclopentylpropionic acid, 2-dimethylaminoethyl ester",direct_pubchem_cid,CID-based,https://bmppd.org/bmppd_result/?q=Moringa+OLEIFERA
867,DPUOLQHDNGRHBS,Cis-13-docosenoic acid,direct_pubchem_cid,CID-based,https://bmppd.org/bmppd_result/?q=Carica+PAPAYA
447,UFLHIIWVXFIJGU,cis-3-Hexen-1-ol,direct_pubchem_cid,CID-based,https://bmppd.org/bmppd_result/?q=Lantana+CAMARA
94,HBEWKQFSPOXTPI,"Cholestane-3,5-diol, 5-acetate, (3?,5?)-",direct_pubchem_cid,CID-based,https://bmppd.org/bmppd_result/?q=Abrus+PRECATORIUS
396,JRVFYHGCYUUHNE,melochicorine,direct_pubchem_cid,CID-based,https://bmppd.org/bmppd_result/?q=Melochia+CORCHORIFOLIA
619,PDSNLYSELAIEBU,Longifolene,direct_pubchem_cid,CID-based,https://bmppd.org/bmppd_result/?q=Cyperus+ROTUNDUS
128,HFPZCAJZSCWRBC,p-Cymene,direct_pubchem_cid,CID-based,https://bmppd.org/bmppd_result/?q=Zingiber+ZERUMBET
628,LKQMMFFQYMYQOJ,Bicycloelemene,direct_pubchem_cid,CID-based,https://bmppd.org/bmppd_result/?q=Curcuma+ZEDOARIA
1,MXDMETWAEGIFOE,delta-Elemene,name_lookup_exact_match,exact_match,https://bmppd.org/bmppd_result/?q=Piper+betle
229,GDFVLFBHNREYBP,Solaspigenin,multiple_matches_same_connectivity,multiple_matches_same_connectivity,https://bmppd.org/bmppd_result/?q=Solanum+TORVUM
213,FVWJYYTZTCVBKE,Betulin,name_lookup_exact_match,exact_match,https://bmppd.org/bmppd_result/?q=Streblus+ASPER
368,HIGQPQRQIQDZMP,Neryl acetate,direct_pubchem_cid,CID-based,https://bmppd.org/bmppd_result/?q=Murraya+PANICULATA
661,ZFMSMUAANRJZFM,Estragole,direct_pubchem_cid,CID-based,https://bmppd.org/bmppd_result/?q=Coriandrum+SATIVUM
195,BTXWOKJOAGWCSN,Methyl oleanolate,direct_pubchem_cid,CID-based,https://bmppd.org/bmppd_result/?q=Terminalia+ARJUNA
671,POIARNZEYGURDG,Damascenone,name_lookup_exact_match,exact_match,https://bmppd.org/bmppd_result/?q=Colocasia+ESCULENTA
92,NEYFHTHRJVQMPA,"Heptanoic acid, 2-methylbutyl ester",direct_pubchem_cid,CID-based,https://bmppd.org/bmppd_result/?q=Abelmoschus+MOSCHATUS
799,NGSWKAQJJWESNS,p-coumaric acid,direct_pubchem_cid,CID-based,https://bmppd.org/bmppd_result/?q=Cannabis+SATIVA
407,ZCHOPXVYTWUHDS,(Z)-3-hexenyl butanoate,direct_pubchem_cid,CID-based,https://bmppd.org/bmppd_result/?q=Mangifera+INDICA
796,OYHQOLUKZRVURQ,"9,12-Octadecadienoic acid",direct_pubchem_cid,CID-based,https://bmppd.org/bmppd_result/?q=Camellia+sinensis
283,RHLVCLIPMVJYKS,3-Octanone,name_lookup_exact_match,exact_match,https://bmppd.org/bmppd_result/?q=Punica+GRANATUM
497,VDFOBRVDTUCTEQ,"Methyl 6-methyl-5-(4-methylphenyl)sulfonyloxy-11-[(Z)-prop-1-enyl]-12,13-dioxatricyclo[7.3.1.01,6]tridecane-8-carboxylate",direct_pubchem_cid,CID-based,https://bmppd.org/bmppd_result/?q=Hibiscus+SABDARIFFA
192,BTRNIAUTIJBXFZ,2-Ethoxyamphetamine,direct_pubchem_cid,CID-based,https://bmppd.org/bmppd_result/?q=Terminalia+CHEBULA
702,SQIFACVGCPWBQZ,delta-terpineol,direct_pubchem_cid,CID-based,https://bmppd.org/bmppd_result/?q=Alpinia+NIGRA
692,WYJAKKNMIDWZKG,Triterpenoids,multiple_matches_same_connectivity,multiple_matches_same_connectivity,https://bmppd.org/bmppd_result/?q=Cissus+QUADRANGULARIS
1,MDXYNRAMDATLBT,"4-Allylbenzene-1,2-diol",name_lookup_exact_match,exact_match,https://bmppd.org/bmppd_result/?q=Piper+betle
793,CBVJJGRSRFXUPK,3.ALPHA.-(TRIMETHYLSILOXY)CHOLEST-5-ENE,direct_pubchem_cid,CID-based,https://bmppd.org/bmppd_result/?q=Calotropis+GIGANTEA
435,XEKOWRVHYACXOJ,Ethyl acetate,direct_pubchem_cid,CID-based,https://bmppd.org/bmppd_result/?q=Leucas+ASPERA
635,WONIGEXYPVIKFS,trans-Verbenol,direct_pubchem_cid,CID-based,https://bmppd.org/bmppd_result/?q=Cuminum+CYMINUM
9,MQAHKRVNVQQRHE,Repenol,direct_pubchem_cid,CID-based,https://bmppd.org/bmppd_result/?q=Boerhavia+diffusa
94,XVOLIFYNNVCOPB,E-14-Hexadecenal,direct_pubchem_cid,CID-based,https://bmppd.org/bmppd_result/?q=Abrus+PRECATORIUS
497,BYGQBDHUGHBGMD,2-Methylbutanal,direct_pubchem_cid,CID-based,https://bmppd.org/bmppd_result/?q=Hibiscus+SABDARIFFA
407,DTGKSKDOIYIVQL,borneol,direct_pubchem_cid,CID-based,https://bmppd.org/bmppd_result/?q=Mangifera+INDICA
336,UXFSPRAGHGMRSQ,2-Methoxy-3-(2-methylpropyl)pyrazine,direct_pubchem_cid,CID-based,https://bmppd.org/bmppd_result/?q=Paederia+FOETIDA
336,OFMXGFHWLZPCFL,Friedelin,direct_pubchem_cid,CID-based,https://bmppd.org/bmppd_result/?q=Paederia+FOETIDA
748,SNRUBQQJIBEYMU,Dodecane,direct_pubchem_cid,CID-based,https://bmppd.org/bmppd_result/?q=Averrhoa+CARAMBOLA
70,TWCNAXRPQBLSNO,Isolimonene,direct_pubchem_cid,CID-based,https://bmppd.org/bmppd_result/?q=Citrus+reticulata
70,VHVOLFRBFDOUSH,isosafrole,direct_pubchem_cid,CID-based,https://bmppd.org/bmppd_result/?q=Citrus+reticulata
265,LXNHXLLTXMVWPM,Pyridoxine,name_lookup_exact_match,exact_match,https://bmppd.org/bmppd_result/?q=Saccharum+OFFICINARUM
635,ZQAAPECGIMFVID,Pentyl 4-ethylbenzoate,direct_pubchem_cid,CID-based,https://bmppd.org/bmppd_result/?q=Cuminum+CYMINUM
