plant_index,raw_mpbd_name,name_pattern,candidate_query,raw_query_url,raw_status,raw_rows,candidate_query_url,candidate_status,candidate_rows,candidate_rows_with_cid,candidate_rows_missing_cid,candidate_decision
1,Piper betle L.,SIMPLE_BINOMIAL_WITH_AUTHORITY,Piper betle,https://bmppd.org/bmppd_result/?q=Piper+betle+L.,ZERO_RESULTS,0,https://bmppd.org/bmppd_result/?q=Piper+betle,PASS,112,0,112,IMPROVED_MATCH
2,Piper cubeba Vahl,SIMPLE_BINOMIAL_WITH_AUTHORITY,Piper cubeba,https://bmppd.org/bmppd_result/?q=Piper+cubeba+Vahl,ZERO_RESULTS,0,https://bmppd.org/bmppd_result/?q=Piper+cubeba,PASS,181,0,181,IMPROVED_MATCH
3,Berberis aristata DC.,SIMPLE_BINOMIAL_WITH_AUTHORITY,Berberis aristata,https://bmppd.org/bmppd_result/?q=Berberis+aristata+DC.,ZERO_RESULTS,0,https://bmppd.org/bmppd_result/?q=Berberis+aristata,ZERO_RESULTS,0,0,0,UNCHANGED_ZERO
4,Papaver somniferum L.,SIMPLE_BINOMIAL_WITH_AUTHORITY,Papaver somniferum,https://bmppd.org/bmppd_result/?q=Papaver+somniferum+L.,ZERO_RESULTS,0,https://bmppd.org/bmppd_result/?q=Papaver+somniferum,PASS,128,0,128,IMPROVED_MATCH
5,Artocarpus heterophyllus Lam.,SIMPLE_BINOMIAL_WITH_AUTHORITY,Artocarpus heterophyllus,https://bmppd.org/bmppd_result/?q=Artocarpus+heterophyllus+Lam.,ZERO_RESULTS,0,https://bmppd.org/bmppd_result/?q=Artocarpus+heterophyllus,PASS,180,0,180,IMPROVED_MATCH
6,Ficus racemosa L.,SIMPLE_BINOMIAL_WITH_AUTHORITY,Ficus racemosa,https://bmppd.org/bmppd_result/?q=Ficus+racemosa+L.,ZERO_RESULTS,0,https://bmppd.org/bmppd_result/?q=Ficus+racemosa,ZERO_RESULTS,0,0,0,UNCHANGED_ZERO
7,Morus indica L.,SIMPLE_BINOMIAL_WITH_AUTHORITY,Morus indica,https://bmppd.org/bmppd_result/?q=Morus+indica+L.,ZERO_RESULTS,0,https://bmppd.org/bmppd_result/?q=Morus+indica,ZERO_RESULTS,0,0,0,UNCHANGED_ZERO
8,Juglans regia L.,SIMPLE_BINOMIAL_WITH_AUTHORITY,Juglans regia,https://bmppd.org/bmppd_result/?q=Juglans+regia+L.,ZERO_RESULTS,0,https://bmppd.org/bmppd_result/?q=Juglans+regia,ZERO_RESULTS,0,0,0,UNCHANGED_ZERO
9,Boerhavia diffusa L.,SIMPLE_BINOMIAL_WITH_AUTHORITY,Boerhavia diffusa,https://bmppd.org/bmppd_result/?q=Boerhavia+diffusa+L.,ZERO_RESULTS,0,https://bmppd.org/bmppd_result/?q=Boerhavia+diffusa,PASS,57,53,4,IMPROVED_MATCH
10,Boerhavia repens L.,SIMPLE_BINOMIAL_WITH_AUTHORITY,Boerhavia repens,https://bmppd.org/bmppd_result/?q=Boerhavia+repens+L.,ZERO_RESULTS,0,https://bmppd.org/bmppd_result/?q=Boerhavia+repens,ZERO_RESULTS,0,0,0,UNCHANGED_ZERO
11,Mirabilis jalapa L.,SIMPLE_BINOMIAL_WITH_AUTHORITY,Mirabilis jalapa,https://bmppd.org/bmppd_result/?q=Mirabilis+jalapa+L.,ZERO_RESULTS,0,https://bmppd.org/bmppd_result/?q=Mirabilis+jalapa,ZERO_RESULTS,0,0,0,UNCHANGED_ZERO
12,Opuntia dellenii (Ker Gawl.) Haw.,PARENTHETICAL_AUTHORITY,Opuntia dellenii,https://bmppd.org/bmppd_result/?q=Opuntia+dellenii+%28Ker+Gawl.%29+Haw.,ZERO_RESULTS,0,https://bmppd.org/bmppd_result/?q=Opuntia+dellenii,ZERO_RESULTS,0,0,0,UNCHANGED_ZERO
13,Achyranthes aspera L.,SIMPLE_BINOMIAL_WITH_AUTHORITY,Achyranthes aspera,https://bmppd.org/bmppd_result/?q=Achyranthes+aspera+L.,ZERO_RESULTS,0,https://bmppd.org/bmppd_result/?q=Achyranthes+aspera,PASS,32,22,10,IMPROVED_MATCH
14,Plumbago indica L.,SIMPLE_BINOMIAL_WITH_AUTHORITY,Plumbago indica,https://bmppd.org/bmppd_result/?q=Plumbago+indica+L.,ZERO_RESULTS,0,https://bmppd.org/bmppd_result/?q=Plumbago+indica,PASS,28,0,28,IMPROVED_MATCH
15,Vateria indica L.,SIMPLE_BINOMIAL_WITH_AUTHORITY,Vateria indica,https://bmppd.org/bmppd_result/?q=Vateria+indica+L.,ZERO_RESULTS,0,https://bmppd.org/bmppd_result/?q=Vateria+indica,ZERO_RESULTS,0,0,0,UNCHANGED_ZERO
16,Mesua ferrea L.,SIMPLE_BINOMIAL_WITH_AUTHORITY,Mesua ferrea,https://bmppd.org/bmppd_result/?q=Mesua+ferrea+L.,ZERO_RESULTS,0,https://bmppd.org/bmppd_result/?q=Mesua+ferrea,PASS,133,133,0,IMPROVED_MATCH
17,Helicteres isora L.,SIMPLE_BINOMIAL_WITH_AUTHORITY,Helicteres isora,https://bmppd.org/bmppd_result/?q=Helicteres+isora+L.,ZERO_RESULTS,0,https://bmppd.org/bmppd_result/?q=Helicteres+isora,ZERO_RESULTS,0,0,0,UNCHANGED_ZERO
18,Abelmoschus esculentus (L.) Moench,PARENTHETICAL_AUTHORITY,Abelmoschus esculentus,https://bmppd.org/bmppd_result/?q=Abelmoschus+esculentus+%28L.%29+Moench,ZERO_RESULTS,0,https://bmppd.org/bmppd_result/?q=Abelmoschus+esculentus,ZERO_RESULTS,0,0,0,UNCHANGED_ZERO
19,Gossypium arboreum L.,SIMPLE_BINOMIAL_WITH_AUTHORITY,Gossypium arboreum,https://bmppd.org/bmppd_result/?q=Gossypium+arboreum+L.,ZERO_RESULTS,0,https://bmppd.org/bmppd_result/?q=Gossypium+arboreum,ZERO_RESULTS,0,0,0,UNCHANGED_ZERO
20,Viola odorata L.,SIMPLE_BINOMIAL_WITH_AUTHORITY,Viola odorata,https://bmppd.org/bmppd_result/?q=Viola+odorata+L.,ZERO_RESULTS,0,https://bmppd.org/bmppd_result/?q=Viola+odorata,ZERO_RESULTS,0,0,0,UNCHANGED_ZERO
