flat_inchikey,full_inchikey,compound_name,n_links,targets,evidence_status_highest,evidence_status_mixed,tiers_observed,nn_similarity_mean,nn_similarity_max,pchembl_pred_mean
ABDKAPXRBAPSQN,ABDKAPXRBAPSQN-UHFFFAOYSA-N,"1,2-Dimethoxybenzene",3,cox1,NO_RELEVANT_REPORT_FOUND,NO_RELEVANT_REPORT_FOUND,NO_RELEVANT_REPORT_FOUND,0.6316,0.6316,0.62
ADFOLUXMYYCTRR,ADFOLUXMYYCTRR-OKILXGFUSA-N,Meso-dihydroguaiaretic acid,1,cox1,LEVEL_B_RELATED_ENDPOINT,LEVEL_B_RELATED_ENDPOINT,LEVEL_B_RELATED_ENDPOINT,0.4048,0.4048,0.505
AFBPFSWMIHJQDM,AFBPFSWMIHJQDM-UHFFFAOYSA-N,Anilinomethane,2,cox1,NO_RELEVANT_REPORT_FOUND,NO_RELEVANT_REPORT_FOUND,NO_RELEVANT_REPORT_FOUND,0.5,0.5,0.815
AGIQIOSHSMJYJP,AGIQIOSHSMJYJP-UHFFFAOYSA-N,"1,2,4-Trimethoxybenzene",1,cox1,NO_RELEVANT_REPORT_FOUND,NO_RELEVANT_REPORT_FOUND,NO_RELEVANT_REPORT_FOUND,0.4194,0.4194,0.485
AHCVNGFLPZSKFK,AHCVNGFLPZSKFK-UHFFFAOYSA-N,"4,5-dihydroxy-2,3,6-trimethoxy-9,10-dihydroxy-phenanthrene",1,cox1,NO_RELEVANT_REPORT_FOUND,NO_RELEVANT_REPORT_FOUND,NO_RELEVANT_REPORT_FOUND,0.4091,0.4091,0.4983
AHXXIALEMINDAW,AHXXIALEMINDAW-UHFFFAOYSA-N,"Phenol, 4?(methoxymethyl)?",2,cox1,NO_RELEVANT_REPORT_FOUND,NO_RELEVANT_REPORT_FOUND,NO_RELEVANT_REPORT_FOUND,0.4286,0.4286,0.4433
AIONOLUJZLIMTK,AIONOLUJZLIMTK-AWEZNQCLSA-N,Hesperitin,4,xo,LEVEL_A_EXACT_TARGET,LEVEL_A_EXACT_TARGET,LEVEL_A_EXACT_TARGET,0.5818,0.5818,0.4667
AKENCGNASJPQNR,AKENCGNASJPQNR-LNNZMUSMSA-N,Kaempferol 3-O-(6-O-acetyl) glucoside,1,maoa,NO_RELEVANT_REPORT_FOUND,NO_RELEVANT_REPORT_FOUND,NO_RELEVANT_REPORT_FOUND,0.4179,0.4179,0.4983
AKXIIOLURNATOC,AKXIIOLURNATOC-UHFFFAOYSA-N,"3,5-bis(1,1-Dimethylethyl)-4-hydroxybenzonitrile",1,cox1,NO_RELEVANT_REPORT_FOUND,NO_RELEVANT_REPORT_FOUND,NO_RELEVANT_REPORT_FOUND,0.4359,0.4359,0.41
AMTJHZIQBTUFSJ,AMTJHZIQBTUFSJ-WUOADIQLSA-N,Quercetin 7-(6-tiglylglucoside,1,maoa,NO_RELEVANT_REPORT_FOUND,NO_RELEVANT_REPORT_FOUND,NO_RELEVANT_REPORT_FOUND,0.4286,0.4286,0.6017
APJYDQYYACXCRM,APJYDQYYACXCRM-UHFFFAOYSA-N,Tryptamine,6,cox1,NO_RELEVANT_REPORT_FOUND,NO_RELEVANT_REPORT_FOUND,NO_RELEVANT_REPORT_FOUND,0.4348,0.4348,0.4067
APQPPUISLRYCEH,APQPPUISLRYCEH-UHFFFAOYSA-N,"6,3',4'-Trihydroxy-4-methoxy-5-methylaurone",1,maoa,NO_RELEVANT_REPORT_FOUND,NO_RELEVANT_REPORT_FOUND,NO_RELEVANT_REPORT_FOUND,0.5098,0.5098,0.505
ASHGTJPOSUFTGB,ASHGTJPOSUFTGB-UHFFFAOYSA-N,3-methoxyphenol,2,cox1,NO_RELEVANT_REPORT_FOUND,NO_RELEVANT_REPORT_FOUND,NO_RELEVANT_REPORT_FOUND,0.4194,0.4194,0.4667
AXNVHPCVMSNXNP,AXNVHPCVMSNXNP-ZELRDNAQSA-N,Saponins,3,cox2,NO_RELEVANT_REPORT_FOUND,NO_RELEVANT_REPORT_FOUND,NO_RELEVANT_REPORT_FOUND,0.4194,0.4194,0.3733
AXPZDYVDTMMLNB,AXPZDYVDTMMLNB-UHFFFAOYSA-N,Ethyl benzyl ether,1,cox1,NO_RELEVANT_REPORT_FOUND,NO_RELEVANT_REPORT_FOUND,NO_RELEVANT_REPORT_FOUND,0.4138,0.4138,0.6217
AYMYWHCQALZEGT,AYMYWHCQALZEGT-ORCRQEGFSA-N,Butein,2,cox2,LEVEL_B_RELATED_ENDPOINT,LEVEL_B_RELATED_ENDPOINT,LEVEL_B_RELATED_ENDPOINT,0.4444,0.4444,0.3933
BBFYUPYFXSSMNV,BBFYUPYFXSSMNV-UHFFFAOYSA-N,Quercetin-7-O-glucoside,2,maoa,NO_RELEVANT_REPORT_FOUND,NO_RELEVANT_REPORT_FOUND,NO_RELEVANT_REPORT_FOUND,0.4754,0.4754,0.5967
BDCDNTVZSILEOY,BDCDNTVZSILEOY-UXYNSRGZSA-N,Avicularin,1,maoa,NO_RELEVANT_REPORT_FOUND,NO_RELEVANT_REPORT_FOUND,NO_RELEVANT_REPORT_FOUND,0.4062,0.4062,0.4367
BDQAVVLZKLFTIK,BDQAVVLZKLFTIK-KCYUVNIVSA-N,Rhamnetin-3-O-neohesperidoside,1,maoa,NO_RELEVANT_REPORT_FOUND,NO_RELEVANT_REPORT_FOUND,NO_RELEVANT_REPORT_FOUND,0.4225,0.4225,0.5344
BEALEKDGCXYWLB,BEALEKDGCXYWLB-HWKANZROSA-N,isoartocarpesin,2,cox1,NO_RELEVANT_REPORT_FOUND,NO_RELEVANT_REPORT_FOUND,NO_RELEVANT_REPORT_FOUND,0.4062,0.4062,0.4033
BJIOGJUNALELMI,BJIOGJUNALELMI-ONEGZZNKSA-N,Isoeugenol,8,cox1,NO_RELEVANT_REPORT_FOUND,NO_RELEVANT_REPORT_FOUND,NO_RELEVANT_REPORT_FOUND,0.5294,0.5294,0.4417
BMJHAAZDURGGSC,BMJHAAZDURGGSC-TZIWHRDSSA-N,(-) - Epigallocatechin 3-(4-methyl-gallate),1,xo,NO_RELEVANT_REPORT_FOUND,NO_RELEVANT_REPORT_FOUND,NO_RELEVANT_REPORT_FOUND,0.4667,0.4667,0.4167
BVJSUAQZOZWCKN,BVJSUAQZOZWCKN-UHFFFAOYSA-N,4-Hydroxybenzenemethanol,2,cox1,NO_RELEVANT_REPORT_FOUND,NO_RELEVANT_REPORT_FOUND,NO_RELEVANT_REPORT_FOUND,0.4231,0.4231,0.42
BWXDHBQGBNPJMN,BWXDHBQGBNPJMN-VBHWJLTNSA-N,lupeol palmitate,1,cox2,NO_RELEVANT_REPORT_FOUND,NO_RELEVANT_REPORT_FOUND,NO_RELEVANT_REPORT_FOUND,0.4643,0.4643,0.3836
BXNJHAXVSOCGBA,BXNJHAXVSOCGBA-UHFFFAOYSA-N,Harmine,1,maoa,LEVEL_A_EXACT_TARGET,LEVEL_A_EXACT_TARGET,LEVEL_A_EXACT_TARGET,0.7317,0.7317,0.9567
CEBLAUSMJSQGHL,CEBLAUSMJSQGHL-UHFFFAOYSA-N,"1H indole, 5 methyl-2, 3 diphenyl",1,cox2,NO_RELEVANT_REPORT_FOUND,NO_RELEVANT_REPORT_FOUND,NO_RELEVANT_REPORT_FOUND,0.7436,0.7436,0.515
CFFZDZCDUFSOFZ,CFFZDZCDUFSOFZ-UHFFFAOYSA-M,"(3,4-Dihydroxyphenyl)acetate",2,cox1,NO_RELEVANT_REPORT_FOUND,NO_RELEVANT_REPORT_FOUND,NO_RELEVANT_REPORT_FOUND,0.4828,0.4828,0.505
CFYMYCCYMJIYAB,CFYMYCCYMJIYAB-UHFFFAOYSA-N,Laricitrin,1,maoa,NO_RELEVANT_REPORT_FOUND,NO_RELEVANT_REPORT_FOUND,NO_RELEVANT_REPORT_FOUND,0.6889,0.6889,0.4733
CHCYJKZBXNSGCG,CHCYJKZBXNSGCG-UHFFFAOYSA-N,Citpressine-II,1,maoa,NO_RELEVANT_REPORT_FOUND,NO_RELEVANT_REPORT_FOUND,NO_RELEVANT_REPORT_FOUND,0.5,0.5,0.428
CHERCCPWQNZOOH,BBNQQADTFFCFGB-UHFFFAOYSA-N,Purpurin,1,maoa,NO_RELEVANT_REPORT_FOUND,NO_RELEVANT_REPORT_FOUND,NO_RELEVANT_REPORT_FOUND,0.5,0.5,0.4292
CJCSPKMFHVPWAR,CJCSPKMFHVPWAR-JTQLQIEISA-N,Methyldopa,1,cox1,NO_RELEVANT_REPORT_FOUND,NO_RELEVANT_REPORT_FOUND,NO_RELEVANT_REPORT_FOUND,0.425,0.425,0.4417
CMOZGCJOTGLPKO,CMOZGCJOTGLPKO-UHFFFAOYSA-N,Broussonin C,1,cox1,NO_RELEVANT_REPORT_FOUND,NO_RELEVANT_REPORT_FOUND,NO_RELEVANT_REPORT_FOUND,0.4681,0.4681,0.4483
CPEVXYSYBVNBGN,CPEVXYSYBVNBGN-RMKNXTFCSA-N,Flemiwallichin D,1,cox2,NO_RELEVANT_REPORT_FOUND,NO_RELEVANT_REPORT_FOUND,NO_RELEVANT_REPORT_FOUND,0.4458,0.4458,0.37
CQLRUIIRRZYHHS,CQLRUIIRRZYHHS-LFXZADKFSA-N,Isorhamnetin-3-O-glucoside,3,maoa,NO_RELEVANT_REPORT_FOUND,NO_RELEVANT_REPORT_FOUND,NO_RELEVANT_REPORT_FOUND,0.4328,0.4328,0.4483
CQUSHZSCDGSFBF,CQUSHZSCDGSFBF-NBHXUDFYSA-N,Mi-saponin A,1,cox2,NO_RELEVANT_REPORT_FOUND,NO_RELEVANT_REPORT_FOUND,NO_RELEVANT_REPORT_FOUND,0.5357,0.5357,0.36
CRBJBYGJVIBWIY,CRBJBYGJVIBWIY-UHFFFAOYSA-N,o-Cumenol,1,cox1,NO_RELEVANT_REPORT_FOUND,NO_RELEVANT_REPORT_FOUND,NO_RELEVANT_REPORT_FOUND,0.5909,0.5909,0.6867
CRZQGDNQQAALAY,CRZQGDNQQAALAY-UHFFFAOYSA-N,Methyl phenylacetate,4,cox1,NO_RELEVANT_REPORT_FOUND,NO_RELEVANT_REPORT_FOUND,NO_RELEVANT_REPORT_FOUND,0.4333,0.4333,0.7033
CUFNKYGDVFVPHO,CUFNKYGDVFVPHO-UHFFFAOYSA-N,Azulene,8,cox1,NO_RELEVANT_REPORT_FOUND,NO_RELEVANT_REPORT_FOUND,NO_RELEVANT_REPORT_FOUND,0.4091,0.4091,0.79
CZCIKBSVHDNIDH,CZCIKBSVHDNIDH-NSHDSACASA-N,Abrine,1,cox1,NO_RELEVANT_REPORT_FOUND,NO_RELEVANT_REPORT_FOUND,NO_RELEVANT_REPORT_FOUND,0.4259,0.4259,0.5667
DANYIYRPLHHOCZ,DANYIYRPLHHOCZ-UHFFFAOYSA-N,acacetin,5,maoa,LEVEL_A_EXACT_TARGET,LEVEL_A_EXACT_TARGET,LEVEL_A_EXACT_TARGET,0.6304,0.6304,0.4133
DAUAQNGYDSHRET,DAUAQNGYDSHRET-UHFFFAOYSA-N,veratric acid,1,cox1,NO_RELEVANT_REPORT_FOUND,NO_RELEVANT_REPORT_FOUND,NO_RELEVANT_REPORT_FOUND,0.4722,0.4722,0.5183
DDGJUTBQQURRGE,DDGJUTBQQURRGE-UHFFFAOYSA-N,"4',5,7,8-Tetramethoxyflavone",2,cox2,NO_RELEVANT_REPORT_FOUND,NO_RELEVANT_REPORT_FOUND,NO_RELEVANT_REPORT_FOUND,0.5102,0.5102,0.45
DDIZAANNODHTRB,DDIZAANNODHTRB-UHFFFAOYSA-N,Methyl anisate,2,cox1|maoa,NO_RELEVANT_REPORT_FOUND,NO_RELEVANT_REPORT_FOUND,NO_RELEVANT_REPORT_FOUND,0.4222,0.4444,0.4792
DFPAKSUCGFBDDF,DFPAKSUCGFBDDF-UHFFFAOYSA-N,Nicotinamide,2,cox1,NO_RELEVANT_REPORT_FOUND,NO_RELEVANT_REPORT_FOUND,NO_RELEVANT_REPORT_FOUND,0.425,0.425,0.46
DFYRUELUNQRZTB,DFYRUELUNQRZTB-UHFFFAOYSA-N,Apocynin,1,cox1,NO_RELEVANT_REPORT_FOUND,NO_RELEVANT_REPORT_FOUND,NO_RELEVANT_REPORT_FOUND,0.4103,0.4103,0.4267
DKZBBWMURDFHNE,DKZBBWMURDFHNE-NSCUHMNNSA-N,Coniferaldehyde,1,cox1,NO_RELEVANT_REPORT_FOUND,NO_RELEVANT_REPORT_FOUND,NO_RELEVANT_REPORT_FOUND,0.4865,0.4865,0.3967
DMBHHRLKUKUOEG,DMBHHRLKUKUOEG-UHFFFAOYSA-N,Diphenylamine,4,cox1|cox2,NO_RELEVANT_REPORT_FOUND,NO_RELEVANT_REPORT_FOUND,NO_RELEVANT_REPORT_FOUND,0.9231,0.9231,0.70085
DMULVCHRPCFFGV,DMULVCHRPCFFGV-UHFFFAOYSA-N,"N,N-Dimethyltryptamine",1,cox1,NO_RELEVANT_REPORT_FOUND,NO_RELEVANT_REPORT_FOUND,NO_RELEVANT_REPORT_FOUND,0.42,0.42,0.465
DOFKPAVSYGZVQD,DOFKPAVSYGZVQD-UHFFFAOYSA-N,Honyucitrin,1,xo,NO_RELEVANT_REPORT_FOUND,NO_RELEVANT_REPORT_FOUND,NO_RELEVANT_REPORT_FOUND,0.4737,0.4737,0.4483
DOZRDZLFLOODMB,DOZRDZLFLOODMB-UHFFFAOYSA-N,"3,5-di-tert-butyl-4-hydroxybenzaldehyde",1,cox1,NO_RELEVANT_REPORT_FOUND,NO_RELEVANT_REPORT_FOUND,NO_RELEVANT_REPORT_FOUND,0.4737,0.4737,0.5183
DPBVYZVSXAZMAY,DPBVYZVSXAZMAY-UUUCSUBKSA-N,Punicafolin,1,cox2,NO_RELEVANT_REPORT_FOUND,NO_RELEVANT_REPORT_FOUND,NO_RELEVANT_REPORT_FOUND,0.4884,0.4884,0.5033
DQFBYFPFKXHELB,DQFBYFPFKXHELB-VAWYXSNFSA-N,trans-chalcone,2,cox2,CONTRADICTED,CONTRADICTED,CONTRADICTED,0.4,0.4,0.5133
DQKOLPCSICJNQJ,DQKOLPCSICJNQJ-UHFFFAOYSA-N,"Benzoic acid, 4-(acetylamino)-2-nitro",1,maoa,NO_RELEVANT_REPORT_FOUND,NO_RELEVANT_REPORT_FOUND,NO_RELEVANT_REPORT_FOUND,0.4583,0.4583,0.4933
DUBCCGAQYVUYEU,DUBCCGAQYVUYEU-UHFFFAOYSA-N,Quercetin-3-glucuronide,3,maoa,NO_RELEVANT_REPORT_FOUND,NO_RELEVANT_REPORT_FOUND,NO_RELEVANT_REPORT_FOUND,0.4000000000000001,0.4,0.4392
DULCUDSUACXJJC,DULCUDSUACXJJC-UHFFFAOYSA-N,Ethyl phenylacetate,3,cox1,NO_RELEVANT_REPORT_FOUND,NO_RELEVANT_REPORT_FOUND,NO_RELEVANT_REPORT_FOUND,0.40619999999999995,0.4062,0.6567
DVBQHEGQMJLCBQ,DVBQHEGQMJLCBQ-VFBNLJSFSA-N,Ellagitannin,2,cox2,NO_RELEVANT_REPORT_FOUND,NO_RELEVANT_REPORT_FOUND,NO_RELEVANT_REPORT_FOUND,0.5,0.5,0.5858
DWPLEOPKBWNPQV,DWPLEOPKBWNPQV-UHFFFAOYSA-N,2'-Methoxyacetophenone,1,cox1,NO_RELEVANT_REPORT_FOUND,NO_RELEVANT_REPORT_FOUND,NO_RELEVANT_REPORT_FOUND,0.4286,0.4286,0.5017
DWZYELZGJMFEMJ,DWZYELZGJMFEMJ-UHFFFAOYSA-N,"Propanoic acid,2-methyl-3-[4-t- butyl]phenyl-",1,cox1,NO_RELEVANT_REPORT_FOUND,NO_RELEVANT_REPORT_FOUND,NO_RELEVANT_REPORT_FOUND,0.4,0.4,0.61
DXDRHHKMWQZJHT,DXDRHHKMWQZJHT-FPYGCLRLSA-N,Isoliquiritigenin,6,cox2|xo,LEVEL_A_EXACT_TARGET,MIXED,LEVEL_A_EXACT_TARGET|LEVEL_B_RELATED_ENDPOINT,0.5128,0.5833,0.40585000000000004
DZAUWHJDUNRCTF,DZAUWHJDUNRCTF-UHFFFAOYSA-N,Hydrocaffeic acid,3,cox1,NO_RELEVANT_REPORT_FOUND,NO_RELEVANT_REPORT_FOUND,NO_RELEVANT_REPORT_FOUND,0.5294,0.5294,0.4917
FACXQEOSOVJIPD,FACXQEOSOVJIPD-UHFFFAOYSA-N,Angustine,1,cox2,NO_RELEVANT_REPORT_FOUND,NO_RELEVANT_REPORT_FOUND,NO_RELEVANT_REPORT_FOUND,0.5273,0.5273,0.6967
FDGQSTZJBFJUBT,FDGQSTZJBFJUBT-UHFFFAOYSA-N,Hypoxanthine,3,cox1,NO_RELEVANT_REPORT_FOUND,NO_RELEVANT_REPORT_FOUND,NO_RELEVANT_REPORT_FOUND,0.5385,0.5385,0.515
FEBLWGGRRRMRIK,BQJLRFQOJZNELD-FNFXDCFUSA-N,Arjunin,1,cox2,NO_RELEVANT_REPORT_FOUND,NO_RELEVANT_REPORT_FOUND,NO_RELEVANT_REPORT_FOUND,0.41,0.41,0.4126
FGOHVEYPHSAVIG,FGOHVEYPHSAVIG-UHFFFAOYSA-N,Kaempferide 3-glucuronide,1,maoa,NO_RELEVANT_REPORT_FOUND,NO_RELEVANT_REPORT_FOUND,NO_RELEVANT_REPORT_FOUND,0.5667,0.5667,0.6183
FJKROLUGYXJWQN,FJKROLUGYXJWQN-UHFFFAOYSA-N,4-Hydroxybenzoic acid,17,xo,NO_RELEVANT_REPORT_FOUND,NO_RELEVANT_REPORT_FOUND,NO_RELEVANT_REPORT_FOUND,0.5926,0.5926,0.5233
FNTJVYCFNVUBOL,FNTJVYCFNVUBOL-MBIBTLSJSA-N,Kaempferol-3-Glucuronide,5,maoa,NO_RELEVANT_REPORT_FOUND,NO_RELEVANT_REPORT_FOUND,NO_RELEVANT_REPORT_FOUND,0.43550000000000005,0.4355,0.44420000000000004
FOTVZLOJAIEAOY,FOTVZLOJAIEAOY-UHFFFAOYSA-N,3-Benzyloxyphenol,1,cox1,NO_RELEVANT_REPORT_FOUND,NO_RELEVANT_REPORT_FOUND,NO_RELEVANT_REPORT_FOUND,0.6207,0.6207,0.4517
FTODBIPDTXRIGS,FTODBIPDTXRIGS-ZDUSSCGKSA-N,Homoeriodictyol,2,xo,NO_RELEVANT_REPORT_FOUND,NO_RELEVANT_REPORT_FOUND,NO_RELEVANT_REPORT_FOUND,0.6111,0.6111,0.4
FTVWIRXFELQLPI,FTVWIRXFELQLPI-ZDUSSCGKSA-N,Naringenin,17,xo,LEVEL_B_RELATED_ENDPOINT,LEVEL_B_RELATED_ENDPOINT,LEVEL_B_RELATED_ENDPOINT,0.7556,0.7556,0.4017
FURHXLBXCVQCNL,FURHXLBXCVQCNL-UHFFFAOYSA-N,"2-imidazo[1,2-a]pyridin-2-ylphenol",2,cox1|cox2,NO_RELEVANT_REPORT_FOUND,NO_RELEVANT_REPORT_FOUND,NO_RELEVANT_REPORT_FOUND,0.4865,0.4865,0.625
FYIJLTSMNXUNLT,FYIJLTSMNXUNLT-CXQFPWCTSA-N,Strictinin,3,cox2,NO_RELEVANT_REPORT_FOUND,NO_RELEVANT_REPORT_FOUND,NO_RELEVANT_REPORT_FOUND,0.5238,0.5238,0.49
FZERHIULMFGESH,FZERHIULMFGESH-UHFFFAOYSA-N,N-Acetylarylamine,1,maoa,NO_RELEVANT_REPORT_FOUND,NO_RELEVANT_REPORT_FOUND,NO_RELEVANT_REPORT_FOUND,0.5185,0.5185,0.485
GFFGJBXGBJISGV,GFFGJBXGBJISGV-UHFFFAOYSA-N,Adenine,3,cox1,NO_RELEVANT_REPORT_FOUND,NO_RELEVANT_REPORT_FOUND,NO_RELEVANT_REPORT_FOUND,0.4643,0.4643,0.5467
GLDQAMYCGOIJDV,GLDQAMYCGOIJDV-UHFFFAOYSA-N,"2,3-dihydroxybenzoic acid",2,xo,NO_RELEVANT_REPORT_FOUND,NO_RELEVANT_REPORT_FOUND,NO_RELEVANT_REPORT_FOUND,0.4054,0.4054,0.5417
GNRIZKKCNOBBMO,GNRIZKKCNOBBMO-UHFFFAOYSA-N,Mangostin,1,cox1,NO_RELEVANT_REPORT_FOUND,NO_RELEVANT_REPORT_FOUND,NO_RELEVANT_REPORT_FOUND,0.6296,0.6296,0.4683
GOMNOOKGLZYEJT,GOMNOOKGLZYEJT-UHFFFAOYSA-N,Isoflavone,2,cox1,NO_RELEVANT_REPORT_FOUND,NO_RELEVANT_REPORT_FOUND,NO_RELEVANT_REPORT_FOUND,0.561,0.561,0.39
GQGQTPKMCGBOKG,GQGQTPKMCGBOKG-UHFFFAOYSA-N,Glycozoline,1,cox1,NO_RELEVANT_REPORT_FOUND,NO_RELEVANT_REPORT_FOUND,NO_RELEVANT_REPORT_FOUND,0.4231,0.4231,0.5067
GQGTXJRZSBTHOB,GQGTXJRZSBTHOB-UHFFFAOYSA-N,"Benzene, 1,1'- oxybis[4-phenoxy-",1,cox1,NO_RELEVANT_REPORT_FOUND,NO_RELEVANT_REPORT_FOUND,NO_RELEVANT_REPORT_FOUND,0.4,0.4,0.6433
GTEXBOVBADJOQH,GTEXBOVBADJOQH-FWEMWIAWSA-N,Methysticin,1,maoa,NO_RELEVANT_REPORT_FOUND,NO_RELEVANT_REPORT_FOUND,NO_RELEVANT_REPORT_FOUND,0.6458,0.6458,0.655
GVQOVMKBYJKZSY,GVQOVMKBYJKZSY-UHFFFAOYSA-N,8-Desoxygartanin,1,cox1,NO_RELEVANT_REPORT_FOUND,NO_RELEVANT_REPORT_FOUND,NO_RELEVANT_REPORT_FOUND,0.4032,0.4032,0.4883
GZVIQGVWSNEONZ,GZVIQGVWSNEONZ-UHFFFAOYSA-N,"1,7-Bis(4-hydroxyphenyl)-3,5- heptanediol",1,cox1,NO_RELEVANT_REPORT_FOUND,NO_RELEVANT_REPORT_FOUND,NO_RELEVANT_REPORT_FOUND,0.4194,0.4194,0.405
HAIRUBAWLBUWML,HAIRUBAWLBUWML-HWKANZROSA-N,Tephrone,2,cox2|maoa,NO_RELEVANT_REPORT_FOUND,NO_RELEVANT_REPORT_FOUND,NO_RELEVANT_REPORT_FOUND,0.49985,0.5962,0.41835
HAMNKKUPIHEESI,HAMNKKUPIHEESI-UHFFFAOYSA-N,aminoguanidine,1,cox2,LEVEL_B_RELATED_ENDPOINT,LEVEL_B_RELATED_ENDPOINT,LEVEL_B_RELATED_ENDPOINT,0.4286,0.4286,0.37
HCPORNAVHSWTOJ,HCPORNAVHSWTOJ-UHFFFAOYSA-N,Furyl ethyl ketone,2,cox1,NO_RELEVANT_REPORT_FOUND,NO_RELEVANT_REPORT_FOUND,NO_RELEVANT_REPORT_FOUND,0.4211,0.4211,0.4617
HDEZJHSZOHUVHB,HDEZJHSZOHUVHB-UHFFFAOYSA-N,"Phenanthrene, 4-methoxy-",1,cox1,NO_RELEVANT_REPORT_FOUND,NO_RELEVANT_REPORT_FOUND,NO_RELEVANT_REPORT_FOUND,0.4,0.4,0.5
HDIDUVBFYOAUHI,HDIDUVBFYOAUHI-UHFFFAOYSA-N,2-Phenyl-4-anilino-6[1H]-pyrimidinone,1,cox2,NO_RELEVANT_REPORT_FOUND,NO_RELEVANT_REPORT_FOUND,NO_RELEVANT_REPORT_FOUND,0.48,0.48,0.52
HDJLSECJEQSPKW,HDJLSECJEQSPKW-UHFFFAOYSA-N,Methyl 2-furoate,6,cox1,NO_RELEVANT_REPORT_FOUND,NO_RELEVANT_REPORT_FOUND,NO_RELEVANT_REPORT_FOUND,0.41029999999999994,0.4103,0.47500000000000003
HFLGBNBLMBSXEM,HFLGBNBLMBSXEM-UHFFFAOYSA-N,4-Ethylcatechol,1,cox1,NO_RELEVANT_REPORT_FOUND,NO_RELEVANT_REPORT_FOUND,NO_RELEVANT_REPORT_FOUND,0.4688,0.4688,0.4
HGJXAVROWQLCTP,HGJXAVROWQLCTP-UHFFFAOYSA-N,chebulagic acid,2,cox2,LEVEL_A_EXACT_TARGET,LEVEL_A_EXACT_TARGET,LEVEL_A_EXACT_TARGET,0.9114,0.9114,0.7267
HJBWJAPEBGSQPR,HJBWJAPEBGSQPR-GQCTYLIASA-N,"3,4-Dimethoxycinnamic acid",2,cox1,NO_RELEVANT_REPORT_FOUND,NO_RELEVANT_REPORT_FOUND,NO_RELEVANT_REPORT_FOUND,0.5882,0.5882,0.4683
HKQYGTCOTHHOMP,HKQYGTCOTHHOMP-UHFFFAOYSA-N,Formononetin,2,maoa,CONTRADICTED,CONTRADICTED,CONTRADICTED,0.5294,0.5294,0.4233
HMUJXQRRKBLVOO,HMUJXQRRKBLVOO-AWEZNQCLSA-N,Isosakuranetin,1,xo,NO_RELEVANT_REPORT_FOUND,NO_RELEVANT_REPORT_FOUND,NO_RELEVANT_REPORT_FOUND,0.6038,0.6038,0.4133
HNZUNIKWNYHEJJ,HNZUNIKWNYHEJJ-FMIVXFBMSA-N,(E)-geranylacetone,26,cox1,NO_RELEVANT_REPORT_FOUND,NO_RELEVANT_REPORT_FOUND,NO_RELEVANT_REPORT_FOUND,0.42500000000000004,0.425,0.4583
HPPLZROUJULWGU,HPPLZROUJULWGU-UHFFFAOYSA-N,n-Eicosylbenzene,1,cox1,NO_RELEVANT_REPORT_FOUND,NO_RELEVANT_REPORT_FOUND,NO_RELEVANT_REPORT_FOUND,0.6154,0.6154,0.46
HTNVFUBCWIYPJN,HTNVFUBCWIYPJN-UHFFFAOYSA-N,mahanimbine,1,cox1,NO_RELEVANT_REPORT_FOUND,NO_RELEVANT_REPORT_FOUND,NO_RELEVANT_REPORT_FOUND,0.5085,0.5085,0.39
HUDBDWIQSIGUDI,HUDBDWIQSIGUDI-UHFFFAOYSA-N,Ethyl 3-indoleacetate,1,cox1,NO_RELEVANT_REPORT_FOUND,NO_RELEVANT_REPORT_FOUND,NO_RELEVANT_REPORT_FOUND,0.434,0.434,0.4833
HUOOMAOYXQFIDQ,HUOOMAOYXQFIDQ-UHFFFAOYSA-N,isoginkgetin,1,xo,NO_RELEVANT_REPORT_FOUND,NO_RELEVANT_REPORT_FOUND,NO_RELEVANT_REPORT_FOUND,0.5079,0.5079,0.4
IAUDUEQNUVKNBT,IAUDUEQNUVKNBT-SOFGYWHQSA-N,Cerasidin,2,cox2|maoa,NO_RELEVANT_REPORT_FOUND,NO_RELEVANT_REPORT_FOUND,NO_RELEVANT_REPORT_FOUND,0.5925,0.7619,0.49335
IEMMBWWQXVXBEU,IEMMBWWQXVXBEU-UHFFFAOYSA-N,2-Acetylfuran,12,cox1,NO_RELEVANT_REPORT_FOUND,NO_RELEVANT_REPORT_FOUND,NO_RELEVANT_REPORT_FOUND,0.48569999999999985,0.4857,0.45329999999999987
IHMQOBPGHZFGLC,IHMQOBPGHZFGLC-UHFFFAOYSA-N,"5,6-dimethoxy-1-indanone",1,cox2,NO_RELEVANT_REPORT_FOUND,NO_RELEVANT_REPORT_FOUND,NO_RELEVANT_REPORT_FOUND,0.4222,0.4222,0.6633
INVGWHRKADIJHF,INVGWHRKADIJHF-UHFFFAOYSA-N,Sanguinarine,1,maoa,NO_RELEVANT_REPORT_FOUND,NO_RELEVANT_REPORT_FOUND,NO_RELEVANT_REPORT_FOUND,0.6458,0.6458,0.5645
INZGRPLRNMWDQV,INZGRPLRNMWDQV-UHFFFAOYSA-N,"2',4'-Dihydroxy-3'-(2,6-dihydroxybenzyl)-6'-methoxychalcone",1,cox1,NO_RELEVANT_REPORT_FOUND,NO_RELEVANT_REPORT_FOUND,NO_RELEVANT_REPORT_FOUND,0.4286,0.4286,0.3933
IQUPABOKLQSFBK,IQUPABOKLQSFBK-UHFFFAOYSA-N,2-Nitrophenol,1,cox1,NO_RELEVANT_REPORT_FOUND,NO_RELEVANT_REPORT_FOUND,NO_RELEVANT_REPORT_FOUND,0.4286,0.4286,0.615
ISWSIDIOOBJBQZ,ISWSIDIOOBJBQZ-UHFFFAOYSA-N,Phenol,15,cox1,NO_RELEVANT_REPORT_FOUND,NO_RELEVANT_REPORT_FOUND,NO_RELEVANT_REPORT_FOUND,0.4348,0.4348,0.6750000000000002
IWIANZLCJVYEFX,IWIANZLCJVYEFX-UHFFFAOYSA-N,3-phenyl-2-(pyrrolidine-2-carbonylamino)propanoic Acid,1,cox2,NO_RELEVANT_REPORT_FOUND,NO_RELEVANT_REPORT_FOUND,NO_RELEVANT_REPORT_FOUND,0.4828,0.4828,0.43
IYMHVUYNBVWXKH,IYMHVUYNBVWXKH-ZITZVVOASA-N,Pedunculagin,2,cox1|cox2,NO_RELEVANT_REPORT_FOUND,NO_RELEVANT_REPORT_FOUND,NO_RELEVANT_REPORT_FOUND,0.4268,0.4268,0.41455
IYRMWMYZSQPJKC,IYRMWMYZSQPJKC-UHFFFAOYSA-N,Kaempferol,44,maoa,NO_RELEVANT_REPORT_FOUND,NO_RELEVANT_REPORT_FOUND,NO_RELEVANT_REPORT_FOUND,0.75,0.75,0.5333000000000001
IZQSVPBOUDKVDZ,IZQSVPBOUDKVDZ-UHFFFAOYSA-N,Isorhamnetin,7,maoa,NO_RELEVANT_REPORT_FOUND,NO_RELEVANT_REPORT_FOUND,NO_RELEVANT_REPORT_FOUND,0.7333,0.7333,0.5282999999999999
JAZVSCKRKREELH,JAZVSCKRKREELH-VQHVLOKHSA-N,Purpuritenin A,1,maoa,NO_RELEVANT_REPORT_FOUND,NO_RELEVANT_REPORT_FOUND,NO_RELEVANT_REPORT_FOUND,0.4694,0.4694,0.4297
JCGHAEBIBSEQAD,JCGHAEBIBSEQAD-UUUCSUBKSA-N,Eugeniin,1,cox2,NO_RELEVANT_REPORT_FOUND,NO_RELEVANT_REPORT_FOUND,NO_RELEVANT_REPORT_FOUND,0.5059,0.5059,0.4867
JFGVTUJBHHZRAB,VMIBWUBKVGANRX-UHFFFAOYSA-N,"2,4-Cyclohexadien-1-one, 3,5-bis(1,1-dimethylethyl)-4-hydroxy",1,cox1,NO_RELEVANT_REPORT_FOUND,NO_RELEVANT_REPORT_FOUND,NO_RELEVANT_REPORT_FOUND,0.4516,0.4516,0.5567
JGUZGNYPMHHYRK,JGUZGNYPMHHYRK-UHFFFAOYSA-N,Rhamnetin,5,maoa,NO_RELEVANT_REPORT_FOUND,NO_RELEVANT_REPORT_FOUND,NO_RELEVANT_REPORT_FOUND,0.8095000000000001,0.8095,0.8699999999999999
JMFWYRWPJVEZPV,JMFWYRWPJVEZPV-SFBSONLZSA-N,Syringetin-3-O-galactoside,2,maoa,NO_RELEVANT_REPORT_FOUND,NO_RELEVANT_REPORT_FOUND,NO_RELEVANT_REPORT_FOUND,0.4308,0.4308,0.45
JPFCOVZKLAXXOE,JPFCOVZKLAXXOE-XBNSMERZSA-N,Proanthocyanidin,4,xo,NO_RELEVANT_REPORT_FOUND,NO_RELEVANT_REPORT_FOUND,NO_RELEVANT_REPORT_FOUND,0.4179,0.4179,0.4783
JPMYFOBNRRGFNO,JPMYFOBNRRGFNO-UHFFFAOYSA-N,Genkwanin,1,maoa,NO_RELEVANT_REPORT_FOUND,NO_RELEVANT_REPORT_FOUND,NO_RELEVANT_REPORT_FOUND,0.6364,0.6364,0.435
JPUKWEQWGBDDQB,JPUKWEQWGBDDQB-QSOFNFLRSA-N,Kaempferol 3-O-glucoside,25,maoa,NO_RELEVANT_REPORT_FOUND,NO_RELEVANT_REPORT_FOUND,NO_RELEVANT_REPORT_FOUND,0.4355,0.4355,0.45669999999999994
JTEDVYBZBROSJT,JTEDVYBZBROSJT-UHFFFAOYSA-N,Indole-3-butyric acid,1,cox1,NO_RELEVANT_REPORT_FOUND,NO_RELEVANT_REPORT_FOUND,NO_RELEVANT_REPORT_FOUND,0.4898,0.4898,0.4583
JVFKEAXMXKZYRX,FHFHNVHRVKQQHN-UHFFFAOYSA-N,Islandicin,1,maoa,NO_RELEVANT_REPORT_FOUND,NO_RELEVANT_REPORT_FOUND,NO_RELEVANT_REPORT_FOUND,0.4146,0.4146,0.4633
JXZJRYDTSDCGLO,JXZJRYDTSDCGLO-UHFFFAOYSA-N,"1-(2-Furyl)propane-1,2-dione",1,cox1,NO_RELEVANT_REPORT_FOUND,NO_RELEVANT_REPORT_FOUND,NO_RELEVANT_REPORT_FOUND,0.4595,0.4595,0.455
JYXSWDCPHRTYGU,JYXSWDCPHRTYGU-QXWQMAJMSA-N,Kaempferol 3-alpha-d-glucoside-7-rhamnoside,2,maoa,NO_RELEVANT_REPORT_FOUND,NO_RELEVANT_REPORT_FOUND,NO_RELEVANT_REPORT_FOUND,0.4394,0.4394,0.4828
KCDXJAYRVLXPFO,KCDXJAYRVLXPFO-UHFFFAOYSA-N,syringaldehyde,2,cox1,NO_RELEVANT_REPORT_FOUND,NO_RELEVANT_REPORT_FOUND,NO_RELEVANT_REPORT_FOUND,0.4474,0.4474,0.4367
KDXFPEKLLFWHMN,KDXFPEKLLFWHMN-UHFFFAOYSA-N,"1,7-Dihydroxyxanthone",1,maoa,NO_RELEVANT_REPORT_FOUND,NO_RELEVANT_REPORT_FOUND,NO_RELEVANT_REPORT_FOUND,0.697,0.697,0.505
KJGPBYUQZLUKLL,KJGPBYUQZLUKLL-UHFFFAOYSA-N,Afrormosin,1,cox1,NO_RELEVANT_REPORT_FOUND,NO_RELEVANT_REPORT_FOUND,NO_RELEVANT_REPORT_FOUND,0.4528,0.4528,0.4233
KKEYFWRCBNTPAC,KKEYFWRCBNTPAC-UHFFFAOYSA-N,"1,4-benzenedicarboxylic acid",1,xo,NO_RELEVANT_REPORT_FOUND,NO_RELEVANT_REPORT_FOUND,NO_RELEVANT_REPORT_FOUND,0.4444,0.4444,0.52
KKVZAVRSVHUSPL,KKVZAVRSVHUSPL-GQCTYLIASA-N,2-Methoxycinnamaldehyde,4,cox1|cox2,NO_RELEVANT_REPORT_FOUND,NO_RELEVANT_REPORT_FOUND,NO_RELEVANT_REPORT_FOUND,0.44360000000000005,0.4872,0.3892
KLIDCXVFHGNTTM,KLIDCXVFHGNTTM-UHFFFAOYSA-N,"Phenol, 2,6-dimethoxy-",4,cox1,NO_RELEVANT_REPORT_FOUND,NO_RELEVANT_REPORT_FOUND,NO_RELEVANT_REPORT_FOUND,0.4583,0.4583,0.4933
KMAKOBLIOCQGJP,KMAKOBLIOCQGJP-UHFFFAOYSA-N,3-Indolecarboxylic acid,1,cox1,NO_RELEVANT_REPORT_FOUND,NO_RELEVANT_REPORT_FOUND,NO_RELEVANT_REPORT_FOUND,0.413,0.413,0.435
KORNSMZEUZIMKC,KORNSMZEUZIMKC-UHFFFAOYSA-N,"2,4-dimethoxyallylbenzene",1,cox1,NO_RELEVANT_REPORT_FOUND,NO_RELEVANT_REPORT_FOUND,NO_RELEVANT_REPORT_FOUND,0.4054,0.4054,0.4933
KPKDFSLIRPVPJF,KPKDFSLIRPVPJF-YDOQJWOYSA-N,Myricetin-3-O-rhamnoside,1,maoa,NO_RELEVANT_REPORT_FOUND,NO_RELEVANT_REPORT_FOUND,NO_RELEVANT_REPORT_FOUND,0.4915,0.4915,0.4367
KQFUXLQBMQGNRT,KQFUXLQBMQGNRT-UHFFFAOYSA-N,Pachypodol,1,maoa,NO_RELEVANT_REPORT_FOUND,NO_RELEVANT_REPORT_FOUND,NO_RELEVANT_REPORT_FOUND,0.6122,0.6122,0.4867
KQMVAGISDHMXJJ,KQMVAGISDHMXJJ-UHFFFAOYSA-N,prunetin,1,maoa,NO_RELEVANT_REPORT_FOUND,NO_RELEVANT_REPORT_FOUND,NO_RELEVANT_REPORT_FOUND,0.6087,0.6087,0.585
KQXDGUVSAAQARU,KQXDGUVSAAQARU,Linoleoylethanolamide,1,cox2,NO_RELEVANT_REPORT_FOUND,NO_RELEVANT_REPORT_FOUND,NO_RELEVANT_REPORT_FOUND,0.4737,0.4737,0.4043
KRGDFVQWQJIMEK,KRGDFVQWQJIMEK-RMKNXTFCSA-N,artocarpin,3,cox1,LEVEL_B_RELATED_ENDPOINT,LEVEL_B_RELATED_ENDPOINT,LEVEL_B_RELATED_ENDPOINT,0.5455,0.5455,0.5017
KRLIZBLAVMPMSE,KRLIZBLAVMPMSE-UHFFFAOYSA-N,"2,4-dimethoxy-10H-acridin-9-one",1,maoa,NO_RELEVANT_REPORT_FOUND,NO_RELEVANT_REPORT_FOUND,NO_RELEVANT_REPORT_FOUND,0.4468,0.4468,0.49
KWOLFJPFCHCOCG,KWOLFJPFCHCOCG-UHFFFAOYSA-N,Acetophenone,10,cox1,NO_RELEVANT_REPORT_FOUND,NO_RELEVANT_REPORT_FOUND,NO_RELEVANT_REPORT_FOUND,0.41669999999999996,0.4167,0.6716999999999999
KWTSXDURSIMDCE,KWTSXDURSIMDCE-UHFFFAOYSA-N,Amphetamine,1,maoa,CONTRADICTED,CONTRADICTED,CONTRADICTED,0.5556,0.5556,0.5083
KZBAXKKOXPLOBX,KZBAXKKOXPLOBX-UHFFFAOYSA-N,"Kaempferol 7,4-dimethyl ether",1,maoa,NO_RELEVANT_REPORT_FOUND,NO_RELEVANT_REPORT_FOUND,NO_RELEVANT_REPORT_FOUND,0.8974,0.8974,0.9217
LBKFGYZQBSGRHY,LBKFGYZQBSGRHY-UHFFFAOYSA-N,Isovanillic acid,1,cox1,NO_RELEVANT_REPORT_FOUND,NO_RELEVANT_REPORT_FOUND,NO_RELEVANT_REPORT_FOUND,0.4146,0.4146,0.4733
LHGVFZTZFXWLCP,LHGVFZTZFXWLCP-UHFFFAOYSA-N,Guaiacol,15,cox1,NO_RELEVANT_REPORT_FOUND,NO_RELEVANT_REPORT_FOUND,NO_RELEVANT_REPORT_FOUND,0.5,0.5,0.6500000000000001
LHJZSWVADJCBNI,NPBVQXIMTZKSBA-UHFFFAOYSA-N,Chavibetol,3,cox1,NO_RELEVANT_REPORT_FOUND,NO_RELEVANT_REPORT_FOUND,NO_RELEVANT_REPORT_FOUND,0.5294,0.5294,0.43
LKMNXYDUQXAUCZ,LKMNXYDUQXAUCZ-UHFFFAOYSA-N,Sinensetin,3,cox2,NO_RELEVANT_REPORT_FOUND,NO_RELEVANT_REPORT_FOUND,NO_RELEVANT_REPORT_FOUND,0.4681,0.4681,0.4000000000000001
LKUJKDQDJLCGCT,LKUJKDQDJLCGCT-UHFFFAOYSA-N,linderoflavone B,1,cox2,NO_RELEVANT_REPORT_FOUND,NO_RELEVANT_REPORT_FOUND,NO_RELEVANT_REPORT_FOUND,0.4528,0.4528,0.3611
LNARMXLVVGHCRP,LNARMXLVVGHCRP-UHFFFAOYSA-N,6-Fluoro-2-trifluoromethylbenzoic acid,1,cox2,NO_RELEVANT_REPORT_FOUND,NO_RELEVANT_REPORT_FOUND,NO_RELEVANT_REPORT_FOUND,0.4318,0.4318,0.4467
LPYUENQFPVNPHY,LPYUENQFPVNPHY-UHFFFAOYSA-N,"1,2-Benzenediol, 3-methoxy-",1,cox1,NO_RELEVANT_REPORT_FOUND,NO_RELEVANT_REPORT_FOUND,NO_RELEVANT_REPORT_FOUND,0.4231,0.4231,0.5667
LQNUZADURLCDLV,LQNUZADURLCDLV-UHFFFAOYSA-N,"Benzene, nitro",1,cox1,NO_RELEVANT_REPORT_FOUND,NO_RELEVANT_REPORT_FOUND,NO_RELEVANT_REPORT_FOUND,0.4,0.4,0.4683
LRFVTYWOQMYALW,LRFVTYWOQMYALW-UHFFFAOYSA-N,Xanthine,3,cox1,NO_RELEVANT_REPORT_FOUND,NO_RELEVANT_REPORT_FOUND,NO_RELEVANT_REPORT_FOUND,0.4000000000000001,0.4,0.6767
LSBDFXRDZJMBSC,LSBDFXRDZJMBSC-UHFFFAOYSA-N,2-Phenylacetamide,2,cox1,NO_RELEVANT_REPORT_FOUND,NO_RELEVANT_REPORT_FOUND,NO_RELEVANT_REPORT_FOUND,0.4815,0.4815,0.7233
LTUMRKDLVGQMJU,LTUMRKDLVGQMJU-IUBLYSDUSA-N,"(E,E)-farnesylacetone",14,cox1,NO_RELEVANT_REPORT_FOUND,NO_RELEVANT_REPORT_FOUND,NO_RELEVANT_REPORT_FOUND,0.42499999999999993,0.425,0.4583000000000001
LUZDYPLAQQGJEA,LUZDYPLAQQGJEA-UHFFFAOYSA-N,2-Methoxynaphthalene,1,cox1,NO_RELEVANT_REPORT_FOUND,NO_RELEVANT_REPORT_FOUND,NO_RELEVANT_REPORT_FOUND,0.4688,0.4688,0.47
LXCFILQKKLGQFO,LXCFILQKKLGQFO-UHFFFAOYSA-N,Methyl 4-Hydroxybenzoate,4,cox1,NO_RELEVANT_REPORT_FOUND,NO_RELEVANT_REPORT_FOUND,NO_RELEVANT_REPORT_FOUND,0.4103,0.4103,0.4417
LZDOHAQXBZGKIA,LZDOHAQXBZGKIA-IJHRGXPZSA-N,dereticulatin,1,maoa,NO_RELEVANT_REPORT_FOUND,NO_RELEVANT_REPORT_FOUND,NO_RELEVANT_REPORT_FOUND,0.4493,0.4493,0.4417
LZERJKGWTQYMBB,LZERJKGWTQYMBB-UHFFFAOYSA-N,"Apigenin 7,4'-dimethyl ether",1,maoa,LEVEL_B_RELATED_ENDPOINT,LEVEL_B_RELATED_ENDPOINT,LEVEL_B_RELATED_ENDPOINT,0.6042,0.6042,0.4117
LZFOPEXOUVTGJS,LZFOPEXOUVTGJS-ONEGZZNKSA-N,Sinapyl alcohol,1,cox1,NO_RELEVANT_REPORT_FOUND,NO_RELEVANT_REPORT_FOUND,NO_RELEVANT_REPORT_FOUND,0.475,0.475,0.4117
MBPYHNAWMKVREM,MBPYHNAWMKVREM-BDYNXYCRSA-N,Isostrictinin,1,cox2,NO_RELEVANT_REPORT_FOUND,NO_RELEVANT_REPORT_FOUND,NO_RELEVANT_REPORT_FOUND,0.4318,0.4318,0.3967
MCVUKOYZUCWLQQ,MCVUKOYZUCWLQQ-UHFFFAOYSA-N,Tridecylbenzene,1,cox1,NO_RELEVANT_REPORT_FOUND,NO_RELEVANT_REPORT_FOUND,NO_RELEVANT_REPORT_FOUND,0.6154,0.6154,0.46
MDKGKXOCJGEUJW,MDKGKXOCJGEUJW-UHFFFAOYSA-N,Suprofen,1,cox1,LEVEL_A_EXACT_TARGET,LEVEL_A_EXACT_TARGET,LEVEL_A_EXACT_TARGET,0.5714,0.5714,0.86
MGSRCZKZVOBKFT,MGSRCZKZVOBKFT-UHFFFAOYSA-N,Thymol,30,cox1,NO_RELEVANT_REPORT_FOUND,NO_RELEVANT_REPORT_FOUND,NO_RELEVANT_REPORT_FOUND,0.4073999999999998,0.4074,0.43329999999999985
MHALJYZRPGYQSI,MHALJYZRPGYQSI-UHFFFAOYSA-N,Dillenetin,1,maoa,NO_RELEVANT_REPORT_FOUND,NO_RELEVANT_REPORT_FOUND,NO_RELEVANT_REPORT_FOUND,0.7333,0.7333,0.4283
MICNQLKUSOVNNG,MICNQLKUSOVNNG-UHFFFAOYSA-N,9-Carboxymethoxymethylguanine,2,xo,NO_RELEVANT_REPORT_FOUND,NO_RELEVANT_REPORT_FOUND,NO_RELEVANT_REPORT_FOUND,0.48,0.48,0.4467
MMQXBTULXAEKQE,MMQXBTULXAEKQE-UHFFFAOYSA-N,Stachyurin,2,cox2,NO_RELEVANT_REPORT_FOUND,NO_RELEVANT_REPORT_FOUND,NO_RELEVANT_REPORT_FOUND,0.4556,0.4556,0.5667
MQFBSPASOVBTBD,MQFBSPASOVBTBD-UHFFFAOYSA-N,"1H indole, 3 benzyl -2-phenyl",1,cox2,NO_RELEVANT_REPORT_FOUND,NO_RELEVANT_REPORT_FOUND,NO_RELEVANT_REPORT_FOUND,0.4048,0.4048,0.4033
MRIAQLRQZPPODS,MRIAQLRQZPPODS-UHFFFAOYSA-N,Nobiletin,3,cox2,NO_RELEVANT_REPORT_FOUND,NO_RELEVANT_REPORT_FOUND,NO_RELEVANT_REPORT_FOUND,0.4898,0.4898,0.38000000000000006
MRIXVKKOHPQOFK,MRIXVKKOHPQOFK-UHFFFAOYSA-N,4-Methoxysalicylic acid,2,xo,NO_RELEVANT_REPORT_FOUND,NO_RELEVANT_REPORT_FOUND,NO_RELEVANT_REPORT_FOUND,0.5111,0.5111,0.7083
MSHFRERJPWKJFX,MSHFRERJPWKJFX-UHFFFAOYSA-N,Anisyl alcohol,1,cox1,NO_RELEVANT_REPORT_FOUND,NO_RELEVANT_REPORT_FOUND,NO_RELEVANT_REPORT_FOUND,0.4242,0.4242,0.5117
MUMCCPUVOAUBAN,MUMCCPUVOAUBAN-UHFFFAOYSA-N,Liriodenine,3,maoa,NO_RELEVANT_REPORT_FOUND,NO_RELEVANT_REPORT_FOUND,NO_RELEVANT_REPORT_FOUND,0.4167,0.4167,0.435
NLZCOTZRUWYPTP,NLZCOTZRUWYPTP-MIUGBVLSSA-N,Acacetin-7-O-glucoside,1,maoa,NO_RELEVANT_REPORT_FOUND,NO_RELEVANT_REPORT_FOUND,NO_RELEVANT_REPORT_FOUND,0.4478,0.4478,0.41
NLZUEZXRPGMBCV,NLZUEZXRPGMBCV-UHFFFAOYSA-N,"2,6-Bis(1,1-Dimethylethyl)-4-Methylphenol",4,cox1,NO_RELEVANT_REPORT_FOUND,NO_RELEVANT_REPORT_FOUND,NO_RELEVANT_REPORT_FOUND,0.4375,0.4375,0.4383
NMHMNPHRMNGLLB,NMHMNPHRMNGLLB-UHFFFAOYSA-N,Dihydrocoumaric acid,1,cox1,NO_RELEVANT_REPORT_FOUND,NO_RELEVANT_REPORT_FOUND,NO_RELEVANT_REPORT_FOUND,0.4333,0.4333,0.5567
NMYFCINXTYVZIN,NMYFCINXTYVZIN-SOFGYWHQSA-N,"Purin-2,6-dione, 1,3-dimethyl-8-[2-[3,4-dimeth oxyphenyl]ethenyl]-",2,cox1|cox2,NO_RELEVANT_REPORT_FOUND,NO_RELEVANT_REPORT_FOUND,NO_RELEVANT_REPORT_FOUND,0.4,0.4,0.49835
NNWHUJCUHAELCL,NNWHUJCUHAELCL-PLNGDYQASA-N,Trans-methyl isoeugenol,9,cox1,NO_RELEVANT_REPORT_FOUND,NO_RELEVANT_REPORT_FOUND,NO_RELEVANT_REPORT_FOUND,0.6333,0.6333,0.585
NQMUGNMMFTYOHK,NQMUGNMMFTYOHK-UHFFFAOYSA-N,1-Methoxynaphthalene,1,cox1,NO_RELEVANT_REPORT_FOUND,NO_RELEVANT_REPORT_FOUND,NO_RELEVANT_REPORT_FOUND,0.4615,0.4615,0.5767
NQNOTBRHBRJKKH,NQNOTBRHBRJKKH-UHFFFAOYSA-N,"2-Phenylfuro[2,3-h]chromen-4-one",1,maoa,NO_RELEVANT_REPORT_FOUND,NO_RELEVANT_REPORT_FOUND,NO_RELEVANT_REPORT_FOUND,0.5349,0.5349,0.5406
NQSMEZJWJJVYOI,NQSMEZJWJJVYOI-UHFFFAOYSA-N,"Benzoic acid, 2-benzoyl-, methyl ester",1,cox1,NO_RELEVANT_REPORT_FOUND,NO_RELEVANT_REPORT_FOUND,NO_RELEVANT_REPORT_FOUND,0.425,0.425,0.7383
NRPFNQUDKRYCNX,NRPFNQUDKRYCNX-UHFFFAOYSA-N,4-Methoxyphenylacetic acid,1,cox1,NO_RELEVANT_REPORT_FOUND,NO_RELEVANT_REPORT_FOUND,NO_RELEVANT_REPORT_FOUND,0.7,0.7,0.625
NTPLXRHDUXRPNE,NTPLXRHDUXRPNE-UHFFFAOYSA-N,4'-Methoxyacetophenone,2,cox1,NO_RELEVANT_REPORT_FOUND,NO_RELEVANT_REPORT_FOUND,NO_RELEVANT_REPORT_FOUND,0.4545,0.4545,0.5683
NXXYKOUNUYWIHA,NXXYKOUNUYWIHA-UHFFFAOYSA-N,"2,6-Dimethyl phenol",2,cox1,NO_RELEVANT_REPORT_FOUND,NO_RELEVANT_REPORT_FOUND,NO_RELEVANT_REPORT_FOUND,0.4091,0.4091,0.5967
OCPAULKJMZLXQF,JQQBXPCJFAKSPG-SVYIMCMUSA-N,Geraniin,2,cox2,NO_RELEVANT_REPORT_FOUND,NO_RELEVANT_REPORT_FOUND,NO_RELEVANT_REPORT_FOUND,0.5,0.5,0.5267
OEEUHNAUMMATJT,OEEUHNAUMMATJT-UHFFFAOYSA-N,"3',4',7-Trimethylquercetin",1,maoa,NO_RELEVANT_REPORT_FOUND,NO_RELEVANT_REPORT_FOUND,NO_RELEVANT_REPORT_FOUND,0.7727,0.7727,0.525
OEIWPNWSDYFMIL,OEIWPNWSDYFMIL-UHFFFAOYSA-N,Dioctyl Terephthalate,1,maoa,NO_RELEVANT_REPORT_FOUND,NO_RELEVANT_REPORT_FOUND,NO_RELEVANT_REPORT_FOUND,0.5122,0.5122,0.4789
OHBQPCCCRFSCAX,OHBQPCCCRFSCAX-UHFFFAOYSA-N,"1,4-Dimethoxybenzene",2,cox1,NO_RELEVANT_REPORT_FOUND,NO_RELEVANT_REPORT_FOUND,NO_RELEVANT_REPORT_FOUND,0.4583,0.4583,0.65
OIUBYZLTFSLSBY,OIUBYZLTFSLSBY-HMGRVEAOSA-N,Quercetin-4'-glucoside,2,maoa,NO_RELEVANT_REPORT_FOUND,NO_RELEVANT_REPORT_FOUND,NO_RELEVANT_REPORT_FOUND,0.4918,0.4918,0.5383
OQMSMWRXIZYYNR,OQMSMWRXIZYYNR-UHFFFAOYSA-N,Citpressine-I,1,maoa,NO_RELEVANT_REPORT_FOUND,NO_RELEVANT_REPORT_FOUND,NO_RELEVANT_REPORT_FOUND,0.4231,0.4231,0.5197
OSORMYZMWHVFOZ,OSORMYZMWHVFOZ-UHFFFAOYSA-N,Phenethyl benzoate,4,cox1,NO_RELEVANT_REPORT_FOUND,NO_RELEVANT_REPORT_FOUND,NO_RELEVANT_REPORT_FOUND,0.4651,0.4651,0.505
OSWPMRLSEDHDFF,OSWPMRLSEDHDFF-UHFFFAOYSA-N,Methyl salicylate,27,cox1,LEVEL_A_EXACT_TARGET,LEVEL_A_EXACT_TARGET,LEVEL_A_EXACT_TARGET,0.41670000000000007,0.4167,0.7967000000000001
OVSQVDMCBVZWGM,OVSQVDMCBVZWGM,Quercetin-3-glucoside,32,maoa,CONTRADICTED,CONTRADICTED,CONTRADICTED,0.4,0.4,0.4467
OXGUCUVFOIWWQJ,OXGUCUVFOIWWQJ-HQBVPOQASA-N,Quercetin 3-O-rhamnoside,14,maoa,CONTRADICTED,CONTRADICTED,CONTRADICTED,0.4355000000000001,0.4355,0.42
OZHIKCIPCFAOPM,OZHIKCIPCFAOPM-MZNNUVDVSA-N,gemichalcone A,2,xo,NO_RELEVANT_REPORT_FOUND,NO_RELEVANT_REPORT_FOUND,NO_RELEVANT_REPORT_FOUND,0.4603,0.4603,0.4583
PACBGANPVNHGNP,PACBGANPVNHGNP-RUDMXATFSA-N,"4,4?-dihydroxy-2?-methoxy-chalcone",1,xo,NO_RELEVANT_REPORT_FOUND,NO_RELEVANT_REPORT_FOUND,NO_RELEVANT_REPORT_FOUND,0.8158,0.8158,0.5367
PAFLSMZLRSPALU,PAFLSMZLRSPALU-UHFFFAOYSA-N,"3,4-Dihydroxyphenyllactic acid",1,cox1,NO_RELEVANT_REPORT_FOUND,NO_RELEVANT_REPORT_FOUND,NO_RELEVANT_REPORT_FOUND,0.4211,0.4211,0.5183
PCMORTLOPMLEFB,PCMORTLOPMLEFB-ONEGZZNKSA-N,Sinapic acid,9,cox1,CONTRADICTED,CONTRADICTED,CONTRADICTED,0.5789,0.5789,0.3917
PCYBUYVULWMAJX,PCYBUYVULWMAJX-UHFFFAOYSA-N,"Kaempferol 3,7,4-tri-O-sulfate",1,maoa,NO_RELEVANT_REPORT_FOUND,NO_RELEVANT_REPORT_FOUND,NO_RELEVANT_REPORT_FOUND,0.5,0.5,0.475
PDTCYIZPTRRYOT,PDTCYIZPTRRYOT-UHFFFAOYSA-N,Methyl 3-(4-hydroxy-3-methoxyphenyl)propanoate,1,cox1,NO_RELEVANT_REPORT_FOUND,NO_RELEVANT_REPORT_FOUND,NO_RELEVANT_REPORT_FOUND,0.4048,0.4048,0.3983
PETRWTHZSKVLRE,PETRWTHZSKVLRE-UHFFFAOYSA-N,2-Methoxy-4-methylphenol,5,cox1,NO_RELEVANT_REPORT_FOUND,NO_RELEVANT_REPORT_FOUND,NO_RELEVANT_REPORT_FOUND,0.4324,0.4324,0.43499999999999994
PFDFJMIGPOJBQV,PFDFJMIGPOJBQV-UHFFFAOYSA-N,"2-(3,4-dihydroxyphenyl)acetamide",1,cox1,NO_RELEVANT_REPORT_FOUND,NO_RELEVANT_REPORT_FOUND,NO_RELEVANT_REPORT_FOUND,0.4571,0.4571,0.4117
PLGPSDNOLCVGSS,PLGPSDNOLCVGSS-UHFFFAOYSA-N,Cyclone,1,cox2,NO_RELEVANT_REPORT_FOUND,NO_RELEVANT_REPORT_FOUND,NO_RELEVANT_REPORT_FOUND,0.4194,0.4194,0.3783
PRPINYUDVPFIRX,PRPINYUDVPFIRX-UHFFFAOYSA-N,1-naphthaleneacetic acid,2,cox1|cox2,NO_RELEVANT_REPORT_FOUND,NO_RELEVANT_REPORT_FOUND,NO_RELEVANT_REPORT_FOUND,0.4474,0.4474,0.635
PSFDQSOCUJVVGF,PSFDQSOCUJVVGF-UHFFFAOYSA-N,Harman,1,maoa,LEVEL_A_EXACT_TARGET,LEVEL_A_EXACT_TARGET,LEVEL_A_EXACT_TARGET,0.5641,0.5641,0.8215
PTOJXIKSKSASRB,PTOJXIKSKSASRB-UHFFFAOYSA-O,Candicine,1,cox1,NO_RELEVANT_REPORT_FOUND,NO_RELEVANT_REPORT_FOUND,NO_RELEVANT_REPORT_FOUND,0.4828,0.4828,0.415
PUAQLLVFLMYYJJ,PUAQLLVFLMYYJJ-ZETCQYMHSA-N,Cathinone,1,cox1,NO_RELEVANT_REPORT_FOUND,NO_RELEVANT_REPORT_FOUND,NO_RELEVANT_REPORT_FOUND,0.4,0.4,0.6483
PUPKKEQDLNREIM,PUPKKEQDLNREIM-QNSQPKOQSA-N,Kaempferitrin,1,maoa,NO_RELEVANT_REPORT_FOUND,NO_RELEVANT_REPORT_FOUND,NO_RELEVANT_REPORT_FOUND,0.5,0.5,0.4811
PVNIIMVLHYAWGP,PVNIIMVLHYAWGP-UHFFFAOYSA-N,Nicotinic acid,27,cox1,NO_RELEVANT_REPORT_FOUND,NO_RELEVANT_REPORT_FOUND,NO_RELEVANT_REPORT_FOUND,0.43590000000000007,0.4359,0.545
PVVORTURQPBPEQ,PVVORTURQPBPEQ-UHFFFAOYSA-N,"5,7,4'-Trimethoxyisoflavone",1,cox1,NO_RELEVANT_REPORT_FOUND,NO_RELEVANT_REPORT_FOUND,NO_RELEVANT_REPORT_FOUND,0.4231,0.4231,0.4333
PWATWSYOIIXYMA,PWATWSYOIIXYMA-UHFFFAOYSA-N,Pentyl benzene,3,cox1,NO_RELEVANT_REPORT_FOUND,NO_RELEVANT_REPORT_FOUND,NO_RELEVANT_REPORT_FOUND,0.5769,0.5769,0.4749999999999999
PXMJCECEFTYEKE,PXMJCECEFTYEKE-UHFFFAOYSA-N,"Benzenepropanoic acid, 3,5-bis (1,1-dimethylethyl)-4-hydroxy-, methyl ester",2,cox1,NO_RELEVANT_REPORT_FOUND,NO_RELEVANT_REPORT_FOUND,NO_RELEVANT_REPORT_FOUND,0.4792,0.4792,0.5967
PZZRDJXEMZMZFD,PZZRDJXEMZMZFD-IEGSVRCHSA-N,Guaijaverin,6,maoa,NO_RELEVANT_REPORT_FOUND,NO_RELEVANT_REPORT_FOUND,NO_RELEVANT_REPORT_FOUND,0.4194,0.4194,0.44439999999999996
QCDWFXQBSFUVSP,QCDWFXQBSFUVSP-UHFFFAOYSA-N,2-Phenoxyethanol,2,cox1,NO_RELEVANT_REPORT_FOUND,NO_RELEVANT_REPORT_FOUND,NO_RELEVANT_REPORT_FOUND,0.4138,0.4138,0.4417
QIJSMAZWDBRXOQ,QSMUFXXTSUEZJA-UHFFFAOYSA-N,Cyclic acid,1,cox1,NO_RELEVANT_REPORT_FOUND,NO_RELEVANT_REPORT_FOUND,NO_RELEVANT_REPORT_FOUND,0.4048,0.4048,0.76
QIVBCDIJIAJPQS,QIVBCDIJIAJPQS-VIFPVBQESA-N,Tryptophan,10,cox1,NO_RELEVANT_REPORT_FOUND,NO_RELEVANT_REPORT_FOUND,NO_RELEVANT_REPORT_FOUND,0.4231,0.4231,0.5250000000000001
QJKMIJNRNRLQSS,QJKMIJNRNRLQSS-WEVVVXLNSA-N,Echinatin,2,cox2|maoa,NO_RELEVANT_REPORT_FOUND,NO_RELEVANT_REPORT_FOUND,NO_RELEVANT_REPORT_FOUND,0.45225000000000004,0.4878,0.479
QJOSZTCZZUNIRY,QJOSZTCZZUNIRY-UHFFFAOYSA-N,Guajavin A,1,cox2,NO_RELEVANT_REPORT_FOUND,NO_RELEVANT_REPORT_FOUND,NO_RELEVANT_REPORT_FOUND,0.4545,0.4545,0.45
QKNDCRMJDZLFEG,QKNDCRMJDZLFEG-UHFFFAOYSA-N,7-Methoxy-2-phenyl4H-chromen-4-one,1,maoa,NO_RELEVANT_REPORT_FOUND,NO_RELEVANT_REPORT_FOUND,NO_RELEVANT_REPORT_FOUND,0.575,0.575,0.5767
QPJVMBTYPHYUOC,QPJVMBTYPHYUOC-UHFFFAOYSA-N,Methyl benzoate,14,cox1,NO_RELEVANT_REPORT_FOUND,NO_RELEVANT_REPORT_FOUND,NO_RELEVANT_REPORT_FOUND,0.4166999999999999,0.4167,0.6182999999999998
QRMZSPFSDQBLIX,QRMZSPFSDQBLIX-UHFFFAOYSA-N,Homovanillic acid,2,cox1,NO_RELEVANT_REPORT_FOUND,NO_RELEVANT_REPORT_FOUND,NO_RELEVANT_REPORT_FOUND,0.5556,0.5556,0.44
QUKGYYKBILRGFE,QUKGYYKBILRGFE-UHFFFAOYSA-N,Benzyl acetate,10,cox1,NO_RELEVANT_REPORT_FOUND,NO_RELEVANT_REPORT_FOUND,NO_RELEVANT_REPORT_FOUND,0.4194,0.4194,0.4800000000000001
QZAYGJVTTNCVMB,QZAYGJVTTNCVMB-UHFFFAOYSA-N,Serotonin,1,cox1,NO_RELEVANT_REPORT_FOUND,NO_RELEVANT_REPORT_FOUND,NO_RELEVANT_REPORT_FOUND,0.5106,0.5106,0.4883
QZXHFNCQMMUANB,QZXHFNCQMMUANB-UINLEYECSA-N,"Quercetin 7,4-diglucoside",1,maoa,NO_RELEVANT_REPORT_FOUND,NO_RELEVANT_REPORT_FOUND,NO_RELEVANT_REPORT_FOUND,0.4677,0.4677,0.555
RAOWOXJDGFFKKD,RAOWOXJDGFFKKD-UHFFFAOYSA-N,N-(4-Methoxyphenethyl) benzamide,1,cox1,NO_RELEVANT_REPORT_FOUND,NO_RELEVANT_REPORT_FOUND,NO_RELEVANT_REPORT_FOUND,0.4,0.4,0.4767
RCAWOWBPYYYZPZ,CWIWSAPEOCRNMD-LLVKDONJSA-N,Catalponone,1,cox1,NO_RELEVANT_REPORT_FOUND,NO_RELEVANT_REPORT_FOUND,NO_RELEVANT_REPORT_FOUND,0.4186,0.4186,0.6117
REFJWTPEDVJJIY,REFJWTPEDVJJIY-UHFFFAOYSA-N,Quercetin,67,maoa,LEVEL_A_EXACT_TARGET,LEVEL_A_EXACT_TARGET,LEVEL_A_EXACT_TARGET,0.6744,0.6744,0.4966999999999999
RFENQGQGMLPVJM,RFENQGQGMLPVJM-UHFFFAOYSA-N,"9H-Xanthen-9-one, 1,3-dihydroxy-6-methoxy-8-methyl",1,maoa,NO_RELEVANT_REPORT_FOUND,NO_RELEVANT_REPORT_FOUND,NO_RELEVANT_REPORT_FOUND,0.6429,0.6429,0.5382
RNVUDWOQYYWXBJ,RNVUDWOQYYWXBJ-IEGSVRCHSA-N,Kaempferol 3-O-arabinoside,1,maoa,NO_RELEVANT_REPORT_FOUND,NO_RELEVANT_REPORT_FOUND,NO_RELEVANT_REPORT_FOUND,0.4576,0.4576,0.4494
ROGKOUKGHMDPLN,ROGKOUKGHMDPLN-UHFFFAOYSA-N,"10H-Phenothiazine, 1-methoxy-",3,cox1|cox2|maoa,NO_RELEVANT_REPORT_FOUND,NO_RELEVANT_REPORT_FOUND,NO_RELEVANT_REPORT_FOUND,0.5333,0.5333,0.6344333333333333
RPFAABJEBARVGF,RPFAABJEBARVGF-SEBBEXHUSA-N,theasaponins E2,1,cox2,NO_RELEVANT_REPORT_FOUND,NO_RELEVANT_REPORT_FOUND,NO_RELEVANT_REPORT_FOUND,0.4224,0.4224,0.3767
RPZNIDVYYGUDPA,RPZNIDVYYGUDPA-UHFFFAOYSA-N,Guavin B,2,cox1|cox2,NO_RELEVANT_REPORT_FOUND,NO_RELEVANT_REPORT_FOUND,NO_RELEVANT_REPORT_FOUND,0.4316,0.4316,0.5266500000000001
RRXOQHQFJOQLQR,RRXOQHQFJOQLQR-AATRIKPKSA-N,isoelemicin,2,cox1,NO_RELEVANT_REPORT_FOUND,NO_RELEVANT_REPORT_FOUND,NO_RELEVANT_REPORT_FOUND,0.4118,0.4118,0.465
RTATXGUCZHCSNG,RTATXGUCZHCSNG-QHWHWDPRSA-N,Kaempferol 3-O-rutinoside,16,maoa,NO_RELEVANT_REPORT_FOUND,NO_RELEVANT_REPORT_FOUND,NO_RELEVANT_REPORT_FOUND,0.4058,0.4058,0.465
RTIXKCRFFJGDFG,RTIXKCRFFJGDFG-UHFFFAOYSA-N,Chrysin,2,xo,LEVEL_A_EXACT_TARGET,LEVEL_A_EXACT_TARGET,LEVEL_A_EXACT_TARGET,0.6444,0.6444,0.4167
RWCCWEUUXYIKHB,RWCCWEUUXYIKHB-UHFFFAOYSA-N,Benzophenone,8,cox1,NO_RELEVANT_REPORT_FOUND,NO_RELEVANT_REPORT_FOUND,NO_RELEVANT_REPORT_FOUND,0.5,0.5,0.86
RWCMVIFEYADGMO,YWHHRFNOJTVNBI-HVVPNVAPSA-N,Kushenol H,1,cox1,NO_RELEVANT_REPORT_FOUND,NO_RELEVANT_REPORT_FOUND,NO_RELEVANT_REPORT_FOUND,0.5,0.5,0.555
RXIMBIRJURQOKO,RXIMBIRJURQOKO-UHFFFAOYSA-N,3-O-ACETYL-6-METHOXY-CYCLOARTENOL,1,cox2,NO_RELEVANT_REPORT_FOUND,NO_RELEVANT_REPORT_FOUND,NO_RELEVANT_REPORT_FOUND,0.4875,0.4875,0.3667
RZLAHZWXEAROQW,RZLAHZWXEAROQW-UHFFFAOYSA-N,"Benzene, 5-(2-isothiocyanatoethyl)-1,2, 3- trimethoxy",1,cox2,NO_RELEVANT_REPORT_FOUND,NO_RELEVANT_REPORT_FOUND,NO_RELEVANT_REPORT_FOUND,0.4848,0.4848,0.4367
RZVAJINKPMORJF,RZVAJINKPMORJF-UHFFFAOYSA-N,N-(4-Hydroxyphenyl)acetamide,1,maoa,NO_RELEVANT_REPORT_FOUND,NO_RELEVANT_REPORT_FOUND,NO_RELEVANT_REPORT_FOUND,0.5556,0.5556,0.5133
SBLKVIQSIHEQOF,SBLKVIQSIHEQOF-UPHRSURJSA-N,Octadecenedioic acid,1,cox1,NO_RELEVANT_REPORT_FOUND,NO_RELEVANT_REPORT_FOUND,NO_RELEVANT_REPORT_FOUND,0.4118,0.4118,0.405
SDIVYZXRQHWCKF,SDIVYZXRQHWCKF-VIFPVBQESA-N,"(3S)-3-hydroxy-2,3-dihydro-1H-pyrrolo[2,1-b]quinazolin-9-one",6,cox1|cox2,NO_RELEVANT_REPORT_FOUND,NO_RELEVANT_REPORT_FOUND,NO_RELEVANT_REPORT_FOUND,0.4285999999999999,0.4286,0.5533500000000001
SEOVTRFCIGRIMH,SEOVTRFCIGRIMH-UHFFFAOYSA-N,Indole-3-acetic acid,3,cox1,NO_RELEVANT_REPORT_FOUND,NO_RELEVANT_REPORT_FOUND,NO_RELEVANT_REPORT_FOUND,0.4681,0.4681,0.6367
SESFRYSPDFLNCH,SESFRYSPDFLNCH-UHFFFAOYSA-N,Benzyl benzoate,28,cox1,NO_RELEVANT_REPORT_FOUND,NO_RELEVANT_REPORT_FOUND,NO_RELEVANT_REPORT_FOUND,0.4062,0.4062,0.5016999999999999
SFLMUHDGSQZDOW,SFLMUHDGSQZDOW-FAOXUISGSA-N,Coniferin,1,cox1,CONTRADICTED,CONTRADICTED,CONTRADICTED,0.4028,0.4028,0.4267
SFUCGABQOMYVJW,SFUCGABQOMYVJW-UHFFFAOYSA-N,4-(3-Hydroxybutyl) phenol,1,cox1,NO_RELEVANT_REPORT_FOUND,NO_RELEVANT_REPORT_FOUND,NO_RELEVANT_REPORT_FOUND,0.4667,0.4667,0.4067
SHKGFTXUBGNKSG,SHKGFTXUBGNKSG-YMGHLUITSA-N,16 alpha-hydroxy Mi-saponin A,1,cox2,NO_RELEVANT_REPORT_FOUND,NO_RELEVANT_REPORT_FOUND,NO_RELEVANT_REPORT_FOUND,0.4564,0.4564,0.45
SJJCQDRGABAVBB,SJJCQDRGABAVBB-UHFFFAOYSA-N,1-hydroxy-2-naphthoic acid,2,xo,NO_RELEVANT_REPORT_FOUND,NO_RELEVANT_REPORT_FOUND,NO_RELEVANT_REPORT_FOUND,0.4,0.4,0.5517
SMNDYUVBFMFKNZ,SMNDYUVBFMFKNZ-UHFFFAOYSA-N,2-Furoic acid,1,cox1,NO_RELEVANT_REPORT_FOUND,NO_RELEVANT_REPORT_FOUND,NO_RELEVANT_REPORT_FOUND,0.4571,0.4571,0.53
SOOVZDUBVGGAAJ,SOOVZDUBVGGAAJ-UHFFFAOYSA-N,Centellasaponin C,1,cox2,NO_RELEVANT_REPORT_FOUND,NO_RELEVANT_REPORT_FOUND,NO_RELEVANT_REPORT_FOUND,0.4929,0.4929,0.38
SOSLMHZOJATCCP,SOSLMHZOJATCCP-AEIZVZFYSA-N,Kaempferol 3-O-rhamnoside,5,maoa,NO_RELEVANT_REPORT_FOUND,NO_RELEVANT_REPORT_FOUND,NO_RELEVANT_REPORT_FOUND,0.4746,0.4746,0.4283
SUTUBQHKZRNZRA,SUTUBQHKZRNZRA-UHFFFAOYSA-N,Eugenin,1,maoa,NO_RELEVANT_REPORT_FOUND,NO_RELEVANT_REPORT_FOUND,NO_RELEVANT_REPORT_FOUND,0.5476,0.5476,0.5583
SWRFKGRMQVLMKA,SWRFKGRMQVLMKA-UHFFFAOYSA-N,1-O-Galloylpedunculagin,2,cox2,NO_RELEVANT_REPORT_FOUND,NO_RELEVANT_REPORT_FOUND,NO_RELEVANT_REPORT_FOUND,0.5949,0.5949,0.52
SYHDSBBKRLVLFF,SYHDSBBKRLVLFF-UHFFFAOYSA-N,Triparanol,2,cox1,NO_RELEVANT_REPORT_FOUND,NO_RELEVANT_REPORT_FOUND,NO_RELEVANT_REPORT_FOUND,0.4107,0.4107,0.5017
SYIAVNZMBYAGGJ,SYIAVNZMBYAGGJ-UHFFFAOYSA-N,"2,3-dihydro-5,7-dihydroxy-2-(2-hydroxy-4-methoxyphenyl)-4H-1-benzopyran-4-one",2,xo,NO_RELEVANT_REPORT_FOUND,NO_RELEVANT_REPORT_FOUND,NO_RELEVANT_REPORT_FOUND,0.4828,0.4828,0.42
TUSDEZXZIZRFGC,TUSDEZXZIZRFGC-XIGLUPEJSA-N,Corilagin,9,cox2,LEVEL_B_RELATED_ENDPOINT,LEVEL_B_RELATED_ENDPOINT,LEVEL_B_RELATED_ENDPOINT,0.5059,0.5059,0.4867
TXFPEBPIARQUIG,TXFPEBPIARQUIG-UHFFFAOYSA-N,piceol,1,cox1,NO_RELEVANT_REPORT_FOUND,NO_RELEVANT_REPORT_FOUND,NO_RELEVANT_REPORT_FOUND,0.4138,0.4138,0.4883
UIAFKZKHHVMJGS,UIAFKZKHHVMJGS-UHFFFAOYSA-N,"2,4-Dihydroxybenzoic acid",1,xo,NO_RELEVANT_REPORT_FOUND,NO_RELEVANT_REPORT_FOUND,NO_RELEVANT_REPORT_FOUND,0.4444,0.4444,0.6483
ULSUXBXHSYSGDT,ULSUXBXHSYSGDT-UHFFFAOYSA-N,Tangeretin,4,cox2,NO_RELEVANT_REPORT_FOUND,NO_RELEVANT_REPORT_FOUND,NO_RELEVANT_REPORT_FOUND,0.5435,0.5435,0.3711
URFCJEUYXNAHFI,URFCJEUYXNAHFI-ZDUSSCGKSA-N,Pinocembrin,1,xo,NO_RELEVANT_REPORT_FOUND,NO_RELEVANT_REPORT_FOUND,NO_RELEVANT_REPORT_FOUND,0.6327,0.6327,0.4
URSUMOWUGDXZHU,URSUMOWUGDXZHU-UHFFFAOYSA-N,"4',5,6,7-Tetramethoxyflavone",2,cox2,NO_RELEVANT_REPORT_FOUND,NO_RELEVANT_REPORT_FOUND,NO_RELEVANT_REPORT_FOUND,0.4681,0.4681,0.41
USIUVYZYUHIAEV,USIUVYZYUHIAEV-UHFFFAOYSA-N,diphenyl ether,3,cox1,NO_RELEVANT_REPORT_FOUND,NO_RELEVANT_REPORT_FOUND,NO_RELEVANT_REPORT_FOUND,0.4138,0.4138,0.685
UYCWETIUOAGWIL,UYCWETIUOAGWIL-UHFFFAOYSA-N,Isosinensetin,3,cox2,NO_RELEVANT_REPORT_FOUND,NO_RELEVANT_REPORT_FOUND,NO_RELEVANT_REPORT_FOUND,0.48,0.48,0.44
UYTPUPDQBNUYGX,UYTPUPDQBNUYGX-UHFFFAOYSA-N,Guanine,1,cox1,NO_RELEVANT_REPORT_FOUND,NO_RELEVANT_REPORT_FOUND,NO_RELEVANT_REPORT_FOUND,0.625,0.625,0.82
UYWQUFXKFGHYNT,UYWQUFXKFGHYNT-UHFFFAOYSA-N,benzyl formate,1,cox1,NO_RELEVANT_REPORT_FOUND,NO_RELEVANT_REPORT_FOUND,NO_RELEVANT_REPORT_FOUND,0.4,0.4,0.575
VAMXMNNIEUEQDV,VAMXMNNIEUEQDV-UHFFFAOYSA-N,Methyl anthranilate,6,cox1,NO_RELEVANT_REPORT_FOUND,NO_RELEVANT_REPORT_FOUND,NO_RELEVANT_REPORT_FOUND,0.4138,0.4138,0.545
VCCRNZQBSJXYJD,VCCRNZQBSJXYJD-UHFFFAOYSA-N,Galangin,2,maoa,LEVEL_A_EXACT_TARGET,LEVEL_A_EXACT_TARGET,LEVEL_A_EXACT_TARGET,0.6905,0.6905,0.4683
VGYKFEDOWJOOCJ,VGYKFEDOWJOOCJ-CXUHLZMHSA-N,"3(2H)-Benzofuranone, 6-methoxy-2-[(3- methoxyphenyl)methylene]-, (E)-",2,maoa|xo,NO_RELEVANT_REPORT_FOUND,NO_RELEVANT_REPORT_FOUND,NO_RELEVANT_REPORT_FOUND,0.43775,0.4717,0.4667
VHBFFQKBGNRLFZ,VHBFFQKBGNRLFZ-UHFFFAOYSA-N,Flavone,1,cox1,LEVEL_B_RELATED_ENDPOINT,LEVEL_B_RELATED_ENDPOINT,LEVEL_B_RELATED_ENDPOINT,0.4884,0.4884,0.46
VJJZJBUCDWKPLC,VJJZJBUCDWKPLC-UHFFFAOYSA-N,Isokaempferide,2,maoa,NO_RELEVANT_REPORT_FOUND,NO_RELEVANT_REPORT_FOUND,NO_RELEVANT_REPORT_FOUND,0.6667,0.6667,0.49
VJPZTTLCVFONEM,VJPZTTLCVFONEM-UHFFFAOYSA-N,N-Cbz-glycylglycine p-nitrophenyl ester,1,cox2,NO_RELEVANT_REPORT_FOUND,NO_RELEVANT_REPORT_FOUND,NO_RELEVANT_REPORT_FOUND,0.6122,0.6122,0.5133
VKQKGJHUFQGOIX,VKQKGJHUFQGOIX-UHFFFAOYSA-N,2-methoxybenzeneacetaldehyde,1,cox1,NO_RELEVANT_REPORT_FOUND,NO_RELEVANT_REPORT_FOUND,NO_RELEVANT_REPORT_FOUND,0.4,0.4,0.525
VLEUZFDZJKSGMX,VLEUZFDZJKSGMX-ONEGZZNKSA-N,Pterostilbene,2,cox2|xo,LEVEL_A_EXACT_TARGET,MIXED,LEVEL_A_EXACT_TARGET|LEVEL_B_RELATED_ENDPOINT,0.7012,0.8889,0.41000000000000003
VLHIDEWBPIFGKH,VLHIDEWBPIFGKH-UHFFFAOYSA-N,"3,5-Dimethyl-4-Phenylpyridine",1,cox1,NO_RELEVANT_REPORT_FOUND,NO_RELEVANT_REPORT_FOUND,NO_RELEVANT_REPORT_FOUND,0.4194,0.4194,0.745
VLJSLTNSFSOYQR,VLJSLTNSFSOYQR-UHFFFAOYSA-N,m-Cumenol,1,cox1,NO_RELEVANT_REPORT_FOUND,NO_RELEVANT_REPORT_FOUND,NO_RELEVANT_REPORT_FOUND,0.4231,0.4231,0.5567
VOCATNAJXJSCLN,VOCATNAJXJSCLN-UHFFFAOYSA-N,artocarpetin,2,maoa,NO_RELEVANT_REPORT_FOUND,NO_RELEVANT_REPORT_FOUND,NO_RELEVANT_REPORT_FOUND,0.5106,0.5106,0.4217
VPMIRWSZFAXDKP,VPMIRWSZFAXDKP-UHFFFAOYSA-N,Grandisine-I,1,maoa,NO_RELEVANT_REPORT_FOUND,NO_RELEVANT_REPORT_FOUND,NO_RELEVANT_REPORT_FOUND,0.4444,0.4444,0.443
VRODWQGSCHPDJK,VRODWQGSCHPDJK-UHFFFAOYSA-N,Pollenitin,1,maoa,NO_RELEVANT_REPORT_FOUND,NO_RELEVANT_REPORT_FOUND,NO_RELEVANT_REPORT_FOUND,0.6304,0.6304,0.4717
VTCDZPUMZAZMSB,VTCDZPUMZAZMSB-UHFFFAOYSA-N,"3,4,5-Trimethoxyphenol",1,cox1,NO_RELEVANT_REPORT_FOUND,NO_RELEVANT_REPORT_FOUND,NO_RELEVANT_REPORT_FOUND,0.4194,0.4194,0.4433
VVZWHOMBDMMRSC,VVZWHOMBDMMRSC-NTKSAMNMSA-N,Isorhamnetin 3-O-glucuronide,1,maoa,NO_RELEVANT_REPORT_FOUND,NO_RELEVANT_REPORT_FOUND,NO_RELEVANT_REPORT_FOUND,0.4328,0.4328,0.4183
WEPBGSIAWZTEJR,WEPBGSIAWZTEJR-UHFFFAOYSA-N,3'-O-Methylquercetin,2,maoa,NO_RELEVANT_REPORT_FOUND,NO_RELEVANT_REPORT_FOUND,NO_RELEVANT_REPORT_FOUND,0.6042,0.6042,0.4483
WGJPGMJLARWHRK,WGJPGMJLARWHRK-UHFFFAOYSA-N,"3,5-di-tert-Butyl-4- hydroxyacetophenone",1,cox1,NO_RELEVANT_REPORT_FOUND,NO_RELEVANT_REPORT_FOUND,NO_RELEVANT_REPORT_FOUND,0.4865,0.4865,0.665
WKEOZXMSVNVPCM,WKEOZXMSVNVPCM-RZNTYIFUSA-N,"(2Z)-4,6-dihydroxy-2-[(3-hydroxy-4-methoxyphenyl)methylidene]-1-benzofuran-3-one",1,maoa,NO_RELEVANT_REPORT_FOUND,NO_RELEVANT_REPORT_FOUND,NO_RELEVANT_REPORT_FOUND,0.6327,0.6327,0.5717
WLJVXDMOQOGPHL,WLJVXDMOQOGPHL-UHFFFAOYSA-N,Benzeneacetic acid,6,cox1,NO_RELEVANT_REPORT_FOUND,NO_RELEVANT_REPORT_FOUND,NO_RELEVANT_REPORT_FOUND,0.7273,0.7273,0.8533
WNYIBZHOMJZDKN,WNYIBZHOMJZDKN-UHFFFAOYSA-N,"N,N'-Diacetylethylenediamine",1,cox1,NO_RELEVANT_REPORT_FOUND,NO_RELEVANT_REPORT_FOUND,NO_RELEVANT_REPORT_FOUND,0.4138,0.4138,0.4783
WRMNZCZEMHIOCP,WRMNZCZEMHIOCP-UHFFFAOYSA-N,2-Phenylethanol,28,cox1,NO_RELEVANT_REPORT_FOUND,NO_RELEVANT_REPORT_FOUND,NO_RELEVANT_REPORT_FOUND,0.4285999999999999,0.4286,0.4783000000000001
WUADCCWRTIWANL,WUADCCWRTIWANL-UHFFFAOYSA-N,Biochanin A,3,maoa,LEVEL_B_RELATED_ENDPOINT,LEVEL_B_RELATED_ENDPOINT,LEVEL_B_RELATED_ENDPOINT,0.617,0.617,0.5533
WWRCMNKATXZARA,WWRCMNKATXZARA-UHFFFAOYSA-N,O-Cymene,19,cox1,NO_RELEVANT_REPORT_FOUND,NO_RELEVANT_REPORT_FOUND,NO_RELEVANT_REPORT_FOUND,0.4783000000000001,0.4783,0.6067
WWVKOCDDDWJQLC,WWVKOCDDDWJQLC-SEBBEXHUSA-N,theasaponins E1,1,cox2,NO_RELEVANT_REPORT_FOUND,NO_RELEVANT_REPORT_FOUND,NO_RELEVANT_REPORT_FOUND,0.4286,0.4286,0.41
WXTMDXOMEHJXQO,WXTMDXOMEHJXQO-UHFFFAOYSA-N,Gentisic acid,7,cox1,NO_RELEVANT_REPORT_FOUND,NO_RELEVANT_REPORT_FOUND,NO_RELEVANT_REPORT_FOUND,0.44439999999999996,0.4444,0.41170000000000007
WXWCDTXEKCVRRO,WXWCDTXEKCVRRO-UHFFFAOYSA-N,5-methyl-o-Anisidine,1,cox1,NO_RELEVANT_REPORT_FOUND,NO_RELEVANT_REPORT_FOUND,NO_RELEVANT_REPORT_FOUND,0.5,0.5,0.4983
XGDPKUKRQHHZTH,XGDPKUKRQHHZTH-UHFFFAOYSA-N,"Gentisic acid, methyl ester",1,cox1,NO_RELEVANT_REPORT_FOUND,NO_RELEVANT_REPORT_FOUND,NO_RELEVANT_REPORT_FOUND,0.4444,0.4444,0.4483
XMIIGOLPHOKFCH,XMIIGOLPHOKFCH-UHFFFAOYSA-N,Benzenepropanoic acid,1,cox1,NO_RELEVANT_REPORT_FOUND,NO_RELEVANT_REPORT_FOUND,NO_RELEVANT_REPORT_FOUND,0.4286,0.4286,0.7867
XNGIFLGASWRNHJ,XNGIFLGASWRNHJ-UHFFFAOYSA-N,"1,2-Benzenedicarboxylic acid",19,cox1,NO_RELEVANT_REPORT_FOUND,NO_RELEVANT_REPORT_FOUND,NO_RELEVANT_REPORT_FOUND,0.4062,0.4062,0.7117000000000001
XNLFHCPVTULKIV,XNLFHCPVTULKIV-VAWYXSNFSA-N,methylchalcone,3,cox2|maoa|xo,LEVEL_B_RELATED_ENDPOINT,MIXED,LEVEL_B_RELATED_ENDPOINT|NO_RELEVANT_REPORT_FOUND,0.5944666666666666,0.7188,0.465
XOXYHGOIRWABTC,XOXYHGOIRWABTC-UHFFFAOYSA-N,Gentisin,1,maoa,NO_RELEVANT_REPORT_FOUND,NO_RELEVANT_REPORT_FOUND,NO_RELEVANT_REPORT_FOUND,0.75,0.75,0.5633
XQXPVVBIMDBYFF,XQXPVVBIMDBYFF-UHFFFAOYSA-N,p-hydroxyphenyl acetic acid,2,cox1,NO_RELEVANT_REPORT_FOUND,NO_RELEVANT_REPORT_FOUND,NO_RELEVANT_REPORT_FOUND,0.6,0.6,0.625
XRAMJHXWXCMGJM,XRAMJHXWXCMGJM-UHFFFAOYSA-N,"Benzenepropanoic acid, 4-hydroxy-, methyl ester",1,cox1,NO_RELEVANT_REPORT_FOUND,NO_RELEVANT_REPORT_FOUND,NO_RELEVANT_REPORT_FOUND,0.4242,0.4242,0.435
XRHGYUZYPHTUJZ,GHMWZRWCBLXYBX-UHFFFAOYSA-M,Microbin,1,maoa,NO_RELEVANT_REPORT_FOUND,NO_RELEVANT_REPORT_FOUND,NO_RELEVANT_REPORT_FOUND,0.4062,0.4062,0.44
XVAIDCNLVLTVFM,XVAIDCNLVLTVFM-UHFFFAOYSA-N,4-Methoxyacetanilide,1,maoa,NO_RELEVANT_REPORT_FOUND,NO_RELEVANT_REPORT_FOUND,NO_RELEVANT_REPORT_FOUND,0.5312,0.5312,0.4833
XXHDAWYDNSXJQM,XXHDAWYDNSXJQM-ARJAWSKDSA-N,cis-3-Hexenoic acid,5,cox1,NO_RELEVANT_REPORT_FOUND,NO_RELEVANT_REPORT_FOUND,NO_RELEVANT_REPORT_FOUND,0.4062,0.4062,0.4467
XYEOALKITRFCJJ,HYDZPXNVHXJHBG-UHFFFAOYSA-N,O-Benzylhydroxylamine hydrochloride,1,cox1,NO_RELEVANT_REPORT_FOUND,NO_RELEVANT_REPORT_FOUND,NO_RELEVANT_REPORT_FOUND,0.4444,0.4444,0.675
XZQLSABETMKIGG,XZQLSABETMKIGG-UHFFFAOYSA-N,6-Methoxyflavone,1,maoa,NO_RELEVANT_REPORT_FOUND,NO_RELEVANT_REPORT_FOUND,NO_RELEVANT_REPORT_FOUND,0.561,0.561,0.54
YBHILYKTIRIUTE,YBHILYKTIRIUTE-UHFFFAOYSA-N,Berberine,3,maoa,NO_RELEVANT_REPORT_FOUND,NO_RELEVANT_REPORT_FOUND,NO_RELEVANT_REPORT_FOUND,0.4915,0.4915,0.47
YCYXUKRYYSXSLJ,YCYXUKRYYSXSLJ-CVEARBPZSA-N,Prolylleucine,1,cox2,NO_RELEVANT_REPORT_FOUND,NO_RELEVANT_REPORT_FOUND,NO_RELEVANT_REPORT_FOUND,0.6167,0.6167,0.5333
YEXOWHQZWLCHHD,YEXOWHQZWLCHHD-UHFFFAOYSA-N,"3,5-Di-t-butyl-4-hydroxy benzoic acid",1,cox1,NO_RELEVANT_REPORT_FOUND,NO_RELEVANT_REPORT_FOUND,NO_RELEVANT_REPORT_FOUND,0.4865,0.4865,0.7167
YGSDEFSMJLZEOE,YGSDEFSMJLZEOE-UHFFFAOYSA-N,Salicylic acid,18,cox1,NO_RELEVANT_REPORT_FOUND,NO_RELEVANT_REPORT_FOUND,NO_RELEVANT_REPORT_FOUND,0.4242,0.4242,0.8617000000000001
YGVHOSGNOYKRIH,YGVHOSGNOYKRIH-FJPMMHPYSA-N,chebulinic acid,2,cox2,LEVEL_A_EXACT_TARGET,LEVEL_A_EXACT_TARGET,LEVEL_A_EXACT_TARGET,0.6154,0.6154,0.5508
YOMSJEATGXXYPX,YOMSJEATGXXYPX-UHFFFAOYSA-N,2-Methoxy-4-vinylphenol,25,cox1,NO_RELEVANT_REPORT_FOUND,NO_RELEVANT_REPORT_FOUND,NO_RELEVANT_REPORT_FOUND,0.46509999999999996,0.4651,0.39
YPWHZCPMOQGCDQ,YPWHZCPMOQGCDQ-HMGRVEAOSA-N,kaempferol 7-O-glucoside,4,maoa,NO_RELEVANT_REPORT_FOUND,NO_RELEVANT_REPORT_FOUND,NO_RELEVANT_REPORT_FOUND,0.5714,0.5714,0.625
YQHMWTPYORBCMF,YQHMWTPYORBCMF-ZZXKWVIFSA-N,Naringenin chalcone,2,cox2,LEVEL_B_RELATED_ENDPOINT,LEVEL_B_RELATED_ENDPOINT,LEVEL_B_RELATED_ENDPOINT,0.4857,0.4857,0.3867
YQUVCSBJEUQKSH,YQUVCSBJEUQKSH-UHFFFAOYSA-N,Protocatechuic acid,16,xo,LEVEL_B_RELATED_ENDPOINT,LEVEL_B_RELATED_ENDPOINT,LEVEL_B_RELATED_ENDPOINT,0.4545,0.4545,0.445
YUSWMAULDXZHPY,YUSWMAULDXZHPY-UHFFFAOYSA-N,amentoflavone,2,xo,NO_RELEVANT_REPORT_FOUND,NO_RELEVANT_REPORT_FOUND,NO_RELEVANT_REPORT_FOUND,0.5,0.5,0.4017
ZCTQGTTXIYCGGC,ZCTQGTTXIYCGGC-UHFFFAOYSA-N,Benzyl salicylate,11,cox1,NO_RELEVANT_REPORT_FOUND,NO_RELEVANT_REPORT_FOUND,NO_RELEVANT_REPORT_FOUND,0.4,0.4,0.6982999999999999
ZEJXENDZTYVXDP,ZEJXENDZTYVXDP-CSJHBIPPSA-N,Kaempferol-7-neohesperidoside,1,maoa,NO_RELEVANT_REPORT_FOUND,NO_RELEVANT_REPORT_FOUND,NO_RELEVANT_REPORT_FOUND,0.4925,0.4925,0.5694
ZEOSVASXEQYUGA,PRKNCOCERFKSLP-UHFFFAOYSA-N,"1,4,5-Trihydroxyanthraquinone",1,maoa,NO_RELEVANT_REPORT_FOUND,NO_RELEVANT_REPORT_FOUND,NO_RELEVANT_REPORT_FOUND,0.6452,0.6452,0.6033
ZEYHEAKUIGZSGI,ZEYHEAKUIGZSGI-UHFFFAOYSA-N,Anisic acid,2,cox1|xo,NO_RELEVANT_REPORT_FOUND,NO_RELEVANT_REPORT_FOUND,NO_RELEVANT_REPORT_FOUND,0.5285,0.6452,0.5883499999999999
ZGHORMOOTZTQFL,ZGHORMOOTZTQFL-UHFFFAOYSA-N,"3',4'-dimethoxyflavone",2,cox1|cox2,LEVEL_B_RELATED_ENDPOINT,LEVEL_B_RELATED_ENDPOINT,LEVEL_B_RELATED_ENDPOINT,0.49524999999999997,0.587,0.41835
ZHBHZDMTVVJASV,ZHBHZDMTVVJASV-JOSVURMMSA-N,1-beta-D-Glucopyranosyl-L-tryptophan,1,cox2,NO_RELEVANT_REPORT_FOUND,NO_RELEVANT_REPORT_FOUND,NO_RELEVANT_REPORT_FOUND,0.4085,0.4085,0.3733
ZICRWXFGZCVTBZ,ZICRWXFGZCVTBZ-UHFFFAOYSA-N,methyl 2-hydroxy-4-methoxybenzoate,1,xo,NO_RELEVANT_REPORT_FOUND,NO_RELEVANT_REPORT_FOUND,NO_RELEVANT_REPORT_FOUND,0.4419,0.4419,0.4617
ZIZYKBRERUNPAU,ZIZYKBRERUNPAU-UHFFFAOYSA-N,Flemichapparin C,1,maoa,NO_RELEVANT_REPORT_FOUND,NO_RELEVANT_REPORT_FOUND,NO_RELEVANT_REPORT_FOUND,0.4423,0.4423,0.4917
ZJYAVUPWMNHHEU,ZJYAVUPWMNHHEU-GFOOFYSOSA-N,cannabiscitrin,2,maoa,NO_RELEVANT_REPORT_FOUND,NO_RELEVANT_REPORT_FOUND,NO_RELEVANT_REPORT_FOUND,0.459,0.459,0.46
ZQAAPECGIMFVID,ZQAAPECGIMFVID-UHFFFAOYSA-N,Pentyl 4-ethylbenzoate,1,maoa,NO_RELEVANT_REPORT_FOUND,NO_RELEVANT_REPORT_FOUND,NO_RELEVANT_REPORT_FOUND,0.4773,0.4773,0.4883
ZRSNZINYAWTAHE,ZRSNZINYAWTAHE-UHFFFAOYSA-N,4-Methoxybenzaldehyde,12,cox1,NO_RELEVANT_REPORT_FOUND,NO_RELEVANT_REPORT_FOUND,NO_RELEVANT_REPORT_FOUND,0.48280000000000006,0.4828,0.4349999999999999
ZSTKHSQDNIGFLM,ZSTKHSQDNIGFLM-UHFFFAOYSA-N,"N,N-Dimethyl-5-methoxytryptamine",1,cox1,NO_RELEVANT_REPORT_FOUND,NO_RELEVANT_REPORT_FOUND,NO_RELEVANT_REPORT_FOUND,0.4655,0.4655,0.3967
ZUOUZKKEUPVFJK,ZUOUZKKEUPVFJK-UHFFFAOYSA-N,Biphenyl,1,cox1,NO_RELEVANT_REPORT_FOUND,NO_RELEVANT_REPORT_FOUND,NO_RELEVANT_REPORT_FOUND,0.4286,0.4286,0.86
ZWBURTPIYLFHIK,ZWBURTPIYLFHIK-QWSHCZFQSA-O,Palargonidin 3-(6- ferulylglucoside)-5-(6- malonylglucoside,1,cox2,NO_RELEVANT_REPORT_FOUND,NO_RELEVANT_REPORT_FOUND,NO_RELEVANT_REPORT_FOUND,0.4,0.4,0.3927
