scope,target,evidence_status,N,mean,std,median,IQR,min,max,Q1,Q3
Pooled_Raw,ALL_TARGETS,LEVEL_A_EXACT_TARGET,11,-8.3819,1.0878,-8.718,0.721,-9.863,-5.932,-8.9185,-8.1975
Pooled_Raw,ALL_TARGETS,LEVEL_B_RELATED_ENDPOINT,14,-7.5226,1.7349,-8.0345,1.0372,-9.367,-3.343,-8.265,-7.2278
Pooled_Raw,ALL_TARGETS,CONTRADICTED,5,-5.2364,5.2506,-6.379,2.361,-8.893,3.897,-8.584,-6.223
Pooled_Raw,ALL_TARGETS,NO_RELEVANT_REPORT_FOUND,41,-6.5657,2.7675,-7.205,1.507,-9.167,5.649,-7.873,-6.366
Pooled_Raw,ALL_TARGETS,ALL_CANDIDATES,71,-6.9422,2.7136,-7.669,1.742,-9.863,5.649,-8.285,-6.543
Within_PTGS1,PTGS1,LEVEL_A_EXACT_TARGET,2,-7.13,1.6942,-7.13,1.198,-8.328,-5.932,-7.729,-6.531
Within_PTGS1,PTGS1,LEVEL_B_RELATED_ENDPOINT,4,-7.1913,2.6425,-8.0275,1.5922,-9.367,-3.343,-8.4055,-6.8133
Within_PTGS1,PTGS1,CONTRADICTED,1,-6.223,0.0,-6.223,0.0,-6.223,-6.223,-6.223,-6.223
Within_PTGS1,PTGS1,NO_RELEVANT_REPORT_FOUND,12,-6.7254,1.0547,-6.7575,1.8417,-8.023,-4.994,-7.686,-5.8443
Within_PTGS1,PTGS1,ALL_CANDIDATES,19,-6.8396,1.4386,-7.149,2.075,-9.367,-3.343,-7.976,-5.901
Within_PTGS2,PTGS2,LEVEL_A_EXACT_TARGET,1,-7.044,0.0,-7.044,0.0,-7.044,-7.044,-7.044,-7.044
Within_PTGS2,PTGS2,LEVEL_B_RELATED_ENDPOINT,6,-7.3872,1.667,-8.0345,0.8717,-8.825,-4.189,-8.1595,-7.2877
Within_PTGS2,PTGS2,CONTRADICTED,1,-8.584,0.0,-8.584,0.0,-8.584,-8.584,-8.584,-8.584
Within_PTGS2,PTGS2,NO_RELEVANT_REPORT_FOUND,7,-7.5793,0.8886,-7.797,0.912,-8.79,-6.102,-8.0475,-7.1355
Within_PTGS2,PTGS2,ALL_CANDIDATES,15,-7.5337,1.1987,-7.873,1.159,-8.825,-4.189,-8.206,-7.047
Within_XDH,XDH,LEVEL_A_EXACT_TARGET,3,-8.9537,0.8174,-8.718,0.7915,-9.863,-8.28,-9.2905,-8.499
Within_XDH,XDH,LEVEL_B_RELATED_ENDPOINT,2,-7.636,0.9249,-7.636,0.654,-8.29,-6.982,-7.963,-7.309
Within_XDH,XDH,CONTRADICTED,0,,,,,,,,
Within_XDH,XDH,NO_RELEVANT_REPORT_FOUND,11,-7.0281,1.1488,-7.166,0.763,-8.53,-4.121,-7.5135,-6.7505
Within_XDH,XDH,ALL_CANDIDATES,16,-7.4651,1.2701,-7.24,1.3165,-9.863,-4.121,-8.2825,-6.966
Within_MAOA,MAOA,LEVEL_A_EXACT_TARGET,5,-8.8072,0.4518,-8.832,0.269,-9.348,-8.115,-9.005,-8.736
Within_MAOA,MAOA,LEVEL_B_RELATED_ENDPOINT,2,-8.478,1.014,-8.478,0.717,-9.195,-7.761,-8.8365,-8.1195
Within_MAOA,MAOA,CONTRADICTED,3,-3.7917,6.7762,-6.379,6.395,-8.893,3.897,-7.636,-1.241
Within_MAOA,MAOA,NO_RELEVANT_REPORT_FOUND,11,-5.2841,4.9826,-7.469,3.0895,-9.167,5.649,-8.159,-5.0695
Within_MAOA,MAOA,ALL_CANDIDATES,21,-6.2139,4.5439,-8.021,1.746,-9.348,5.649,-8.832,-7.086
