level,evidence_status,N,mean,std,median,IQR,min,max,Q1,Q3
1_Link_Level,LEVEL_A_EXACT_TARGET,118,0.6114,0.1165,0.6744,0.0926,0.4167,0.9114,0.5818,0.6744
1_Link_Level,LEVEL_B_RELATED_ENDPOINT,63,0.5603,0.1284,0.5059,0.3011,0.4035,0.7556,0.4545,0.7556
1_Link_Level,CONTRADICTED,61,0.4414,0.0657,0.4,0.0355,0.4,0.5789,0.4,0.4355
1_Link_Level,NO_RELEVANT_REPORT_FOUND,925,0.4823,0.1016,0.4359,0.0806,0.4,0.9231,0.4194,0.5
1_Link_Level,ALL_CANDIDATES,1167,0.4975,0.1119,0.4444,0.1143,0.4,0.9231,0.419,0.5333
2_Structure_Level_HighestTier,LEVEL_A_EXACT_TARGET,13,0.6343,0.1189,0.6304,0.1191,0.4167,0.9114,0.5714,0.6905
2_Structure_Level_HighestTier,LEVEL_B_RELATED_ENDPOINT,13,0.5249,0.0968,0.4952,0.14,0.4048,0.7556,0.4545,0.5945
2_Structure_Level_HighestTier,CONTRADICTED,7,0.4717,0.0798,0.4355,0.1411,0.4,0.5789,0.4014,0.5425
2_Structure_Level_HighestTier,NO_RELEVANT_REPORT_FOUND,286,0.486,0.0917,0.4579,0.0852,0.4,0.9231,0.4231,0.5083
2_Structure_Level_HighestTier,ALL_CANDIDATES,319,0.4933,0.0973,0.4643,0.1059,0.4,0.9231,0.4231,0.529
3_Compound_Target_Level,LEVEL_A_EXACT_TARGET,13,0.6542,0.1332,0.6304,0.1087,0.4167,0.9114,0.5818,0.6905
3_Compound_Target_Level,LEVEL_B_RELATED_ENDPOINT,16,0.5127,0.0931,0.4971,0.112,0.4035,0.7556,0.4439,0.5559
3_Compound_Target_Level,CONTRADICTED,7,0.4717,0.0798,0.4355,0.1411,0.4,0.5789,0.4014,0.5425
3_Compound_Target_Level,NO_RELEVANT_REPORT_FOUND,304,0.4877,0.0962,0.4579,0.0874,0.4,0.9231,0.4225,0.5099
3_Compound_Target_Level,ALL_CANDIDATES,340,0.4949,0.1022,0.4629,0.1063,0.4,0.9231,0.4231,0.5294
