raw_family,normalized_family,occurrence_count,variant_count,normalization_type,review_required,notes
-,-,7,1,NO_CHANGE,FALSE,
Acanthaceae,acanthaceae,18,1,CASE_ONLY,FALSE,
Acoraceae,acoraceae,1,1,CASE_ONLY,FALSE,
Adiantaceae,adiantaceae,3,1,CASE_ONLY,FALSE,
Aizoaceae,aizoaceae,1,1,CASE_ONLY,FALSE,
Alangiaceae,alangiaceae,1,1,CASE_ONLY,FALSE,
Alismataceae,alismataceae,1,1,CASE_ONLY,FALSE,
Amaranthaceae,amaranthaceae,11,1,CASE_ONLY,FALSE,
Amaryllidaceae,amaryllidaceae,4,1,CASE_ONLY,FALSE,
Anacardiaceae,anacardiaceae,8,1,CASE_ONLY,FALSE,
ANNONACEAE / Annonaceae,annonaceae,9,2,CASE_ONLY,TRUE,"Variants: ANNONACEAE, Annonaceae"
Apiaceae,apiaceae,10,1,CASE_ONLY,FALSE,
Apocynacea,apocynacea,1,1,CASE_ONLY,FALSE,
Apocynaceae,apocynaceae,19,1,CASE_ONLY,FALSE,
Araceae,araceae,11,1,CASE_ONLY,FALSE,
Araliaceae,araliaceae,2,1,CASE_ONLY,FALSE,
Arecaceae,arecaceae,5,1,CASE_ONLY,FALSE,
Aristolochiaceae,aristolochiaceae,4,1,CASE_ONLY,FALSE,
Articaceae,articaceae,1,1,CASE_ONLY,FALSE,
Asclepiadaceae,asclepiadaceae,11,1,CASE_ONLY,FALSE,
Aspleniaceae,aspleniaceae,1,1,CASE_ONLY,FALSE,
Asteraceae,asteraceae,30,1,CASE_ONLY,FALSE,
Averrhoaceae,averrhoaceae,2,1,CASE_ONLY,FALSE,
Balsaminaceae,balsaminaceae,1,1,CASE_ONLY,FALSE,
Barringtoniaceae,barringtoniaceae,2,1,CASE_ONLY,FALSE,
Basellaceae,basellaceae,1,1,CASE_ONLY,FALSE,
Begoniaceae,begoniaceae,1,1,CASE_ONLY,FALSE,
Berberidaceae,berberidaceae,1,1,CASE_ONLY,FALSE,
Betulaceae,betulaceae,1,1,CASE_ONLY,FALSE,
Bignoniaceae,bignoniaceae,3,1,CASE_ONLY,FALSE,
Bixaceae,bixaceae,1,1,CASE_ONLY,FALSE,
Bombacaceae,bombacaceae,1,1,CASE_ONLY,FALSE,
Bombaceae,bombaceae,2,1,CASE_ONLY,FALSE,
Boraginaceae,boraginaceae,2,1,CASE_ONLY,FALSE,
Brassicaceae,brassicaceae,4,1,CASE_ONLY,FALSE,
Bromeliaceae,bromeliaceae,1,1,CASE_ONLY,FALSE,
Buddlejaceae,buddlejaceae,1,1,CASE_ONLY,FALSE,
Burseraceae,burseraceae,5,1,CASE_ONLY,FALSE,
Cactaceae / Cactaceae.,cactaceae,2,2,CASE_ONLY | PUNCTUATION_ONLY,TRUE,"Variants: Cactaceae, Cactaceae."
Caesalpinaeae,caesalpinaeae,13,1,CASE_ONLY,FALSE,
Caesalpiniaceae,caesalpiniaceae,3,1,CASE_ONLY,FALSE,
Cannabidaceae,cannabidaceae,1,1,CASE_ONLY,FALSE,
Cannaceae,cannaceae,1,1,CASE_ONLY,FALSE,
Capparidaceae,capparidaceae,4,1,CASE_ONLY,FALSE,
Caprifoliaceae,caprifoliaceae,1,1,CASE_ONLY,FALSE,
Caricaceae,caricaceae,1,1,CASE_ONLY,FALSE,
Caryophyllaceae,caryophyllaceae,2,1,CASE_ONLY,FALSE,
Casuarinaceae,casuarinaceae,1,1,CASE_ONLY,FALSE,
Celastraceae,celastraceae,1,1,CASE_ONLY,FALSE,
Chenopodiaceae,chenopodiaceae,3,1,CASE_ONLY,FALSE,
Chloranthaceae,chloranthaceae,1,1,CASE_ONLY,FALSE,
Clusiaceae,clusiaceae,6,1,CASE_ONLY,FALSE,
Combretaceae,combretaceae,7,1,CASE_ONLY,FALSE,
Commelinaceae,commelinaceae,7,1,CASE_ONLY,FALSE,
Connaraceae,connaraceae,1,1,CASE_ONLY,FALSE,
Convolvulaceae,convolvulaceae,14,1,CASE_ONLY,FALSE,
Costaceae,costaceae,1,1,CASE_ONLY,FALSE,
Crassulaceae,crassulaceae,1,1,CASE_ONLY,FALSE,
Cucurbitaceae / Cucurbitaceae.,cucurbitaceae,24,2,CASE_ONLY | PUNCTUATION_ONLY,TRUE,"Variants: Cucurbitaceae, Cucurbitaceae."
Cuscutaceae,cuscutaceae,2,1,CASE_ONLY,FALSE,
Cyperaceae,cyperaceae,7,1,CASE_ONLY,FALSE,
Dilleniaceae,dilleniaceae,4,1,CASE_ONLY,FALSE,
Dioscoreaceae,dioscoreaceae,5,1,CASE_ONLY,FALSE,
Dioscoriaceae,dioscoriaceae,1,1,CASE_ONLY,FALSE,
Dipterocarpaceae,dipterocarpaceae,8,1,CASE_ONLY,FALSE,
Droseraceae,droseraceae,1,1,CASE_ONLY,FALSE,
Drynariaceae,drynariaceae,1,1,CASE_ONLY,FALSE,
Ebenaceae,ebenaceae,2,1,CASE_ONLY,FALSE,
Ebenaceaea,ebenaceaea,1,1,CASE_ONLY,FALSE,
Elaeocareaceae,elaeocareaceae,1,1,CASE_ONLY,FALSE,
Elaeocarpaceae,elaeocarpaceae,2,1,CASE_ONLY,FALSE,
Equisetaceae,equisetaceae,1,1,CASE_ONLY,FALSE,
Euphorbiaceae,euphorbiaceae,39,1,CASE_ONLY,FALSE,
Fabaceae,fabaceae,55,1,CASE_ONLY,FALSE,
Fabeceae,fabeceae,9,1,CASE_ONLY,FALSE,
Fagaceae,fagaceae,1,1,CASE_ONLY,FALSE,
Flacourtiaceae,flacourtiaceae,4,1,CASE_ONLY,FALSE,
Gentianaceae,gentianaceae,2,1,CASE_ONLY,FALSE,
Gnetaceae,gnetaceae,1,1,CASE_ONLY,FALSE,
Guttiferae,guttiferae,1,1,CASE_ONLY,FALSE,
Hamamelidaceae,hamamelidaceae,1,1,CASE_ONLY,FALSE,
Helminthostachyaceae,helminthostachyaceae,1,1,CASE_ONLY,FALSE,
Hydrocharitaceae,hydrocharitaceae,1,1,CASE_ONLY,FALSE,
Hydrophyllaceae,hydrophyllaceae,1,1,CASE_ONLY,FALSE,
Hypericaceae,hypericaceae,1,1,CASE_ONLY,FALSE,
Hypoxidaceae,hypoxidaceae,2,1,CASE_ONLY,FALSE,
Iridaceae,iridaceae,1,1,CASE_ONLY,FALSE,
Juglandaceae,juglandaceae,1,1,CASE_ONLY,FALSE,
Lamiaceae,lamiaceae,24,1,CASE_ONLY,FALSE,
LAURACEAE / Lauraceae,lauraceae,12,2,CASE_ONLY,TRUE,"Variants: LAURACEAE, Lauraceae"
Lecythidaceae,lecythidaceae,1,1,CASE_ONLY,FALSE,
Leeaceae,leeaceae,4,1,CASE_ONLY,FALSE,
Liliaceae,liliaceae,7,1,CASE_ONLY,FALSE,
Linaceae,linaceae,2,1,CASE_ONLY,FALSE,
Loganiaceae,loganiaceae,2,1,CASE_ONLY,FALSE,
Loranthaceae,loranthaceae,3,1,CASE_ONLY,FALSE,
lridaceae,lridaceae,1,1,NO_CHANGE,FALSE,
Lygodiaceae,lygodiaceae,4,1,CASE_ONLY,FALSE,
Lythraceae,lythraceae,6,1,CASE_ONLY,FALSE,
MAGNOLIACEAE / Magnoliaceae,magnoliaceae,3,2,CASE_ONLY,TRUE,"Variants: MAGNOLIACEAE, Magnoliaceae"
Malphigiaceae,malphigiaceae,1,1,CASE_ONLY,FALSE,
Malvaceae,malvaceae,25,1,CASE_ONLY,FALSE,
Marantaceae,marantaceae,1,1,CASE_ONLY,FALSE,
Melasomaceae,melasomaceae,1,1,CASE_ONLY,FALSE,
Melastomaceae,melastomaceae,1,1,CASE_ONLY,FALSE,
Meliaceae,meliaceae,9,1,CASE_ONLY,FALSE,
Menispermaceae,menispermaceae,11,1,CASE_ONLY,FALSE,
Menyanthaceae,menyanthaceae,1,1,CASE_ONLY,FALSE,
Mimosaceae,mimosaceae,17,1,CASE_ONLY,FALSE,
Molluginaceae,molluginaceae,2,1,CASE_ONLY,FALSE,
Moraceae,moraceae,20,1,CASE_ONLY,FALSE,
Moringaceae,moringaceae,2,1,CASE_ONLY,FALSE,
Musaceae,musaceae,2,1,CASE_ONLY,FALSE,
Myricaeae,myricaeae,1,1,CASE_ONLY,FALSE,
Myrsinaceae,myrsinaceae,5,1,CASE_ONLY,FALSE,
Myrtaceae,myrtaceae,6,1,CASE_ONLY,FALSE,
Nyctaginaceae / Nyctaginaceae.,nyctaginaceae,6,2,CASE_ONLY | PUNCTUATION_ONLY,TRUE,"Variants: Nyctaginaceae, Nyctaginaceae."
Nymphaeaceae,nymphaeaceae,5,1,CASE_ONLY,FALSE,
Ochnaceae,ochnaceae,1,1,CASE_ONLY,FALSE,
Oleaceae,oleaceae,4,1,CASE_ONLY,FALSE,
Onagraceae,onagraceae,1,1,CASE_ONLY,FALSE,
Orchidaceae,orchidaceae,6,1,CASE_ONLY,FALSE,
Orobanchaceae,orobanchaceae,1,1,CASE_ONLY,FALSE,
Oxalidaceae,oxalidaceae,2,1,CASE_ONLY,FALSE,
Pandanaceae,pandanaceae,1,1,CASE_ONLY,FALSE,
Papaveraceae,papaveraceae,3,1,CASE_ONLY,FALSE,
Passifloraceae,passifloraceae,1,1,CASE_ONLY,FALSE,
Pedaliaceae,pedaliaceae,3,1,CASE_ONLY,FALSE,
Piperaceae,piperaceae,11,1,CASE_ONLY,FALSE,
Plumbaginaceae / Plumbaginaceae.,plumbaginaceae,3,2,CASE_ONLY | PUNCTUATION_ONLY,TRUE,"Variants: Plumbaginaceae, Plumbaginaceae."
Poaceae,poaceae,19,1,CASE_ONLY,FALSE,
Polygalaceae,polygalaceae,1,1,CASE_ONLY,FALSE,
Polygonaceae,polygonaceae,15,1,CASE_ONLY,FALSE,
Polypodiaceae,polypodiaceae,1,1,CASE_ONLY,FALSE,
Pontederiaceae,pontederiaceae,3,1,CASE_ONLY,FALSE,
Portulacaceae,portulacaceae,1,1,CASE_ONLY,FALSE,
Primulaceae,primulaceae,1,1,CASE_ONLY,FALSE,
Punicaeae,punicaeae,1,1,CASE_ONLY,FALSE,
Ranunculaceae,ranunculaceae,3,1,CASE_ONLY,FALSE,
Rhamnaceae,rhamnaceae,3,1,CASE_ONLY,FALSE,
Rhizophoraceae,rhizophoraceae,2,1,CASE_ONLY,FALSE,
Rosaceae,rosaceae,2,1,CASE_ONLY,FALSE,
Rubiaceae,rubiaceae,32,1,CASE_ONLY,FALSE,
Rutaceae,rutaceae,19,1,CASE_ONLY,FALSE,
Salicaceae,salicaceae,1,1,CASE_ONLY,FALSE,
Santalaceae,santalaceae,1,1,CASE_ONLY,FALSE,
Sapindaceae,sapindaceae,11,1,CASE_ONLY,FALSE,
Sapotaceae,sapotaceae,4,1,CASE_ONLY,FALSE,
Scrophulariaceae,scrophulariaceae,6,1,CASE_ONLY,FALSE,
Simarubaceae,simarubaceae,1,1,CASE_ONLY,FALSE,
Smilacaceae,smilacaceae,3,1,CASE_ONLY,FALSE,
Solanaceae,solanaceae,14,1,CASE_ONLY,FALSE,
Solanacee,solanacee,2,1,CASE_ONLY,FALSE,
Solanceae,solanceae,2,1,CASE_ONLY,FALSE,
Sonneratiaceae,sonneratiaceae,1,1,CASE_ONLY,FALSE,
Sterculaceae,sterculaceae,2,1,CASE_ONLY,FALSE,
Sterculiaceae,sterculiaceae,12,1,CASE_ONLY,FALSE,
Symplocaceae,symplocaceae,1,1,CASE_ONLY,FALSE,
Taccaceae,taccaceae,1,1,CASE_ONLY,FALSE,
Tamaricaceae,tamaricaceae,1,1,CASE_ONLY,FALSE,
Tamaricaeae,tamaricaeae,1,1,CASE_ONLY,FALSE,
Theaceae,theaceae,3,1,CASE_ONLY,FALSE,
Thymelaeaceae,thymelaeaceae,2,1,CASE_ONLY,FALSE,
Tiliaceae,tiliaceae,11,1,CASE_ONLY,FALSE,
Trapaceae,trapaceae,1,1,CASE_ONLY,FALSE,
Typhaceae,typhaceae,1,1,CASE_ONLY,FALSE,
Ulmaceae,ulmaceae,1,1,CASE_ONLY,FALSE,
Urticaceae,urticaceae,10,1,CASE_ONLY,FALSE,
Urticaeae,urticaeae,1,1,CASE_ONLY,FALSE,
Verbenaceae,verbenaceae,18,1,CASE_ONLY,FALSE,
Violaceae,violaceae,2,1,CASE_ONLY,FALSE,
Vitaceae,vitaceae,12,1,CASE_ONLY,FALSE,
Vixaceae,vixaceae,1,1,CASE_ONLY,FALSE,
Zingiberaceae,zingiberaceae,22,1,CASE_ONLY,FALSE,
Zygophyllaceae,zygophyllaceae,2,1,CASE_ONLY,FALSE,
