inchikey_connectivity,split,n_records,median_pchembl,min_pchembl,max_pchembl,conflict_T6,conflict_T5,label_T6,label_T5
AACXOSPRTYPFDW,training_pool,1,5.85,5.85,5.85,False,False,0.0,1.0
AALGZYJPWKHVMZ,training_pool,1,4.63,4.63,4.63,False,False,0.0,0.0
AALLYEKQMKRVGR,training_pool,1,7.81,7.81,7.81,False,False,1.0,1.0
ABNWMVURYILCJQ,training_pool,1,4.45,4.45,4.45,False,False,0.0,0.0
ABPABQXEIYHSAF,training_pool,1,6.24,6.24,6.24,False,False,1.0,1.0
ACFQQDXFCVFBIX,training_pool,1,5.01,5.01,5.01,False,False,0.0,1.0
ACTXCQHXPKCRIZ,training_pool,1,4.85,4.85,4.85,False,False,0.0,0.0
ACVGWSKVRYFWRP,training_pool,1,5.06,5.06,5.06,False,False,0.0,1.0
ADKQVMYWICSUOZ,training_pool,1,5.82,5.82,5.82,False,False,0.0,1.0
ADUDQKMQQHYYGO,training_pool,2,6.035,5.71,6.36,False,False,1.0,1.0
AEALBEZJYDCIQP,training_pool,1,4.28,4.28,4.28,False,False,0.0,0.0
AEIGTKUKBWYPFQ,training_pool,3,4.14,4.0,5.16,False,True,0.0,
AEYMEGDJFOGQLY,training_pool,1,6.3,6.3,6.3,False,False,1.0,1.0
AFDMADPROREDQJ,training_pool,1,5.34,5.34,5.34,False,False,0.0,1.0
AHEZYKGGUDUOBF,training_pool,1,4.25,4.25,4.25,False,False,0.0,0.0
AHIOUXABOCYPEI,training_pool,1,5.5,5.5,5.5,False,False,0.0,1.0
AIRAUYDAHZSVQQ,training_pool,1,4.05,4.05,4.05,False,False,0.0,0.0
AIRNGFONAMWZBC,training_pool,1,4.18,4.18,4.18,False,False,0.0,0.0
AIVQANJIFCWFLZ,training_pool,1,4.77,4.77,4.77,False,False,0.0,0.0
AJFTZWGGHJXZOB,training_pool,7,6.1,4.65,8.15,True,True,,
AJOWCZNUUCEEMV,training_pool,1,5.35,5.35,5.35,False,False,0.0,1.0
AJRNYCDWNITGHF,training_pool,1,5.55,5.55,5.55,False,False,0.0,1.0
AJYWXMJXJSEWLW,training_pool,1,4.51,4.51,4.51,False,False,0.0,0.0
AKJVOVLHKQMZDX,training_pool,1,4.48,4.48,4.48,False,False,0.0,0.0
AKTXOQVMWSFEBQ,training_pool,1,6.22,6.22,6.22,False,False,1.0,1.0
ALFPTVYCOSMDFS,training_pool,1,6.1,6.1,6.1,False,False,1.0,1.0
ALOKHRRVYXMQQV,training_pool,1,6.39,6.39,6.39,False,False,1.0,1.0
ALTIXRRWNZGIQY,training_pool,1,4.52,4.52,4.52,False,False,0.0,0.0
AMCNIUKDQHXDEI,training_pool,1,5.01,5.01,5.01,False,False,0.0,1.0
AMPDYFMIFKVPDX,training_pool,1,6.47,6.47,6.47,False,False,1.0,1.0
ANDOOPVMUPEKIY,training_pool,1,4.6,4.6,4.6,False,False,0.0,0.0
ANLQSLCMDUDROE,training_pool,1,4.35,4.35,4.35,False,False,0.0,0.0
ANTSWWWZZVXJCU,training_pool,1,5.41,5.41,5.41,False,False,0.0,1.0
AOEPIGCBPLBJNO,training_pool,1,5.26,5.26,5.26,False,False,0.0,1.0
AOIRPWVDXFUMLO,training_pool,1,4.03,4.03,4.03,False,False,0.0,0.0
AOSAIHVVLGCXQM,training_pool,1,5.75,5.75,5.75,False,False,0.0,1.0
APIXQVBCVVGESH,training_pool,1,4.14,4.14,4.14,False,False,0.0,0.0
AQJASLQQCCUDQH,training_pool,1,4.11,4.11,4.11,False,False,0.0,0.0
AQYNYSMSLUBEKD,training_pool,1,4.32,4.32,4.32,False,False,0.0,0.0
ARBNKJFPDYRWBW,training_pool,1,4.47,4.47,4.47,False,False,0.0,0.0
ARDUNDMCGGZTSG,training_pool,1,5.15,5.15,5.15,False,False,0.0,1.0
ARHJMINBTFKHQC,training_pool,1,7.19,7.19,7.19,False,False,1.0,1.0
ASRZEXHEXSQIBP,training_pool,1,5.6,5.6,5.6,False,False,0.0,1.0
ATGNWRJVESLUOP,training_pool,1,4.11,4.11,4.11,False,False,0.0,0.0
AUDIKJKYMGBIIN,training_pool,1,5.72,5.72,5.72,False,False,0.0,1.0
AURNZDRKZMLHPN,training_pool,1,4.74,4.74,4.74,False,False,0.0,0.0
AVACRGXQKYUNIL,training_pool,1,6.0,6.0,6.0,False,False,1.0,1.0
AVIBDSHVTBXTQH,training_pool,1,4.04,4.04,4.04,False,False,0.0,0.0
AXLIJRCKRUPBPQ,training_pool,1,4.0,4.0,4.0,False,False,0.0,0.0
AYSHGUSXVQWYKC,training_pool,1,4.58,4.58,4.58,False,False,0.0,0.0
AZQDMWIESRGIRB,training_pool,1,6.5,6.5,6.5,False,False,1.0,1.0
AZYYTQZIXMYIPW,training_pool,1,5.83,5.83,5.83,False,False,0.0,1.0
BBOGYKPAKFQZFU,training_pool,1,7.1,7.1,7.1,False,False,1.0,1.0
BBOHPBJORQIKDS,training_pool,1,5.92,5.92,5.92,False,False,0.0,1.0
BBVRYNOHSCGZRP,training_pool,1,5.04,5.04,5.04,False,False,0.0,1.0
BBYSLDLSLKRDFY,training_pool,1,4.4,4.4,4.4,False,False,0.0,0.0
BCJNNDQKUPBJIG,training_pool,1,5.35,5.35,5.35,False,False,0.0,1.0
BCTBMFSBWYHUIJ,training_pool,1,4.13,4.13,4.13,False,False,0.0,0.0
BEAMWMXOENPANF,training_pool,1,5.51,5.51,5.51,False,False,0.0,1.0
BEBUXPXGISJGLB,training_pool,1,4.27,4.27,4.27,False,False,0.0,0.0
BELOOOVTNYOWCO,training_pool,1,4.4,4.4,4.4,False,False,0.0,0.0
BFMZEGLJNQXWAI,training_pool,1,4.54,4.54,4.54,False,False,0.0,0.0
BGOVOFKQWOWYIN,training_pool,1,5.72,5.72,5.72,False,False,0.0,1.0
BGRMBRVQUPSOJL,training_pool,1,6.0,6.0,6.0,False,False,1.0,1.0
BHAFHAMADYHYPJ,training_pool,1,4.21,4.21,4.21,False,False,0.0,0.0
BHEBXCRPZLSIDX,training_pool,1,5.38,5.38,5.38,False,False,0.0,1.0
BHHFSNCTZVVISM,training_pool,1,5.23,5.23,5.23,False,False,0.0,1.0
BIHONVMOJSPPFL,training_pool,1,4.77,4.77,4.77,False,False,0.0,0.0
BIKVSCVPZGXPRO,training_pool,1,6.43,6.43,6.43,False,False,1.0,1.0
BIOCOYIPJQMGTN,training_pool,1,7.33,7.33,7.33,False,False,1.0,1.0
BIRLOYXSRCPMQG,training_pool,1,5.82,5.82,5.82,False,False,0.0,1.0
BIXWNJAOOLPDOM,training_pool,1,5.0,5.0,5.0,False,False,0.0,1.0
BJADJOFIXMFPRE,training_pool,1,5.02,5.02,5.02,False,False,0.0,1.0
BJSHRSBHYAVRGG,training_pool,1,5.94,5.94,5.94,False,False,0.0,1.0
BKAIDULGUXNMAB,training_pool,1,5.52,5.52,5.52,False,False,0.0,1.0
BKFJGWJMNRLCOI,training_pool,1,5.33,5.33,5.33,False,False,0.0,1.0
BMGAUIUJEJQJTO,training_pool,1,5.6,5.6,5.6,False,False,0.0,1.0
BMIPCEAXHCNRNV,training_pool,1,4.82,4.82,4.82,False,False,0.0,0.0
BMKMNIYHCFBKMM,training_pool,1,4.25,4.25,4.25,False,False,0.0,0.0
BMSVTUXQNZVYTR,training_pool,1,4.91,4.91,4.91,False,False,0.0,0.0
BMXYLFDEBQVEJR,training_pool,1,5.52,5.52,5.52,False,False,0.0,1.0
BNBASDDWNLWQCH,training_pool,1,5.05,5.05,5.05,False,False,0.0,1.0
BNDJAGQGLAJXIC,training_pool,1,4.91,4.91,4.91,False,False,0.0,0.0
BNJPDXSGSITYAN,training_pool,1,5.39,5.39,5.39,False,False,0.0,1.0
BOEJXBGCXOGVPM,training_pool,1,5.55,5.55,5.55,False,False,0.0,1.0
BOYUPSDAYQVTDE,training_pool,1,5.24,5.24,5.24,False,False,0.0,1.0
BPEWTNBEERMQHK,training_pool,1,5.28,5.28,5.28,False,False,0.0,1.0
BPIWZDNVMQQBQX,training_pool,1,5.57,5.57,5.57,False,False,0.0,1.0
BPJJUNOJJPFGCB,training_pool,1,6.32,6.32,6.32,False,False,1.0,1.0
BPNCIVZQFUIDBP,training_pool,1,5.8,5.8,5.8,False,False,0.0,1.0
BQJIFVOOSUPULW,training_pool,1,4.08,4.08,4.08,False,False,0.0,0.0
BQQUXECVVCRHDK,training_pool,1,5.43,5.43,5.43,False,False,0.0,1.0
BREBAPWKZBSKLD,training_pool,1,4.81,4.81,4.81,False,False,0.0,0.0
BRWDKJBTMKFKLU,training_pool,1,5.04,5.04,5.04,False,False,0.0,1.0
BSLAOCJVMOGUKX,training_pool,1,4.21,4.21,4.21,False,False,0.0,0.0
BSYNRYMUTXBXSQ,training_pool,6,5.16,4.0,6.46,True,True,,
BTCFFMPDIBWZLF,training_pool,1,6.1,6.1,6.1,False,False,1.0,1.0
BTVCUBHJRIGKQW,training_pool,1,5.52,5.52,5.52,False,False,0.0,1.0
BUCJUMIAUUHQKH,training_pool,1,5.1,5.1,5.1,False,False,0.0,1.0
BUJXQQWRTSOLOU,training_pool,1,5.44,5.44,5.44,False,False,0.0,1.0
BURSRWZPRFNCOA,training_pool,1,5.73,5.73,5.73,False,False,0.0,1.0
BVHCPVREOGFUNX,training_pool,1,4.8,4.8,4.8,False,False,0.0,0.0
BVQAEEMZQBCHCW,training_pool,1,5.41,5.41,5.41,False,False,0.0,1.0
BVTKIDUJDDUWNM,training_pool,1,6.69,6.69,6.69,False,False,1.0,1.0
BVZXSBMLTOYNIL,training_pool,1,9.0,9.0,9.0,False,False,1.0,1.0
BWCJJGGZRYKPID,training_pool,1,6.21,6.21,6.21,False,False,1.0,1.0
BWPQTVZCMXKOKH,training_pool,1,4.47,4.47,4.47,False,False,0.0,0.0
BYVMLUTZTHOPKN,training_pool,1,6.29,6.29,6.29,False,False,1.0,1.0
BZDNZDCNMJTHQZ,training_pool,1,4.42,4.42,4.42,False,False,0.0,0.0
BZLAZSCSSCESCS,training_pool,1,6.25,6.25,6.25,False,False,1.0,1.0
BZOBGQWGXDLWEF,training_pool,1,5.95,5.95,5.95,False,False,0.0,1.0
BZYLEJKXQKMYAI,training_pool,1,4.44,4.44,4.44,False,False,0.0,0.0
CADYKNKPEWDIGJ,training_pool,1,7.15,7.15,7.15,False,False,1.0,1.0
CBBRCRGHYBDUFY,training_pool,2,6.01,5.5,6.52,True,False,,1.0
CBPIQQDZRVMUPW,training_pool,1,4.44,4.44,4.44,False,False,0.0,0.0
CBXFUGGFUHJDAX,training_pool,1,4.82,4.82,4.82,False,False,0.0,0.0
CCJUIADWUOKEND,training_pool,1,7.29,7.29,7.29,False,False,1.0,1.0
CCVDPDRPPMKLTE,training_pool,2,6.255,5.66,6.85,True,False,,1.0
CDMGBJANTYXAIV,training_pool,1,5.7,5.7,5.7,False,False,0.0,1.0
CDMHSMOZNZFYIK,training_pool,1,4.09,4.09,4.09,False,False,0.0,0.0
CDNINLNBPIYEHO,training_pool,1,4.9,4.9,4.9,False,False,0.0,0.0
CDUKBWNKUSEEJJ,training_pool,1,7.35,7.35,7.35,False,False,1.0,1.0
CEQHIICDXXLRLM,training_pool,1,6.46,6.46,6.46,False,False,1.0,1.0
CEWVXPZMZGBSJN,training_pool,1,6.32,6.32,6.32,False,False,1.0,1.0
CFRFWENQINXUII,training_pool,1,6.3,6.3,6.3,False,False,1.0,1.0
CGIGDMFJXJATDK,training_pool,40,6.9399999999999995,4.91,9.85,True,True,,
CHEJRRFLVQYEME,training_pool,1,4.84,4.84,4.84,False,False,0.0,0.0
CHPZLYNWDORWQT,training_pool,1,7.7,7.7,7.7,False,False,1.0,1.0
CHUNHRFIWQZFCI,training_pool,1,4.52,4.52,4.52,False,False,0.0,0.0
CHVDZCLOELVALQ,training_pool,1,4.0,4.0,4.0,False,False,0.0,0.0
CIMZKNZIVLVJNK,training_pool,1,4.31,4.31,4.31,False,False,0.0,0.0
CIWATJKMNLQEKA,training_pool,1,5.07,5.07,5.07,False,False,0.0,1.0
CJAWPKAYKMKKAD,training_pool,1,5.88,5.88,5.88,False,False,0.0,1.0
CJCPRVUKZFMQGA,training_pool,1,4.36,4.36,4.36,False,False,0.0,0.0
CJQBFAVDDWNVHT,training_pool,1,5.72,5.72,5.72,False,False,0.0,1.0
CKAGNYHIHXYZET,training_pool,1,5.81,5.81,5.81,False,False,0.0,1.0
CKFRDEQBDGYQLW,training_pool,1,4.8,4.8,4.8,False,False,0.0,0.0
CKXSRLUXTFDZCF,training_pool,1,5.4,5.4,5.4,False,False,0.0,1.0
CKYMQKPEKCVHMI,training_pool,1,4.34,4.34,4.34,False,False,0.0,0.0
CKYRQRCQUDZFGL,training_pool,1,7.05,7.05,7.05,False,False,1.0,1.0
CMLFLJYYVZMZEF,training_pool,1,5.6,5.6,5.6,False,False,0.0,1.0
CMWTZPSULFXXJA,training_pool,6,5.98,4.96,7.21,True,True,,
CNOMOEITTQLGJX,training_pool,1,4.48,4.48,4.48,False,False,0.0,0.0
COAQKUPDYYYTMU,training_pool,1,4.05,4.05,4.05,False,False,0.0,0.0
COBVPYXANNBBCS,training_pool,1,4.36,4.36,4.36,False,False,0.0,0.0
COJFTSPNCFGILB,training_pool,1,5.55,5.55,5.55,False,False,0.0,1.0
COJVSUCMGPNJHG,training_pool,1,4.5,4.5,4.5,False,False,0.0,0.0
CQEDUEBRINEBGP,training_pool,2,5.85,5.31,6.39,True,False,,1.0
CQVZYKXHVWHDDF,training_pool,1,7.18,7.18,7.18,False,False,1.0,1.0
CRMFBTQUPQALSY,training_pool,1,5.02,5.02,5.02,False,False,0.0,1.0
CRTFPNCZXZINQK,training_pool,1,7.05,7.05,7.05,False,False,1.0,1.0
CSOISVJKLBMNCK,training_pool,1,4.77,4.77,4.77,False,False,0.0,0.0
CSYDLWAKOSNOAE,training_pool,2,5.5,5.0,6.0,False,False,0.0,1.0
CTGRQQITDNERQV,training_pool,1,6.24,6.24,6.24,False,False,1.0,1.0
CTYTWVYNLUZWIC,training_pool,1,4.3,4.3,4.3,False,False,0.0,0.0
CUJAYBPDKMIWOJ,training_pool,1,4.81,4.81,4.81,False,False,0.0,0.0
CUMCDOPLRDLUMP,training_pool,1,4.66,4.66,4.66,False,False,0.0,0.0
CUVUXNULRBGYON,training_pool,1,4.72,4.72,4.72,False,False,0.0,0.0
CVHYSZGLJBKYOG,training_pool,1,7.7,7.7,7.7,False,False,1.0,1.0
CVPSIMWFHZLLEZ,training_pool,1,4.47,4.47,4.47,False,False,0.0,0.0
CVTWWUQHTBCDEB,training_pool,1,4.25,4.25,4.25,False,False,0.0,0.0
CWBUUUHKRWGIGX,training_pool,1,6.75,6.75,6.75,False,False,1.0,1.0
CWGPKADKUXFWDR,training_pool,1,4.39,4.39,4.39,False,False,0.0,0.0
CXCYSZHREGZWQZ,training_pool,1,6.16,6.16,6.16,False,False,1.0,1.0
CZNSBVHKDJILOR,training_pool,1,4.54,4.54,4.54,False,False,0.0,0.0
DADHJCHABCTJSK,training_pool,1,4.96,4.96,4.96,False,False,0.0,0.0
DAEKZKUAFVMFKP,training_pool,1,5.16,5.16,5.16,False,False,0.0,1.0
DAQHOGIVJRTPRJ,training_pool,1,4.31,4.31,4.31,False,False,0.0,0.0
DARUDEIEANYQOK,training_pool,1,6.54,6.54,6.54,False,False,1.0,1.0
DBARNAJNBUVQQY,training_pool,1,5.16,5.16,5.16,False,False,0.0,1.0
DBOGUXGEJXYHPC,training_pool,1,4.58,4.58,4.58,False,False,0.0,0.0
DBTIALADKQUNTD,training_pool,1,5.64,5.64,5.64,False,False,0.0,1.0
DBYDCJSATBOJOK,training_pool,1,4.51,4.51,4.51,False,False,0.0,0.0
DCCWOUMTBFRHCJ,training_pool,1,5.96,5.96,5.96,False,False,0.0,1.0
DCNFOZPTCDBWRR,training_pool,1,4.52,4.52,4.52,False,False,0.0,0.0
DCOPUUMXTXDBNB,training_pool,10,7.41,4.74,8.52,True,True,,
DDLFHUMKBIUTAS,training_pool,1,5.0,5.0,5.0,False,False,0.0,1.0
DESBNISDYNFRCI,training_pool,1,6.52,6.52,6.52,False,False,1.0,1.0
DFAGWXVWJYTEEG,training_pool,1,5.31,5.31,5.31,False,False,0.0,1.0
DFJVUELGIACRGE,training_pool,1,6.08,6.08,6.08,False,False,1.0,1.0
DFOLAJVGZPYPKL,training_pool,1,4.76,4.76,4.76,False,False,0.0,0.0
DFQGDHBGRSTTHX,training_pool,1,4.24,4.24,4.24,False,False,0.0,0.0
DFSTZAKEISRAOK,training_pool,1,4.55,4.55,4.55,False,False,0.0,0.0
DFXUDLIGCVSXJI,training_pool,1,4.53,4.53,4.53,False,False,0.0,0.0
DGMFCHKURLYHIZ,training_pool,1,4.97,4.97,4.97,False,False,0.0,0.0
DGVMYPWWHNIECE,training_pool,1,6.8,6.8,6.8,False,False,1.0,1.0
DHEMTWWLRLOBKI,training_pool,1,5.4,5.4,5.4,False,False,0.0,1.0
DHNTZEYGEFMOTJ,training_pool,1,4.41,4.41,4.41,False,False,0.0,0.0
DHRDHNHJDYLPGD,training_pool,1,4.28,4.28,4.28,False,False,0.0,0.0
DHRWMANEHKIRBS,training_pool,1,5.35,5.35,5.35,False,False,0.0,1.0
DICHKUSVPRXKBB,training_pool,1,4.44,4.44,4.44,False,False,0.0,0.0
DIIJJSMSKXETBH,training_pool,1,4.54,4.54,4.54,False,False,0.0,0.0
DIUCLSCBUOAEQY,training_pool,1,5.97,5.97,5.97,False,False,0.0,1.0
DJEIHHYCDCTAAH,training_pool,2,8.475,8.1,8.85,False,False,1.0,1.0
DKFCOAXLNVHDTF,training_pool,1,4.52,4.52,4.52,False,False,0.0,0.0
DKWKAXBUKHRRGT,training_pool,1,4.46,4.46,4.46,False,False,0.0,0.0
DKYBDHTZRSEVKL,training_pool,1,4.25,4.25,4.25,False,False,0.0,0.0
DKYWVDODHFEZIM,training_pool,5,8.35,6.48,8.72,False,False,1.0,1.0
DLAUXCWQDZHKLB,training_pool,1,5.42,5.42,5.42,False,False,0.0,1.0
DLKXEUZPQFMNLH,training_pool,1,5.0,5.0,5.0,False,False,0.0,1.0
DLSZETGYSLQFMY,training_pool,1,4.52,4.52,4.52,False,False,0.0,0.0
DLXQYZVXNWRFSG,training_pool,1,5.96,5.96,5.96,False,False,0.0,1.0
DMPPKRRTBXIMPK,training_pool,1,6.62,6.62,6.62,False,False,1.0,1.0
DNGDINHKWZIPCA,training_pool,1,4.83,4.83,4.83,False,False,0.0,0.0
DNIKRHXQZCTYOD,training_pool,2,5.745,4.67,6.82,True,True,,
DNSZVRYSOQVHKS,training_pool,3,4.7,4.0,6.3,True,True,,
DODVNPBCMKADSZ,training_pool,1,4.6,4.6,4.6,False,False,0.0,0.0
DOPHVLMILOKUHS,training_pool,1,4.14,4.14,4.14,False,False,0.0,0.0
DPYLMVIJRWFZIG,training_pool,1,4.45,4.45,4.45,False,False,0.0,0.0
DQHZKUGKKUSQEY,training_pool,1,5.95,5.95,5.95,False,False,0.0,1.0
DQSBFGDMPUUXNH,training_pool,2,5.43,5.43,5.43,False,False,0.0,1.0
DRPHXFXXVMZXSP,training_pool,1,5.2,5.2,5.2,False,False,0.0,1.0
DRSXUVYJEFTFCX,training_pool,1,5.62,5.62,5.62,False,False,0.0,1.0
DRWRPFLWKLAFLL,training_pool,1,5.05,5.05,5.05,False,False,0.0,1.0
DTOSIQBPPRVQHS,flora,1,5.4,5.4,5.4,False,False,0.0,1.0
DTRJGTVTYKEOBS,training_pool,1,4.06,4.06,4.06,False,False,0.0,0.0
DTRRRMIIVDWNKP,training_pool,1,5.61,5.61,5.61,False,False,0.0,1.0
DTYKSCYNZQVRKE,training_pool,1,4.98,4.98,4.98,False,False,0.0,0.0
DUFCCGCFKPQHHO,training_pool,2,4.52,4.47,4.57,False,False,0.0,0.0
DUSGGEPBMGVOMH,training_pool,1,4.78,4.78,4.78,False,False,0.0,0.0
DVWHCFFOQZQHTQ,training_pool,1,5.48,5.48,5.48,False,False,0.0,1.0
DWOMXLCOZHJDME,training_pool,1,4.64,4.64,4.64,False,False,0.0,0.0
DWSOSXURKHROCG,training_pool,1,5.41,5.41,5.41,False,False,0.0,1.0
DWYHAQRXTKMHSH,training_pool,1,5.48,5.48,5.48,False,False,0.0,1.0
DXXOQPYKXLLPNU,training_pool,1,4.89,4.89,4.89,False,False,0.0,0.0
DYBNJWAVLCSTJB,training_pool,1,5.57,5.57,5.57,False,False,0.0,1.0
DZBIWXMKNLQXAJ,training_pool,1,5.43,5.43,5.43,False,False,0.0,1.0
DZCQFLHWKICSAM,training_pool,1,5.96,5.96,5.96,False,False,0.0,1.0
DZZRVNYSBGNSMV,training_pool,1,5.11,5.11,5.11,False,False,0.0,1.0
FAKRSMQSSFJEIM,flora,1,4.77,4.77,4.77,False,False,0.0,0.0
FBDSYHLMZKXXBC,training_pool,1,4.97,4.97,4.97,False,False,0.0,0.0
FCRDFQWYMOBSIT,training_pool,1,5.03,5.03,5.03,False,False,0.0,1.0
FDAUDEPTKJFWGY,training_pool,1,4.42,4.42,4.42,False,False,0.0,0.0
FDCKKKZNQLOMBU,training_pool,1,6.23,6.23,6.23,False,False,1.0,1.0
FDFWGPCFEKWUII,training_pool,1,4.74,4.74,4.74,False,False,0.0,0.0
FDKQQLIDPCZUFH,training_pool,1,5.36,5.36,5.36,False,False,0.0,1.0
FEOYFLSIRFBESM,training_pool,1,4.52,4.52,4.52,False,False,0.0,0.0
FEQFZJTZQQDSKI,training_pool,1,5.34,5.34,5.34,False,False,0.0,1.0
FEYNAFSYLAYPQJ,training_pool,1,6.06,6.06,6.06,False,False,1.0,1.0
FFKHZKOMUXQUSN,training_pool,1,5.58,5.58,5.58,False,False,0.0,1.0
FHAYIIJKMHVSRS,training_pool,1,5.96,5.96,5.96,False,False,0.0,1.0
FJBKKMJBVLOMRG,training_pool,1,5.57,5.57,5.57,False,False,0.0,1.0
FJKRWHZWBWPPEJ,training_pool,1,5.72,5.72,5.72,False,False,0.0,1.0
FJMFTALBWYGNNS,training_pool,1,7.46,7.46,7.46,False,False,1.0,1.0
FJQRBWIOLPBVTA,training_pool,1,5.77,5.77,5.77,False,False,0.0,1.0
FJVLAYQCSAEMHG,training_pool,1,6.94,6.94,6.94,False,False,1.0,1.0
FJVLFULBBXMDBS,training_pool,2,5.6,5.28,5.92,False,False,0.0,1.0
FKGMXMLKUGPSGH,training_pool,1,5.6,5.6,5.6,False,False,0.0,1.0
FKRGMKAZITYKGR,training_pool,1,5.36,5.36,5.36,False,False,0.0,1.0
FLILBXBCHAHNMP,training_pool,1,5.11,5.11,5.11,False,False,0.0,1.0
FLVUYAPQRNSZDJ,training_pool,1,4.92,4.92,4.92,False,False,0.0,0.0
FLXYEGPJLCNQPX,training_pool,1,4.77,4.77,4.77,False,False,0.0,0.0
FMLLIDIVMXLEHB,training_pool,1,4.04,4.04,4.04,False,False,0.0,0.0
FMODWGAYNUFILH,training_pool,1,5.83,5.83,5.83,False,False,0.0,1.0
FNALGEDMFJISPC,training_pool,1,5.33,5.33,5.33,False,False,0.0,1.0
FNGMSYDWBSGMPR,training_pool,1,4.09,4.09,4.09,False,False,0.0,0.0
FNPIRGWGKFWZNF,training_pool,1,5.38,5.38,5.38,False,False,0.0,1.0
FNTHJTUPRVAXFZ,training_pool,1,8.1,8.1,8.1,False,False,1.0,1.0
FNUVWCBUDJAFOI,training_pool,1,4.42,4.42,4.42,False,False,0.0,0.0
FOTJKGZGHZQSLX,training_pool,1,6.4,6.4,6.4,False,False,1.0,1.0
FOUBNASCZPSQBW,training_pool,1,5.27,5.27,5.27,False,False,0.0,1.0
FPSUVIUWANQXKX,training_pool,1,6.16,6.16,6.16,False,False,1.0,1.0
FQJOALWXRJKJFW,training_pool,1,4.38,4.38,4.38,False,False,0.0,0.0
FQKMILFVTQADHR,training_pool,1,8.7,8.7,8.7,False,False,1.0,1.0
FQKWRRCXSFSRHH,training_pool,1,5.22,5.22,5.22,False,False,0.0,1.0
FQTXOEJFNAEMRI,training_pool,1,5.89,5.89,5.89,False,False,0.0,1.0
FQWLMRXWKZGLFI,training_pool,1,5.04,5.04,5.04,False,False,0.0,1.0
FQXUBQQMTNPBIZ,training_pool,1,6.79,6.79,6.79,False,False,1.0,1.0
FQZPECQXBKABHG,training_pool,1,4.71,4.71,4.71,False,False,0.0,0.0
FRDPEVBYEIVAJA,training_pool,1,6.24,6.24,6.24,False,False,1.0,1.0
FRGVUXUFLCQOPD,training_pool,1,4.5,4.5,4.5,False,False,0.0,0.0
FRPMTGJEKAAEEN,training_pool,1,4.75,4.75,4.75,False,False,0.0,0.0
FSLBQTAGYFUJKD,training_pool,1,4.85,4.85,4.85,False,False,0.0,0.0
FSNGJQINSSIKCT,training_pool,1,4.4,4.4,4.4,False,False,0.0,0.0
FSQKKOOTNAMONP,training_pool,1,8.0,8.0,8.0,False,False,1.0,1.0
FSTKZHSQBMVHOZ,training_pool,1,5.81,5.81,5.81,False,False,0.0,1.0
FTANNSIJDUITEF,training_pool,1,5.0,5.0,5.0,False,False,0.0,1.0
FTJUWQKJMWEILQ,training_pool,2,5.1899999999999995,4.33,6.05,True,True,,
FTKBYDWYXDQBIR,training_pool,1,5.64,5.64,5.64,False,False,0.0,1.0
FTUQENJZQBJPEU,training_pool,1,6.77,6.77,6.77,False,False,1.0,1.0
FUHLJNQTSZQWBE,training_pool,2,6.25,6.08,6.42,False,False,1.0,1.0
FULAPETWGIGNMT,training_pool,1,4.6,4.6,4.6,False,False,0.0,0.0
FUUWECMEVRVWJE,training_pool,1,5.24,5.24,5.24,False,False,0.0,1.0
FUVNRKYQMRDBFA,training_pool,1,4.68,4.68,4.68,False,False,0.0,0.0
FVAKMMKQVZFNNI,training_pool,1,4.76,4.76,4.76,False,False,0.0,0.0
FVASPVMUIHTHCA,training_pool,1,5.2,5.2,5.2,False,False,0.0,1.0
FVTGEGACMCKYGO,training_pool,2,4.41,4.22,4.6,False,False,0.0,0.0
FVXJFRRMEFNCJH,training_pool,1,5.0,5.0,5.0,False,False,0.0,1.0
FVYLDRLDRJJWDM,training_pool,1,4.05,4.05,4.05,False,False,0.0,0.0
FWFHWFAJGILODD,training_pool,1,7.22,7.22,7.22,False,False,1.0,1.0
FWGZRKOIYICETM,training_pool,1,5.26,5.26,5.26,False,False,0.0,1.0
FXCDZFFINLNOKB,training_pool,1,4.72,4.72,4.72,False,False,0.0,0.0
FXJCAIFBZLJKSL,training_pool,1,5.7,5.7,5.7,False,False,0.0,1.0
FYNBOGBNIRAUMO,training_pool,1,6.92,6.92,6.92,False,False,1.0,1.0
FYRCNOIXUSIORI,training_pool,1,6.04,6.04,6.04,False,False,1.0,1.0
FZCWJSIRPYGSIE,training_pool,1,4.91,4.91,4.91,False,False,0.0,0.0
FZVDHUZERNBKBW,training_pool,1,4.19,4.19,4.19,False,False,0.0,0.0
GAAWMIACGLOHRF,training_pool,2,6.58,6.16,7.0,False,False,1.0,1.0
GAMVNGGEXGLJDG,training_pool,1,4.55,4.55,4.55,False,False,0.0,0.0
GCWPYEYIYFGUSM,training_pool,1,4.85,4.85,4.85,False,False,0.0,0.0
GDCOKFHRGLVSMN,training_pool,1,6.47,6.47,6.47,False,False,1.0,1.0
GDDLALIIWGWMCU,training_pool,1,6.22,6.22,6.22,False,False,1.0,1.0
GDUSIQDNSPJJLQ,training_pool,1,7.0,7.0,7.0,False,False,1.0,1.0
GDWKKQTUWXKJKS,training_pool,1,4.49,4.49,4.49,False,False,0.0,0.0
GDXBMARFQKCCNT,training_pool,1,4.78,4.78,4.78,False,False,0.0,0.0
GEHUNGKNSFDUNT,training_pool,1,4.86,4.86,4.86,False,False,0.0,0.0
GEPDHYISDWHCFI,training_pool,1,5.76,5.76,5.76,False,False,0.0,1.0
GFCKKPYXWBFRGZ,training_pool,1,5.62,5.62,5.62,False,False,0.0,1.0
GFCNORPCMFOXDQ,training_pool,1,4.2,4.2,4.2,False,False,0.0,0.0
GFNWGBYBUTUKRT,training_pool,1,4.02,4.02,4.02,False,False,0.0,0.0
GGNKIZROYJYQFI,training_pool,1,5.55,5.55,5.55,False,False,0.0,1.0
GGUFDSKGQOZGOY,training_pool,1,5.3,5.3,5.3,False,False,0.0,1.0
GGXFKADPPPKJCP,training_pool,1,4.82,4.82,4.82,False,False,0.0,0.0
GHHGHECKSJIOSV,training_pool,1,4.88,4.88,4.88,False,False,0.0,0.0
GHMQDKBUBCXCIU,training_pool,1,4.14,4.14,4.14,False,False,0.0,0.0
GHWDYDZKPBQMDU,training_pool,1,5.4,5.4,5.4,False,False,0.0,1.0
GIWZTQFUECPCLL,training_pool,1,6.92,6.92,6.92,False,False,1.0,1.0
GJGZQTGPOKPFES,training_pool,1,4.52,4.52,4.52,False,False,0.0,0.0
GJHBKVIBXKWYDK,training_pool,1,4.5,4.5,4.5,False,False,0.0,0.0
GJJLQHZLDVACIM,training_pool,1,5.28,5.28,5.28,False,False,0.0,1.0
GJKQLIDFFREHGO,training_pool,1,4.38,4.38,4.38,False,False,0.0,0.0
GKIRPKYJQBWNGO,training_pool,1,6.46,6.46,6.46,False,False,1.0,1.0
GKKBODHPYCNSJW,training_pool,1,4.85,4.85,4.85,False,False,0.0,0.0
GKVLLUZKLDCBMI,training_pool,1,5.5,5.5,5.5,False,False,0.0,1.0
GKXNZJUXHVSZFS,training_pool,1,4.72,4.72,4.72,False,False,0.0,0.0
GLEVLJDDWXEYCO,flora,1,6.89,6.89,6.89,False,False,1.0,1.0
GLTBQIQVABRDDZ,training_pool,1,4.39,4.39,4.39,False,False,0.0,0.0
GLVAUDGFNGKCSF,training_pool,1,4.79,4.79,4.79,False,False,0.0,0.0
GMFBOPYRPYUAME,training_pool,1,4.73,4.73,4.73,False,False,0.0,0.0
GMJYRAHZKNJEBS,training_pool,1,6.68,6.68,6.68,False,False,1.0,1.0
GNORNMPAKCRTJW,training_pool,1,4.28,4.28,4.28,False,False,0.0,0.0
GOERAAJVARXHDP,training_pool,1,5.37,5.37,5.37,False,False,0.0,1.0
GOJNWJGEIYVWOM,training_pool,1,4.98,4.98,4.98,False,False,0.0,0.0
GPEWMCZCFCZAEI,training_pool,1,5.19,5.19,5.19,False,False,0.0,1.0
GPJAJRBERGQWNQ,training_pool,1,4.06,4.06,4.06,False,False,0.0,0.0
GRGAGIRZLRLUOU,training_pool,1,8.4,8.4,8.4,False,False,1.0,1.0
GRJJUQLZQNYHJX,training_pool,1,4.0,4.0,4.0,False,False,0.0,0.0
GROVAYYDTFNUGO,training_pool,1,4.53,4.53,4.53,False,False,0.0,0.0
GROWJVVYZNHPQX,training_pool,1,4.98,4.98,4.98,False,False,0.0,0.0
GSZWZSRNHIQEMV,training_pool,1,4.46,4.46,4.46,False,False,0.0,0.0
GUGJGWOGSMWEFN,training_pool,1,5.0,5.0,5.0,False,False,0.0,1.0
GUKNLPLKUUCJEO,training_pool,1,5.06,5.06,5.06,False,False,0.0,1.0
GUQAIXOPXQIGPX,training_pool,1,4.59,4.59,4.59,False,False,0.0,0.0
GUQWKAAPVZSUBR,training_pool,1,4.51,4.51,4.51,False,False,0.0,0.0
GUXWELWUSVXSOL,training_pool,1,4.84,4.84,4.84,False,False,0.0,0.0
GVZQSPAADZTMEY,training_pool,1,4.17,4.17,4.17,False,False,0.0,0.0
GWZRAVGMSZQUBC,training_pool,1,4.83,4.83,4.83,False,False,0.0,0.0
GXYBYLNYVQUPKN,training_pool,1,4.75,4.75,4.75,False,False,0.0,0.0
GYZJUILUWRJEPQ,training_pool,1,4.98,4.98,4.98,False,False,0.0,0.0
HAHUTJAVRAAKRI,training_pool,1,5.24,5.24,5.24,False,False,0.0,1.0
HAUPIEHCTKNHQE,training_pool,1,5.24,5.24,5.24,False,False,0.0,1.0
HAYNMANUJNGMAK,training_pool,1,4.32,4.32,4.32,False,False,0.0,0.0
HCFVSOWMOSKBIS,training_pool,1,6.0,6.0,6.0,False,False,1.0,1.0
HCLDEAKINXYGOQ,training_pool,1,6.14,6.14,6.14,False,False,1.0,1.0
HDHVBONRYXNNBE,training_pool,1,5.84,5.84,5.84,False,False,0.0,1.0
HDLUQWDWOQUBJE,training_pool,1,5.85,5.85,5.85,False,False,0.0,1.0
HDQQMCAWIOCJQX,training_pool,1,6.0,6.0,6.0,False,False,1.0,1.0
HDRZLWOQFMULDF,training_pool,1,6.4,6.4,6.4,False,False,1.0,1.0
HDUWKQUHMUSICC,training_pool,1,5.8,5.8,5.8,False,False,0.0,1.0
HECRGEOVILEIIV,training_pool,1,5.23,5.23,5.23,False,False,0.0,1.0
HEFNNWSXXWATRW,training_pool,16,5.359999999999999,4.47,7.01,True,True,,
HEFVETXYFDNJSY,training_pool,1,4.34,4.34,4.34,False,False,0.0,0.0
HELNMYZMCKEMQE,training_pool,1,4.39,4.39,4.39,False,False,0.0,0.0
HEQWADUEXFRBSK,training_pool,1,4.01,4.01,4.01,False,False,0.0,0.0
HEVICQKVVHUFCP,training_pool,1,4.84,4.84,4.84,False,False,0.0,0.0
HFGVQPHQMVEBSM,training_pool,1,6.6,6.6,6.6,False,False,1.0,1.0
HFLBVHGFPPEJBA,training_pool,1,4.96,4.96,4.96,False,False,0.0,0.0
HGNVNEHXVGVEEW,training_pool,1,5.77,5.77,5.77,False,False,0.0,1.0
HHVZVZROMKWNAA,training_pool,1,5.59,5.59,5.59,False,False,0.0,1.0
HIBJBQHIPBDTHC,training_pool,1,4.74,4.74,4.74,False,False,0.0,0.0
HIYLHOMIZRMDED,training_pool,1,5.67,5.67,5.67,False,False,0.0,1.0
HJOZSCMVCHEQAP,training_pool,1,4.38,4.38,4.38,False,False,0.0,0.0
HJXGHQHNLMGAEH,training_pool,1,6.77,6.77,6.77,False,False,1.0,1.0
HJYGGOKJDNHJDO,training_pool,1,5.68,5.68,5.68,False,False,0.0,1.0
HKEXIKYWKAOJNB,training_pool,1,5.06,5.06,5.06,False,False,0.0,1.0
HKVZBYBONFUCGP,training_pool,1,4.38,4.38,4.38,False,False,0.0,0.0
HKYOEFBHYOKXNK,training_pool,1,5.72,5.72,5.72,False,False,0.0,1.0
HMBUMPBGRPVQME,training_pool,1,4.03,4.03,4.03,False,False,0.0,0.0
HMHXVDCLXRSDCH,training_pool,1,4.19,4.19,4.19,False,False,0.0,0.0
HMJIFVUIWWNNCU,training_pool,1,4.17,4.17,4.17,False,False,0.0,0.0
HMKMEDJAHJBTLO,training_pool,1,5.24,5.24,5.24,False,False,0.0,1.0
HNYCLIXXFVNJEY,training_pool,1,5.3,5.3,5.3,False,False,0.0,1.0
HNZGGCXVUAIRRY,training_pool,1,4.72,4.72,4.72,False,False,0.0,0.0
HOMYPBUWCGCCFD,training_pool,1,5.72,5.72,5.72,False,False,0.0,1.0
HONHICONPPFBQI,training_pool,1,5.72,5.72,5.72,False,False,0.0,1.0
HPDQSHOMJINQDT,training_pool,1,4.87,4.87,4.87,False,False,0.0,0.0
HPEAMDIOUYALCD,training_pool,1,5.72,5.72,5.72,False,False,0.0,1.0
HPIHVVAXNOHCLX,training_pool,1,5.52,5.52,5.52,False,False,0.0,1.0
HQANSWKPIXZJFZ,training_pool,1,5.0,5.0,5.0,False,False,0.0,1.0
HRACPZWYKJGXAW,training_pool,1,4.39,4.39,4.39,False,False,0.0,0.0
HRYWWQCLGHKRLN,training_pool,1,5.7,5.7,5.7,False,False,0.0,1.0
HSDHFABJOGIQMI,training_pool,1,4.42,4.42,4.42,False,False,0.0,0.0
HSQNMFWBBWIOJR,training_pool,1,4.34,4.34,4.34,False,False,0.0,0.0
HTGJPRXIOZGYBK,training_pool,1,4.4,4.4,4.4,False,False,0.0,0.0
HTJQZZNOKKCVMQ,training_pool,1,6.92,6.92,6.92,False,False,1.0,1.0
HTWCOXZWZHJHKU,training_pool,1,4.08,4.08,4.08,False,False,0.0,0.0
HUFXCDXXKBCLOZ,training_pool,1,4.29,4.29,4.29,False,False,0.0,0.0
HUIJXLJDUOVQJF,training_pool,1,5.64,5.64,5.64,False,False,0.0,1.0
HUPDAGNLIGTVIB,training_pool,1,5.52,5.52,5.52,False,False,0.0,1.0
HUQCYZLKBCHDRR,training_pool,1,4.35,4.35,4.35,False,False,0.0,0.0
HUQIOADISQYXAW,training_pool,1,5.0,5.0,5.0,False,False,0.0,1.0
HUVCBGHNHBHJBX,training_pool,1,5.8,5.8,5.8,False,False,0.0,1.0
HUXWABQXOMQIFX,training_pool,1,4.92,4.92,4.92,False,False,0.0,0.0
HVEDKDPYKOZMSP,training_pool,1,6.52,6.52,6.52,False,False,1.0,1.0
HVQDIKGNRQZLDX,training_pool,1,4.4,4.4,4.4,False,False,0.0,0.0
HXAMHEIGBVROQA,training_pool,1,6.78,6.78,6.78,False,False,1.0,1.0
HXFGFGZDOOZLTH,training_pool,1,7.34,7.34,7.34,False,False,1.0,1.0
HXYYZKGEOWXAKH,training_pool,1,5.39,5.39,5.39,False,False,0.0,1.0
HYEBIIAQOZKAGA,training_pool,2,5.3149999999999995,5.3,5.33,False,False,0.0,1.0
HYRVVXJWCJCBMU,training_pool,1,4.3,4.3,4.3,False,False,0.0,0.0
HYUCGYXDBKSSCK,training_pool,1,4.27,4.27,4.27,False,False,0.0,0.0
HYWYRSMBCFDLJT,training_pool,8,4.71,4.23,5.91,False,True,0.0,
HYYBABOKPJLUIN,training_pool,2,5.77,4.6,6.94,True,True,,
HZOJRKQNFXRROG,training_pool,1,5.08,5.08,5.08,False,False,0.0,1.0
IASRLWJBTIOCKI,training_pool,1,4.45,4.45,4.45,False,False,0.0,0.0
IBIFILNFQVGVIU,training_pool,1,5.72,5.72,5.72,False,False,0.0,1.0
IBMWAPWIRVLFOV,training_pool,1,5.92,5.92,5.92,False,False,0.0,1.0
ICDSJXFGHZUWFH,training_pool,1,4.75,4.75,4.75,False,False,0.0,0.0
ICIJMDHJVQIVKT,training_pool,1,4.32,4.32,4.32,False,False,0.0,0.0
ICMSKRHXJISXDV,training_pool,1,4.42,4.42,4.42,False,False,0.0,0.0
IDELKTXTBWZYOR,training_pool,1,4.53,4.53,4.53,False,False,0.0,0.0
IDENNTNTBJLZFR,training_pool,1,5.02,5.02,5.02,False,False,0.0,1.0
IDFHCDIRYRPEOQ,training_pool,3,4.44,4.0,5.3,False,True,0.0,
IDNWAVYPSUMAQZ,training_pool,1,4.94,4.94,4.94,False,False,0.0,0.0
IDSIKSBJODVQQS,training_pool,1,4.72,4.72,4.72,False,False,0.0,0.0
IEPVUPAKSGZBAR,training_pool,1,4.77,4.77,4.77,False,False,0.0,0.0
IEWFZNLCMANOLT,training_pool,1,4.75,4.75,4.75,False,False,0.0,0.0
IEZXKXSCRRMNQK,training_pool,1,4.53,4.53,4.53,False,False,0.0,0.0
IFEKYQSFTRTHPI,training_pool,1,4.56,4.56,4.56,False,False,0.0,0.0
IFGXBKHMKNMZBN,training_pool,1,4.41,4.41,4.41,False,False,0.0,0.0
IFIXXFKTBDCXOX,training_pool,1,4.28,4.28,4.28,False,False,0.0,0.0
IFODKGWTTXTEEP,training_pool,1,6.7,6.7,6.7,False,False,1.0,1.0
IFUPUDHACSOAHJ,training_pool,1,4.46,4.46,4.46,False,False,0.0,0.0
IFWCFNSNAXCZCB,training_pool,1,5.57,5.57,5.57,False,False,0.0,1.0
IFYRDAMGDDMFTC,training_pool,1,4.72,4.72,4.72,False,False,0.0,0.0
IGZRBPKGKADYLT,training_pool,1,4.3,4.3,4.3,False,False,0.0,0.0
IHVRWFJGOIWMGC,training_pool,1,4.59,4.59,4.59,False,False,0.0,0.0
IIOCQNZXDWCITD,training_pool,1,5.03,5.03,5.03,False,False,0.0,1.0
IIUNAOHQWDCVIM,training_pool,1,5.04,5.04,5.04,False,False,0.0,1.0
IIXQVHOWQHXBKW,training_pool,1,5.38,5.38,5.38,False,False,0.0,1.0
IJKTZMQKLGUFEI,training_pool,1,7.13,7.13,7.13,False,False,1.0,1.0
IJPRCYUBHPNMEA,training_pool,1,6.57,6.57,6.57,False,False,1.0,1.0
IJUKBQSJNKIKII,training_pool,1,4.37,4.37,4.37,False,False,0.0,0.0
IKICLORDJDWQQL,training_pool,1,7.02,7.02,7.02,False,False,1.0,1.0
IKLZMKNMJGKUGX,training_pool,1,6.42,6.42,6.42,False,False,1.0,1.0
ILEDWLMCKZNDJK,flora,1,4.24,4.24,4.24,False,False,0.0,0.0
ILRCGYURZSFMEG,flora,1,4.14,4.14,4.14,False,False,0.0,0.0
INOBCEASFHTIOW,training_pool,1,6.41,6.41,6.41,False,False,1.0,1.0
INRQTVDUZFESAO,training_pool,2,4.855,4.82,4.89,False,False,0.0,0.0
INVCKDUZZKHUPH,training_pool,1,4.7,4.7,4.7,False,False,0.0,0.0
IPAVFMUBTIUYBW,training_pool,3,4.92,4.73,6.3,True,True,,
IPJJJUBJXLSQLJ,training_pool,1,4.89,4.89,4.89,False,False,0.0,0.0
IPSWLWPSIVTXOW,training_pool,1,5.97,5.97,5.97,False,False,0.0,1.0
IQNNMEXCEJZRBG,training_pool,1,4.7,4.7,4.7,False,False,0.0,0.0
IRKVLCOCTJNMRX,training_pool,1,5.29,5.29,5.29,False,False,0.0,1.0
ISLFLEUBAXYHSW,training_pool,1,4.62,4.62,4.62,False,False,0.0,0.0
ITDYPNOEEHONAH,flora,2,5.2,4.92,5.48,False,False,0.0,1.0
ITHOETOMDZFDFL,training_pool,1,4.97,4.97,4.97,False,False,0.0,0.0
ITPACPHPCYAFQJ,training_pool,1,4.7,4.7,4.7,False,False,0.0,0.0
ITXKLTRVWHOZFH,training_pool,1,4.15,4.15,4.15,False,False,0.0,0.0
ITXUVIRIRIWMQU,training_pool,1,5.74,5.74,5.74,False,False,0.0,1.0
IUALIHPRDXWTSS,training_pool,1,4.0,4.0,4.0,False,False,0.0,0.0
IVFLIKKKPPQPPN,training_pool,1,6.05,6.05,6.05,False,False,1.0,1.0
IVQJGLCSKNJIAD,training_pool,1,6.22,6.22,6.22,False,False,1.0,1.0
IWBGGEKASHWNAZ,training_pool,1,5.02,5.02,5.02,False,False,0.0,1.0
IWKSDLMZQBOAMX,training_pool,1,4.52,4.52,4.52,False,False,0.0,0.0
IWVIAQATQSFURE,training_pool,1,4.1,4.1,4.1,False,False,0.0,0.0
IXJJAPZCYPSAJH,training_pool,1,4.6,4.6,4.6,False,False,0.0,0.0
IXKTZYSXGKMTDA,training_pool,1,4.06,4.06,4.06,False,False,0.0,0.0
IYNNULVHDYXAQY,training_pool,1,5.42,5.42,5.42,False,False,0.0,1.0
IZSPRRJOCQMXKB,training_pool,1,4.43,4.43,4.43,False,False,0.0,0.0
JAIOAMPOGJIYQK,training_pool,1,5.16,5.16,5.16,False,False,0.0,1.0
JAKLWQFGJXPTHN,training_pool,1,4.1,4.1,4.1,False,False,0.0,0.0
JAKUSVQKFVDBEC,training_pool,1,6.24,6.24,6.24,False,False,1.0,1.0
JAPKJIUHTVTGNM,training_pool,1,4.36,4.36,4.36,False,False,0.0,0.0
JAQSXADRWSRLBT,training_pool,1,4.72,4.72,4.72,False,False,0.0,0.0
JBRIUIQTRLLQOW,training_pool,1,5.92,5.92,5.92,False,False,0.0,1.0
JCDUSBLGGASDIN,training_pool,1,5.0,5.0,5.0,False,False,0.0,1.0
JCKMCGRZLQGGCS,training_pool,1,4.36,4.36,4.36,False,False,0.0,0.0
JCWJHMWNMPFPCO,training_pool,1,5.56,5.56,5.56,False,False,0.0,1.0
JDAUSBADDDDUKJ,training_pool,1,5.36,5.36,5.36,False,False,0.0,1.0
JDCWOBTUQSMXDU,training_pool,1,5.24,5.24,5.24,False,False,0.0,1.0
JDHXETUHOJCQRX,training_pool,1,4.93,4.93,4.93,False,False,0.0,0.0
JDMCOHHLESGGIM,training_pool,1,6.47,6.47,6.47,False,False,1.0,1.0
JDTBZAHAUIUATQ,training_pool,1,5.54,5.54,5.54,False,False,0.0,1.0
JDXXMVLLXMDCMQ,training_pool,1,4.38,4.38,4.38,False,False,0.0,0.0
JFTYUKJRCTXQSJ,training_pool,1,5.75,5.75,5.75,False,False,0.0,1.0
JGPRUEXSKNEPHR,training_pool,2,4.9,4.04,5.76,False,True,0.0,
JHBIMJKLBUMNAU,training_pool,1,4.5,4.5,4.5,False,False,0.0,0.0
JHINOHPYDGQNSD,training_pool,1,6.26,6.26,6.26,False,False,1.0,1.0
JHLKLBNQQLKWOW,training_pool,1,5.52,5.52,5.52,False,False,0.0,1.0
JHMGVWICIJTVHP,training_pool,3,5.47,5.12,6.48,True,False,,1.0
JIAQEPVMVLWTJM,training_pool,1,5.64,5.64,5.64,False,False,0.0,1.0
JINJJDHGBJMQJW,training_pool,1,7.26,7.26,7.26,False,False,1.0,1.0
JINPXZJMGFJFDX,training_pool,1,4.7,4.7,4.7,False,False,0.0,0.0
JIUBJFJXEOSCTQ,training_pool,1,4.29,4.29,4.29,False,False,0.0,0.0
JIWYVCWNXNRMFT,training_pool,1,5.88,5.88,5.88,False,False,0.0,1.0
JJMVXONVEGKMAM,training_pool,1,6.44,6.44,6.44,False,False,1.0,1.0
JJNQRIBTBNZQBJ,training_pool,1,5.66,5.66,5.66,False,False,0.0,1.0
JJWCCMOALVRLLA,training_pool,1,6.13,6.13,6.13,False,False,1.0,1.0
JJXVHAQVSGDBJB,training_pool,1,4.25,4.25,4.25,False,False,0.0,0.0
JKHHUOVVMIFTNS,training_pool,1,4.75,4.75,4.75,False,False,0.0,0.0
JKIJGZFGVWTESY,training_pool,1,4.58,4.58,4.58,False,False,0.0,0.0
JKOWVRMWEPTPOD,training_pool,1,5.48,5.48,5.48,False,False,0.0,1.0
JKYXBRQGOLJYPF,training_pool,1,5.0,5.0,5.0,False,False,0.0,1.0
JLNFQYSZNBKQDV,training_pool,1,6.75,6.75,6.75,False,False,1.0,1.0
JMHYAXLRTPAZFX,training_pool,1,4.28,4.28,4.28,False,False,0.0,0.0
JMNWKILWCRGRGO,training_pool,1,4.36,4.36,4.36,False,False,0.0,0.0
JMQASNOHJLGJPA,training_pool,1,5.2,5.2,5.2,False,False,0.0,1.0
JMZKNBTXBGLHEO,training_pool,1,6.98,6.98,6.98,False,False,1.0,1.0
JNDQXJQXEITGBL,training_pool,1,6.3,6.3,6.3,False,False,1.0,1.0
JNEDVCOEBJNUCM,training_pool,1,4.58,4.58,4.58,False,False,0.0,0.0
JNSDQPNIRFNWLJ,training_pool,1,6.77,6.77,6.77,False,False,1.0,1.0
JOBQMBHNCXPGBC,training_pool,3,5.57,4.2,6.85,True,True,,
JOCQYAWUXFAKQG,training_pool,1,4.32,4.32,4.32,False,False,0.0,0.0
JOSISWVZUZWBEX,training_pool,1,4.44,4.44,4.44,False,False,0.0,0.0
JPIGIUVXKZACAJ,training_pool,1,4.7,4.7,4.7,False,False,0.0,0.0
JPTYTZASFHUDCV,training_pool,1,4.55,4.55,4.55,False,False,0.0,0.0
JPWVMGPBBNJBBV,training_pool,1,4.59,4.59,4.59,False,False,0.0,0.0
JPWYHHBGIBBALT,training_pool,2,4.800000000000001,4.03,5.57,False,True,0.0,
JQRSXCMDPLDAJV,training_pool,1,5.06,5.06,5.06,False,False,0.0,1.0
JSBPAPUFFHHZLN,training_pool,1,4.67,4.67,4.67,False,False,0.0,0.0
JTTYFZDJLZNVDJ,training_pool,1,4.11,4.11,4.11,False,False,0.0,0.0
JUGSAWFPXQSLMJ,training_pool,1,4.09,4.09,4.09,False,False,0.0,0.0
JUNZBTTUERRVNR,training_pool,1,4.28,4.28,4.28,False,False,0.0,0.0
JVSUFGDPEPHINB,training_pool,1,5.96,5.96,5.96,False,False,0.0,1.0
JVTATFGCZBSYAY,training_pool,1,5.36,5.36,5.36,False,False,0.0,1.0
JWIPYSWKJTZWIL,training_pool,1,4.22,4.22,4.22,False,False,0.0,0.0
JWSYDZNIYSFRNJ,training_pool,1,5.42,5.42,5.42,False,False,0.0,1.0
JWSZCVWFUJUURI,training_pool,1,4.24,4.24,4.24,False,False,0.0,0.0
JXSVJEKTMZHWFF,training_pool,1,6.0,6.0,6.0,False,False,1.0,1.0
JZFPYUNJRRFVQU,training_pool,1,5.97,5.97,5.97,False,False,0.0,1.0
JZYOYHBIFAROBY,training_pool,1,4.73,4.73,4.73,False,False,0.0,0.0
KALILMBKRIYSJC,training_pool,1,7.05,7.05,7.05,False,False,1.0,1.0
KAMSHHHKVKJGLB,training_pool,2,5.324999999999999,5.26,5.39,False,False,0.0,1.0
KBPIAEVSGWRJLE,training_pool,1,4.76,4.76,4.76,False,False,0.0,0.0
KBSBTAFVYAMCHK,training_pool,1,5.52,5.52,5.52,False,False,0.0,1.0
KBTZNTKGFHORAG,training_pool,1,4.33,4.33,4.33,False,False,0.0,0.0
KCJCQVZULLHZIU,training_pool,1,5.99,5.99,5.99,False,False,0.0,1.0
KDIWFKFUVQXPCD,training_pool,1,4.52,4.52,4.52,False,False,0.0,0.0
KDTLJGOHMIZKCT,training_pool,1,5.0,5.0,5.0,False,False,0.0,1.0
KEHIUHIQIPZQRY,training_pool,1,4.74,4.74,4.74,False,False,0.0,0.0
KFKDLUWHGCASGF,training_pool,1,4.25,4.25,4.25,False,False,0.0,0.0
KFKIOJSNPDLTTQ,training_pool,1,4.24,4.24,4.24,False,False,0.0,0.0
KFMKDAFANAIVEZ,training_pool,1,5.76,5.76,5.76,False,False,0.0,1.0
KFYRACZHGALBMT,training_pool,1,4.37,4.37,4.37,False,False,0.0,0.0
KFZSJIORILAODE,training_pool,1,5.64,5.64,5.64,False,False,0.0,1.0
KGMBHQHCFFDTJI,training_pool,1,6.38,6.38,6.38,False,False,1.0,1.0
KGOPIJQFLBPLCD,training_pool,1,6.27,6.27,6.27,False,False,1.0,1.0
KHBZYYUMMPHBTC,training_pool,1,6.6,6.6,6.6,False,False,1.0,1.0
KHPKQFYUPIUARC,training_pool,1,8.15,8.15,8.15,False,False,1.0,1.0
KHRAUOJCUCLLJE,training_pool,1,5.82,5.82,5.82,False,False,0.0,1.0
KHTBPJNKFSTZEM,training_pool,1,4.15,4.15,4.15,False,False,0.0,0.0
KIFRAXIFCYILCZ,training_pool,1,4.7,4.7,4.7,False,False,0.0,0.0
KIRCDVHSWKUPPF,training_pool,1,6.17,6.17,6.17,False,False,1.0,1.0
KJCDNRSCHQWHKE,training_pool,1,5.86,5.86,5.86,False,False,0.0,1.0
KJSXZRPNUTVPIS,training_pool,1,5.15,5.15,5.15,False,False,0.0,1.0
KJUCYHRLQYDCLP,training_pool,1,4.23,4.23,4.23,False,False,0.0,0.0
KKFMRZKIVBGQGT,training_pool,1,4.0,4.0,4.0,False,False,0.0,0.0
KLFIASJIUCZZHS,training_pool,1,4.34,4.34,4.34,False,False,0.0,0.0
KLKCPIJDMUXRSE,training_pool,1,5.0,5.0,5.0,False,False,0.0,1.0
KLQYRGLUEBNTQS,training_pool,1,5.07,5.07,5.07,False,False,0.0,1.0
KMLNWQPYFBIALN,training_pool,1,4.81,4.81,4.81,False,False,0.0,0.0
KNSJGVMOBINZFT,training_pool,1,5.35,5.35,5.35,False,False,0.0,1.0
KOFMTMMWWZKHPS,training_pool,1,5.58,5.58,5.58,False,False,0.0,1.0
KOIGRXYDVUDIGO,training_pool,1,5.26,5.26,5.26,False,False,0.0,1.0
KOOAIFWISQOCOY,training_pool,1,4.0,4.0,4.0,False,False,0.0,0.0
KOYUROFZGQHJJX,training_pool,1,4.52,4.52,4.52,False,False,0.0,0.0
KPHWPUGNDIVLNH,training_pool,2,8.46,8.4,8.52,False,False,1.0,1.0
KPMUSPUIKVTNQJ,training_pool,1,6.0,6.0,6.0,False,False,1.0,1.0
KQBTWCZJNAENTC,training_pool,1,4.11,4.11,4.11,False,False,0.0,0.0
KQOKTTMHRDSUKU,training_pool,1,5.02,5.02,5.02,False,False,0.0,1.0
KQTHZTGSWCOVER,training_pool,1,4.82,4.82,4.82,False,False,0.0,0.0
KQVXEUPXZOZBRD,training_pool,1,4.86,4.86,4.86,False,False,0.0,0.0
KQWMBKXAUUWQNW,training_pool,1,5.21,5.21,5.21,False,False,0.0,1.0
KRDZPLIXVXKNST,training_pool,1,4.4,4.4,4.4,False,False,0.0,0.0
KRRJBYIMYRNALK,training_pool,1,6.17,6.17,6.17,False,False,1.0,1.0
KSCDBBDAERUVEP,training_pool,1,5.53,5.53,5.53,False,False,0.0,1.0
KSLKJFIICOYAEA,training_pool,1,5.36,5.36,5.36,False,False,0.0,1.0
KSSRZUXSJXSLKY,training_pool,1,5.8,5.8,5.8,False,False,0.0,1.0
KSTAZGPUGYBZCK,training_pool,1,5.14,5.14,5.14,False,False,0.0,1.0
KSVRGMHIRVZLOF,training_pool,1,4.62,4.62,4.62,False,False,0.0,0.0
KTDZCOWXCWUPEO,training_pool,3,5.48,4.45,5.52,False,True,0.0,
KTKCZPLFGOBQDX,training_pool,1,5.82,5.82,5.82,False,False,0.0,1.0
KTYHBJKSZMFDKJ,training_pool,1,4.16,4.16,4.16,False,False,0.0,0.0
KUEAEXWZVKGDAE,training_pool,1,5.84,5.84,5.84,False,False,0.0,1.0
KUIFHRZDNYUKEH,training_pool,1,4.36,4.36,4.36,False,False,0.0,0.0
KVAJWEXPGHVHJA,training_pool,1,5.23,5.23,5.23,False,False,0.0,1.0
KVRGMJQYLQFFQG,training_pool,1,5.57,5.57,5.57,False,False,0.0,1.0
KVSKGMLNBAPGKH,training_pool,1,5.68,5.68,5.68,False,False,0.0,1.0
KVUASUDFPOEMLR,training_pool,1,4.39,4.39,4.39,False,False,0.0,0.0
KWFULVIDINHCKV,training_pool,1,5.13,5.13,5.13,False,False,0.0,1.0
KXCJXXZNWBYCRI,training_pool,1,6.7,6.7,6.7,False,False,1.0,1.0
KXQLLEQKHARGDS,training_pool,1,5.66,5.66,5.66,False,False,0.0,1.0
KYQWCQJWDVPXKY,training_pool,1,5.39,5.39,5.39,False,False,0.0,1.0
KYXDNECMRLFQMZ,training_pool,2,5.6,5.48,5.72,False,False,0.0,1.0
KZNGNTKISMAXAG,training_pool,2,4.130000000000001,4.07,4.19,False,False,0.0,0.0
LAHNGPIIMDWGRL,training_pool,1,5.0,5.0,5.0,False,False,0.0,1.0
LBLOARNXPIBFMP,training_pool,1,4.84,4.84,4.84,False,False,0.0,0.0
LBNHCYQCKKBHGE,training_pool,1,4.39,4.39,4.39,False,False,0.0,0.0
LBOBDIFHWJHTNO,training_pool,1,4.45,4.45,4.45,False,False,0.0,0.0
LBYJPBNSKPQLQT,training_pool,1,5.44,5.44,5.44,False,False,0.0,1.0
LCCVBKWYQBQOJT,training_pool,1,4.46,4.46,4.46,False,False,0.0,0.0
LCFBUUQCWVWOHS,training_pool,1,5.0,5.0,5.0,False,False,0.0,1.0
LDCMBBJYDFJBER,training_pool,1,4.24,4.24,4.24,False,False,0.0,0.0
LDOSUUFVLZSBCS,training_pool,1,5.38,5.38,5.38,False,False,0.0,1.0
LDTKUCHYCAUAFT,training_pool,1,5.22,5.22,5.22,False,False,0.0,1.0
LEBHTDYMZAMEEI,training_pool,1,5.1,5.1,5.1,False,False,0.0,1.0
LEHUSUMDRPMKOB,training_pool,1,4.39,4.39,4.39,False,False,0.0,0.0
LEZMCPKCMGTGPE,training_pool,1,5.43,5.43,5.43,False,False,0.0,1.0
LFRQDTGNFOZLCA,training_pool,1,4.41,4.41,4.41,False,False,0.0,0.0
LFWHFZJPXXOYNR,training_pool,2,6.550000000000001,6.16,6.94,False,False,1.0,1.0
LGGOJTFFASIAEW,training_pool,1,7.11,7.11,7.11,False,False,1.0,1.0
LGKLGEAOVKHAOQ,training_pool,1,5.09,5.09,5.09,False,False,0.0,1.0
LGLNOLKJZSIGPL,training_pool,1,5.5,5.5,5.5,False,False,0.0,1.0
LHPHUWHRXSEAME,training_pool,1,5.3,5.3,5.3,False,False,0.0,1.0
LHPRYOJTASOZGJ,flora,1,6.3,6.3,6.3,False,False,1.0,1.0
LHXILNAQPGRTDA,training_pool,1,4.74,4.74,4.74,False,False,0.0,0.0
LILPTCHQLRKZNG,training_pool,3,5.33,4.58,5.37,False,False,0.0,1.0
LIYDQWDBNPWLMK,training_pool,1,4.88,4.88,4.88,False,False,0.0,0.0
LIZFYTAPXBZGBM,training_pool,1,4.0,4.0,4.0,False,False,0.0,0.0
LJDAHEPYRINDLT,training_pool,1,6.38,6.38,6.38,False,False,1.0,1.0
LJNRMZTVMWCJOD,training_pool,1,4.41,4.41,4.41,False,False,0.0,0.0
LJQZWLHYDKWZIL,training_pool,1,4.03,4.03,4.03,False,False,0.0,0.0
LJYGBCRIWRHWJR,training_pool,1,4.27,4.27,4.27,False,False,0.0,0.0
LKDQUKKEOTYRQL,training_pool,1,5.41,5.41,5.41,False,False,0.0,1.0
LLTQIUGVKZYADU,training_pool,1,4.7,4.7,4.7,False,False,0.0,0.0
LLTXARCQIUWLCF,training_pool,1,6.05,6.05,6.05,False,False,1.0,1.0
LLUUVZZXTDQWCM,training_pool,1,6.23,6.23,6.23,False,False,1.0,1.0
LLZZRIPYAFNCRW,training_pool,1,5.27,5.27,5.27,False,False,0.0,1.0
LMLIBGCGVNECIP,training_pool,1,7.22,7.22,7.22,False,False,1.0,1.0
LMPGKAHRTFPCEF,training_pool,1,5.12,5.12,5.12,False,False,0.0,1.0
LMUWOKDQRWCEQQ,training_pool,1,4.45,4.45,4.45,False,False,0.0,0.0
LNPDTQAFDNKSHK,training_pool,2,4.515000000000001,4.46,4.57,False,False,0.0,0.0
LNSVFPNEGUVNHH,training_pool,1,4.7,4.7,4.7,False,False,0.0,0.0
LOPOBSJDASSEKN,training_pool,1,5.66,5.66,5.66,False,False,0.0,1.0
LPEPZBJOKDYZAD,training_pool,2,5.585,5.52,5.65,False,False,0.0,1.0
LPUGRUAXJGJCMX,training_pool,1,5.61,5.61,5.61,False,False,0.0,1.0
LQLMDXCOZKEIKB,training_pool,1,6.16,6.16,6.16,False,False,1.0,1.0
LQPFLKVMDLZLBB,training_pool,1,5.16,5.16,5.16,False,False,0.0,1.0
LRGKBNQGXSOHEP,training_pool,1,4.37,4.37,4.37,False,False,0.0,0.0
LRHPSVOQMSTNBT,training_pool,1,6.11,6.11,6.11,False,False,1.0,1.0
LRTMJWODQTZHNN,training_pool,1,4.62,4.62,4.62,False,False,0.0,0.0
LSDAHSHHKKHOKE,training_pool,1,5.71,5.71,5.71,False,False,0.0,1.0
LTAXFLQWGJQFJX,training_pool,1,4.87,4.87,4.87,False,False,0.0,0.0
LTKJWSBGTNWRNP,training_pool,1,5.33,5.33,5.33,False,False,0.0,1.0
LTKSOHROHPRZAS,training_pool,1,4.36,4.36,4.36,False,False,0.0,0.0
LTPKLHMGIZLZNP,training_pool,1,6.12,6.12,6.12,False,False,1.0,1.0
LTRLIWRIEXVHDT,training_pool,1,4.64,4.64,4.64,False,False,0.0,0.0
LTTQKYMNTNISSZ,training_pool,1,6.22,6.22,6.22,False,False,1.0,1.0
LUJHBBKHUFVFIV,training_pool,1,4.22,4.22,4.22,False,False,0.0,0.0
LUKBXSAWLPMMSZ,flora,5,5.96,5.38,6.2,False,False,0.0,1.0
LVCISLFBKIUEBD,training_pool,1,8.15,8.15,8.15,False,False,1.0,1.0
LVOBPVDFMBILJC,training_pool,1,5.01,5.01,5.01,False,False,0.0,1.0
LVWVBJQPFAYETM,training_pool,1,4.05,4.05,4.05,False,False,0.0,0.0
LVXZYVWYUMVRQY,training_pool,1,4.84,4.84,4.84,False,False,0.0,0.0
LWSWLSGAKCSXBP,training_pool,1,5.17,5.17,5.17,False,False,0.0,1.0
LXIKEPCNDFVJKC,training_pool,1,7.26,7.26,7.26,False,False,1.0,1.0
LYHZJXSHWQORNJ,training_pool,1,4.0,4.0,4.0,False,False,0.0,0.0
LYZNTGCVMWIGPU,training_pool,1,5.08,5.08,5.08,False,False,0.0,1.0
LZNWYQJJBLGYLT,training_pool,1,5.94,5.94,5.94,False,False,0.0,1.0
LZOIEGWIVVWHNS,training_pool,1,6.21,6.21,6.21,False,False,1.0,1.0
LZXMBLJFRRLXHY,training_pool,1,4.29,4.29,4.29,False,False,0.0,0.0
MALXHVGKGSHLTJ,training_pool,1,5.56,5.56,5.56,False,False,0.0,1.0
MANIVYIOWWWTCT,training_pool,1,7.04,7.04,7.04,False,False,1.0,1.0
MANXWVSKLAIORX,training_pool,1,6.04,6.04,6.04,False,False,1.0,1.0
MASBNQIOSNMFAQ,training_pool,1,7.6,7.6,7.6,False,False,1.0,1.0
MBABADMQCLGYMQ,training_pool,1,4.79,4.79,4.79,False,False,0.0,0.0
MBWOCQLTCWTIJE,training_pool,1,5.0,5.0,5.0,False,False,0.0,1.0
MDKGKXOCJGEUJW,flora,1,6.25,6.25,6.25,False,False,1.0,1.0
MDPRFMFQKOLHCO,training_pool,1,6.58,6.58,6.58,False,False,1.0,1.0
MEBSTASXWKTLJD,training_pool,1,6.39,6.39,6.39,False,False,1.0,1.0
MEIHFWBAEBWTRG,training_pool,1,4.27,4.27,4.27,False,False,0.0,0.0
MEVLONRWNXJOFR,training_pool,1,5.33,5.33,5.33,False,False,0.0,1.0
MFMFPPBXXOYIFD,training_pool,1,4.54,4.54,4.54,False,False,0.0,0.0
MFWPLPXYGKCRTE,training_pool,1,4.79,4.79,4.79,False,False,0.0,0.0
MGTLMNAGSMWLBU,training_pool,1,5.56,5.56,5.56,False,False,0.0,1.0
MGXJLOSAFVXSRA,training_pool,1,4.96,4.96,4.96,False,False,0.0,0.0
MHIKNCMHNKLWMA,training_pool,1,4.4,4.4,4.4,False,False,0.0,0.0
MIOCGGZLPFHSEZ,training_pool,1,5.72,5.72,5.72,False,False,0.0,1.0
MJHUOIKFZJDXDI,training_pool,1,5.63,5.63,5.63,False,False,0.0,1.0
MJIRHAUHJSGORB,training_pool,1,4.49,4.49,4.49,False,False,0.0,0.0
MLWNUESLTIUJNZ,training_pool,1,6.05,6.05,6.05,False,False,1.0,1.0
MMAPSODFYGLEJI,training_pool,1,4.88,4.88,4.88,False,False,0.0,0.0
MMDDHOZYUASFIP,training_pool,1,4.78,4.78,4.78,False,False,0.0,0.0
MMEYELFGJMQHKW,training_pool,1,5.21,5.21,5.21,False,False,0.0,1.0
MNGXGRGZKCYDFM,training_pool,1,6.85,6.85,6.85,False,False,1.0,1.0
MNJVRJDLRVPLFE,training_pool,3,4.03,4.0,4.92,False,False,0.0,0.0
MNOONXYZUAAMRR,training_pool,1,5.18,5.18,5.18,False,False,0.0,1.0
MOPCULHUZRPBDL,training_pool,1,7.1,7.1,7.1,False,False,1.0,1.0
MOTNQMLZPQLTFA,training_pool,1,4.67,4.67,4.67,False,False,0.0,0.0
MOXNAMUAHAVQHG,training_pool,1,5.37,5.37,5.37,False,False,0.0,1.0
MPHUNBLFEKLVLF,training_pool,1,4.9,4.9,4.9,False,False,0.0,0.0
MPLCHNSHYROQKF,training_pool,1,5.19,5.19,5.19,False,False,0.0,1.0
MPLQIVYOLUADTB,training_pool,1,5.7,5.7,5.7,False,False,0.0,1.0
MPSSPWJTHOFOCH,training_pool,1,6.11,6.11,6.11,False,False,1.0,1.0
MPVPOTMPKLOUHZ,training_pool,1,4.74,4.74,4.74,False,False,0.0,0.0
MQPLMBSDWYIIID,training_pool,1,4.26,4.26,4.26,False,False,0.0,0.0
MQPNWTWUFHKHTK,training_pool,1,4.23,4.23,4.23,False,False,0.0,0.0
MSFIFMOBKMAINX,training_pool,1,4.88,4.88,4.88,False,False,0.0,0.0
MSJCRERFWLBIPT,training_pool,1,4.96,4.96,4.96,False,False,0.0,0.0
MSULOQJDYOQZPZ,training_pool,1,4.72,4.72,4.72,False,False,0.0,0.0
MSZINACGMWACHB,training_pool,1,6.96,6.96,6.96,False,False,1.0,1.0
MTCFYYIJIXJCPF,training_pool,1,4.11,4.11,4.11,False,False,0.0,0.0
MTPQCSUYJXVPPH,training_pool,1,5.44,5.44,5.44,False,False,0.0,1.0
MTVAVVIWMMYFTG,training_pool,1,5.24,5.24,5.24,False,False,0.0,1.0
MUBCEZUXQKGARZ,training_pool,1,5.85,5.85,5.85,False,False,0.0,1.0
MUGCQDUJQZLPRQ,training_pool,1,4.96,4.96,4.96,False,False,0.0,0.0
MVDDLZDKJHVWJY,training_pool,1,5.39,5.39,5.39,False,False,0.0,1.0
MVNQQZTYQNXAOZ,training_pool,1,7.1,7.1,7.1,False,False,1.0,1.0
MVNYBOJLGGJSSZ,training_pool,1,4.29,4.29,4.29,False,False,0.0,0.0
MWMUWFYVVDLFNG,training_pool,1,6.36,6.36,6.36,False,False,1.0,1.0
MWYATBUXLGWSNP,training_pool,1,6.4,6.4,6.4,False,False,1.0,1.0
MXTWADCRLRQMDW,training_pool,1,7.3,7.3,7.3,False,False,1.0,1.0
MYFWDGLYSFUJJV,training_pool,1,5.46,5.46,5.46,False,False,0.0,1.0
MYRXPQNHKXKXMD,training_pool,1,5.98,5.98,5.98,False,False,0.0,1.0
MZXCEZCVCGFPIG,training_pool,1,6.89,6.89,6.89,False,False,1.0,1.0
NAWWYLUQZOLWBT,training_pool,2,5.585,5.58,5.59,False,False,0.0,1.0
NBKHZGMXDNWOLL,training_pool,1,4.01,4.01,4.01,False,False,0.0,0.0
NBOPYOBZQNDPOJ,training_pool,1,5.77,5.77,5.77,False,False,0.0,1.0
NBSRUZQXRUNPNY,training_pool,1,4.5,4.5,4.5,False,False,0.0,0.0
NBWUXYDEYSKQGH,training_pool,1,4.85,4.85,4.85,False,False,0.0,0.0
NDKYEPMSJMCRHM,training_pool,1,5.02,5.02,5.02,False,False,0.0,1.0
NDOLIIHMVOZCMD,training_pool,1,4.0,4.0,4.0,False,False,0.0,0.0
NDSYTMKGLSDBIA,training_pool,1,5.39,5.39,5.39,False,False,0.0,1.0
NDXVNFXIIDXXNL,training_pool,1,4.89,4.89,4.89,False,False,0.0,0.0
NEACQHJUFCVZIJ,training_pool,1,6.05,6.05,6.05,False,False,1.0,1.0
NEICYFZPWIYMDP,training_pool,1,4.97,4.97,4.97,False,False,0.0,0.0
NENVFGXZTXDKIF,training_pool,1,6.62,6.62,6.62,False,False,1.0,1.0
NEQPIGQSLNSVDO,training_pool,2,6.345000000000001,5.75,6.94,True,False,,1.0
NERFLINBYIHYSS,training_pool,1,5.0,5.0,5.0,False,False,0.0,1.0
NHOQYMSDENUHMU,training_pool,1,4.0,4.0,4.0,False,False,0.0,0.0
NHXJYIFPYTZJPY,training_pool,1,5.3,5.3,5.3,False,False,0.0,1.0
NHYDZAXXUQBSOR,training_pool,1,5.22,5.22,5.22,False,False,0.0,1.0
NHYPPBCIAHGQDU,training_pool,1,6.06,6.06,6.06,False,False,1.0,1.0
NJTXRMNNSUDISW,training_pool,1,4.37,4.37,4.37,False,False,0.0,0.0
NKANXQFJJICGDU,training_pool,1,5.36,5.36,5.36,False,False,0.0,1.0
NKFUGHMWDKIDBC,training_pool,1,4.4,4.4,4.4,False,False,0.0,0.0
NMOJAXQDSULNMZ,training_pool,1,5.06,5.06,5.06,False,False,0.0,1.0
NMSJRWUGJMSTET,training_pool,1,7.64,7.64,7.64,False,False,1.0,1.0
NNYBQONXHNTVIJ,training_pool,3,5.58,4.99,8.03,True,True,,
NONBXOPYDWLZGR,training_pool,1,6.33,6.33,6.33,False,False,1.0,1.0
NOPQYPBSRBJDGK,training_pool,1,5.85,5.85,5.85,False,False,0.0,1.0
NOXNLYKGQJFVEK,training_pool,1,6.35,6.35,6.35,False,False,1.0,1.0
NPFSJHMTRJMHMU,training_pool,1,4.98,4.98,4.98,False,False,0.0,0.0
NPINLLGVZGUOIN,training_pool,1,4.04,4.04,4.04,False,False,0.0,0.0
NPNBSWGEGKXDPD,training_pool,1,6.0,6.0,6.0,False,False,1.0,1.0
NQEBHDNBJGTJKX,training_pool,1,6.52,6.52,6.52,False,False,1.0,1.0
NQHQSRIKOQLGPT,training_pool,1,7.96,7.96,7.96,False,False,1.0,1.0
NQQVUZZJFPIUBG,training_pool,1,4.75,4.75,4.75,False,False,0.0,0.0
NRDMBIXJSQRGSD,training_pool,1,4.23,4.23,4.23,False,False,0.0,0.0
NSJUWRLCXVJHGO,training_pool,1,5.56,5.56,5.56,False,False,0.0,1.0
NSOLEUGGZJTHNS,training_pool,2,5.32,4.64,6.0,True,True,,
NSQNZEUFHPTJME,training_pool,2,4.625,4.5,4.75,False,False,0.0,0.0
NTDQQZYCCIDJRK,training_pool,1,4.99,4.99,4.99,False,False,0.0,0.0
NTHXVKSHJIPMOJ,training_pool,1,4.32,4.32,4.32,False,False,0.0,0.0
NTIFJGDISLGTSH,training_pool,1,5.52,5.52,5.52,False,False,0.0,1.0
NTJUKOBMYGBALR,training_pool,1,6.22,6.22,6.22,False,False,1.0,1.0
NTNQMVISBBFDRT,training_pool,2,4.4,4.0,4.8,False,False,0.0,0.0
NUDDJTVUTAHDEI,training_pool,1,5.06,5.06,5.06,False,False,0.0,1.0
NURGVZYLZIHTFO,training_pool,1,5.62,5.62,5.62,False,False,0.0,1.0
NUWWHYSJFNQYIP,training_pool,1,4.52,4.52,4.52,False,False,0.0,0.0
NUXLODDWUMTCBS,training_pool,1,5.23,5.23,5.23,False,False,0.0,1.0
NWLZYXXMBKLIJE,training_pool,1,4.6,4.6,4.6,False,False,0.0,0.0
NWNXNTCFZWMSHE,training_pool,1,6.0,6.0,6.0,False,False,1.0,1.0
NWSJNXMRDTXLLZ,training_pool,1,5.55,5.55,5.55,False,False,0.0,1.0
NXERGIJHYVUXHM,training_pool,1,4.85,4.85,4.85,False,False,0.0,0.0
NXKGVHPWOYJYQL,training_pool,1,7.75,7.75,7.75,False,False,1.0,1.0
NXZSDPWQJGOVBP,training_pool,1,5.7,5.7,5.7,False,False,0.0,1.0
NZZJNZUGDOJCHX,training_pool,1,4.4,4.4,4.4,False,False,0.0,0.0
OAEMTEMEJOQHES,training_pool,1,5.0,5.0,5.0,False,False,0.0,1.0
OASVGLRSLZXZIV,training_pool,1,5.3,5.3,5.3,False,False,0.0,1.0
OBAICMYWONZOSZ,training_pool,2,8.305,8.3,8.31,False,False,1.0,1.0
OBBCGWKGCBJQIW,training_pool,1,5.48,5.48,5.48,False,False,0.0,1.0
OBDYUVYOLLAPQL,training_pool,1,5.22,5.22,5.22,False,False,0.0,1.0
OBKZBCUTXVLFQO,training_pool,1,6.03,6.03,6.03,False,False,1.0,1.0
OBRXEHBNQXENBK,training_pool,1,4.7,4.7,4.7,False,False,0.0,0.0
OCESVORQGXEAED,training_pool,1,5.03,5.03,5.03,False,False,0.0,1.0
OCONDAUZMGJVHB,training_pool,1,4.06,4.06,4.06,False,False,0.0,0.0
OCQMWZOKFRUMPZ,training_pool,1,4.16,4.16,4.16,False,False,0.0,0.0
OCTQSGGVEFSDOV,training_pool,1,4.19,4.19,4.19,False,False,0.0,0.0
ODJUKFKDSPPDFS,training_pool,1,5.82,5.82,5.82,False,False,0.0,1.0
OEIOSWJZMFRLOA,training_pool,1,6.68,6.68,6.68,False,False,1.0,1.0
OESHADCPCVOHHX,training_pool,1,6.3,6.3,6.3,False,False,1.0,1.0
OETIMMSWPHDTTA,training_pool,1,4.67,4.67,4.67,False,False,0.0,0.0
OEUFTIBZEDUUCK,training_pool,1,5.52,5.52,5.52,False,False,0.0,1.0
OFLBRQKZVMODGV,training_pool,1,6.52,6.52,6.52,False,False,1.0,1.0
OFPXSFXSNFPTHF,training_pool,3,6.07,5.66,6.13,False,False,1.0,1.0
OFSAJYZMIPNPHE,training_pool,1,4.72,4.72,4.72,False,False,0.0,0.0
OGLOZKAFGOPOJZ,training_pool,2,4.96,4.96,4.96,False,False,0.0,0.0
OJGQFYYLKNCIJD,training_pool,1,6.73,6.73,6.73,False,False,1.0,1.0
OKBDKOSLCRZSLD,training_pool,1,5.52,5.52,5.52,False,False,0.0,1.0
OKKGDLZWFJTBDJ,training_pool,2,5.55,5.1,6.0,False,False,0.0,1.0
OLBCVFGFOZPWHH,training_pool,1,5.42,5.42,5.42,False,False,0.0,1.0
OLEQDDGYTJTQBS,training_pool,1,4.81,4.81,4.81,False,False,0.0,0.0
OMKSAZYYKOPEHV,training_pool,1,4.22,4.22,4.22,False,False,0.0,0.0
ONFHWJUGRMUDHQ,training_pool,1,4.98,4.98,4.98,False,False,0.0,0.0
ONYWALXTZFPKAS,training_pool,1,4.46,4.46,4.46,False,False,0.0,0.0
OOARYLWNROHOKX,training_pool,1,6.0,6.0,6.0,False,False,1.0,1.0
OOGCMCFBTNWRDG,training_pool,1,4.37,4.37,4.37,False,False,0.0,0.0
OOKKNKJSQBQKDW,training_pool,1,5.94,5.94,5.94,False,False,0.0,1.0
OOPJDQTUZQHLIL,training_pool,1,4.16,4.16,4.16,False,False,0.0,0.0
OOTXQYMRZHCTQX,training_pool,1,4.84,4.84,4.84,False,False,0.0,0.0
OPSPKIBCFWXEJT,training_pool,1,4.48,4.48,4.48,False,False,0.0,0.0
OQARYRSGLRPZDG,training_pool,1,5.43,5.43,5.43,False,False,0.0,1.0
OQDKPQRAGXTOIK,training_pool,1,4.09,4.09,4.09,False,False,0.0,0.0
OQMQZCNXFUWGMQ,training_pool,1,6.25,6.25,6.25,False,False,1.0,1.0
OQSNXVJQCQCAGM,training_pool,1,5.48,5.48,5.48,False,False,0.0,1.0
OTKZRHXBUKGBJZ,training_pool,1,4.65,4.65,4.65,False,False,0.0,0.0
OTUSHXOQDWBQDY,training_pool,1,5.22,5.22,5.22,False,False,0.0,1.0
OUBIEBXGDGVTFB,training_pool,1,5.44,5.44,5.44,False,False,0.0,1.0
OUMIILFAYUKUES,training_pool,1,4.62,4.62,4.62,False,False,0.0,0.0
OUUNCNBZJBPHSV,training_pool,1,4.29,4.29,4.29,False,False,0.0,0.0
OVFNJGSXFVWDJP,training_pool,1,4.22,4.22,4.22,False,False,0.0,0.0
OVNSNSKORUDURL,training_pool,1,4.7,4.7,4.7,False,False,0.0,0.0
OWTJGJSVFUHHML,training_pool,1,7.21,7.21,7.21,False,False,1.0,1.0
OXTAWUMXNUGWMT,training_pool,1,5.14,5.14,5.14,False,False,0.0,1.0
OYCUPESDNTUONE,training_pool,1,6.1,6.1,6.1,False,False,1.0,1.0
OYHQOLUKZRVURQ,flora,1,4.89,4.89,4.89,False,False,0.0,0.0
OYZKFVIVPRQRQQ,training_pool,1,4.75,4.75,4.75,False,False,0.0,0.0
OZJIDHYZEGABEI,training_pool,1,4.03,4.03,4.03,False,False,0.0,0.0
OZUFPJMEXZUUIF,training_pool,1,4.03,4.03,4.03,False,False,0.0,0.0
OZWKMVRBQXNZKK,training_pool,3,6.34,5.91,7.89,True,False,,1.0
OZYHFVJLDWNSLD,training_pool,1,6.64,6.64,6.64,False,False,1.0,1.0
PAHNFYUFBODKIH,training_pool,1,5.02,5.02,5.02,False,False,0.0,1.0
PAJDTRQTUSXNOW,training_pool,3,5.43,5.0,6.09,True,False,,1.0
PANKHBYNKQNAHN,flora,1,4.55,4.55,4.55,False,False,0.0,0.0
PBGRARHEVYPEOU,training_pool,1,6.5,6.5,6.5,False,False,1.0,1.0
PBHRIABKWDJCPT,training_pool,1,5.6,5.6,5.6,False,False,0.0,1.0
PBJWWPFSOCFQEE,training_pool,2,4.545,4.24,4.85,False,False,0.0,0.0
PBMQINHMSIZXSH,training_pool,1,4.82,4.82,4.82,False,False,0.0,0.0
PBMXZEUWTFELHJ,training_pool,1,4.0,4.0,4.0,False,False,0.0,0.0
PBSAWAMHURBEDJ,training_pool,1,6.51,6.51,6.51,False,False,1.0,1.0
PBVMKEANTDXHJA,training_pool,1,4.25,4.25,4.25,False,False,0.0,0.0
PBWBNUASFOGURI,training_pool,1,4.31,4.31,4.31,False,False,0.0,0.0
PCMORTLOPMLEFB,flora,1,4.41,4.41,4.41,False,False,0.0,0.0
PCXIUZJPYFRWHY,training_pool,1,6.57,6.57,6.57,False,False,1.0,1.0
PDAGKAXYOMNUPD,training_pool,1,4.46,4.46,4.46,False,False,0.0,0.0
PDCZAMUFMIGSAE,training_pool,1,4.04,4.04,4.04,False,False,0.0,0.0
PDHAOJSHSJQANO,flora,1,5.85,5.85,5.85,False,False,0.0,1.0
PEIXSXDMECGKSF,training_pool,1,6.12,6.12,6.12,False,False,1.0,1.0
PEUVGLHBVHFKPT,training_pool,1,4.58,4.58,4.58,False,False,0.0,0.0
PEXKBSSCTUNEBX,training_pool,1,6.32,6.32,6.32,False,False,1.0,1.0
PFBDBTJRFNNBKQ,training_pool,1,5.29,5.29,5.29,False,False,0.0,1.0
PFHQSXBMDDAXOJ,training_pool,1,4.5,4.5,4.5,False,False,0.0,0.0
PFNOXWNLYORGBO,training_pool,1,5.09,5.09,5.09,False,False,0.0,1.0
PFOQYXTWXHVEDB,training_pool,1,4.46,4.46,4.46,False,False,0.0,0.0
PFTAWBLQPZVEMU,flora,2,4.265,4.1,4.43,False,False,0.0,0.0
PFVSMDKAGZBPDX,training_pool,1,4.18,4.18,4.18,False,False,0.0,0.0
PGCVEJAGJCUXAH,training_pool,1,5.74,5.74,5.74,False,False,0.0,1.0
PGFITHOKHFUJKE,training_pool,1,5.29,5.29,5.29,False,False,0.0,1.0
PGIRHMOXRXNJAD,training_pool,1,4.7,4.7,4.7,False,False,0.0,0.0
PGNOVUUBOKHCPT,training_pool,1,5.05,5.05,5.05,False,False,0.0,1.0
PGNWEUVRLKVTHZ,training_pool,1,5.36,5.36,5.36,False,False,0.0,1.0
PHBYRHUAGNXCFU,training_pool,1,6.24,6.24,6.24,False,False,1.0,1.0
PHJFLPMVEFKEPL,training_pool,1,5.39,5.39,5.39,False,False,0.0,1.0
PHQNTQLWXSUOLC,training_pool,1,4.21,4.21,4.21,False,False,0.0,0.0
PHVKEPWPEVNNRD,training_pool,1,4.35,4.35,4.35,False,False,0.0,0.0
PIAPWPAWQGDOMN,training_pool,1,6.22,6.22,6.22,False,False,1.0,1.0
PIGKNGFMWTUPTC,training_pool,1,7.0,7.0,7.0,False,False,1.0,1.0
PIJWTGYZAHWUSS,training_pool,1,4.39,4.39,4.39,False,False,0.0,0.0
PISBIZMMMDTULP,training_pool,1,5.38,5.38,5.38,False,False,0.0,1.0
PJCFJNHVNWMRPD,training_pool,1,4.65,4.65,4.65,False,False,0.0,0.0
PJFSTCAIAQWJBR,training_pool,1,7.52,7.52,7.52,False,False,1.0,1.0
PJIKJYBCMUJMFB,training_pool,1,4.52,4.52,4.52,False,False,0.0,0.0
PJQDPHPMGRNPKM,training_pool,1,5.0,5.0,5.0,False,False,0.0,1.0
PJUGYRBTUWDWFG,training_pool,1,4.7,4.7,4.7,False,False,0.0,0.0
PJYHHWIDLOBSMG,training_pool,1,6.32,6.32,6.32,False,False,1.0,1.0
PKLYOBJSJLJTOD,training_pool,1,4.44,4.44,4.44,False,False,0.0,0.0
PKMFIFDWBWWDIQ,training_pool,2,4.305,4.14,4.47,False,False,0.0,0.0
PLAOHLPEZSUPBW,training_pool,1,5.19,5.19,5.19,False,False,0.0,1.0
PLGLAJLBAYJKAX,training_pool,1,5.92,5.92,5.92,False,False,0.0,1.0
PMBBIXLWMMOUGA,training_pool,1,5.66,5.66,5.66,False,False,0.0,1.0
PMHCILARXUGZFZ,training_pool,1,4.02,4.02,4.02,False,False,0.0,0.0
PMSZSXKBGUQXFG,training_pool,1,5.31,5.31,5.31,False,False,0.0,1.0
PNIIWQXKUNOIFW,training_pool,1,6.62,6.62,6.62,False,False,1.0,1.0
POERZTJYPCMFQW,training_pool,1,5.85,5.85,5.85,False,False,0.0,1.0
PPAFBIBPQDYPCF,training_pool,1,4.53,4.53,4.53,False,False,0.0,0.0
PPIGJGJEMYVMQS,training_pool,1,6.44,6.44,6.44,False,False,1.0,1.0
PPTPKPRASQTIER,training_pool,1,4.75,4.75,4.75,False,False,0.0,0.0
PQJGYJWOGPPKFV,training_pool,1,4.33,4.33,4.33,False,False,0.0,0.0
PQOHMVIGLUQKDX,training_pool,1,8.3,8.3,8.3,False,False,1.0,1.0
PQUGCKBLVKJMNT,training_pool,6,8.025,6.8,8.15,False,False,1.0,1.0
PRAVQSTUHDHGPJ,training_pool,1,5.0,5.0,5.0,False,False,0.0,1.0
PRMUECSVPWFKTI,training_pool,1,4.42,4.42,4.42,False,False,0.0,0.0
PRVRFYFBPULTKN,training_pool,1,5.52,5.52,5.52,False,False,0.0,1.0
PTKLUXXBNIMDJO,training_pool,1,5.72,5.72,5.72,False,False,0.0,1.0
PUTRHUICKBWDCF,training_pool,1,5.01,5.01,5.01,False,False,0.0,1.0
PUXBGTOOZJQSKH,training_pool,3,4.88,4.23,8.28,True,True,,
PVETUCWAJULHIQ,training_pool,1,5.0,5.0,5.0,False,False,0.0,1.0
PVGMTSZPGWKSKV,training_pool,1,7.38,7.38,7.38,False,False,1.0,1.0
PVNZBHXFSZYCEW,training_pool,1,4.6,4.6,4.6,False,False,0.0,0.0
PWSNKQDYXDTFKA,training_pool,1,5.82,5.82,5.82,False,False,0.0,1.0
PXJLUIRGUUDPMI,training_pool,1,6.41,6.41,6.41,False,False,1.0,1.0
PXKGITXVULXPQR,training_pool,1,5.68,5.68,5.68,False,False,0.0,1.0
PXSMFQAFNQHLOO,training_pool,1,4.91,4.91,4.91,False,False,0.0,0.0
PXUXFWBDDCARPY,training_pool,1,4.18,4.18,4.18,False,False,0.0,0.0
PXZYDVZTTJWWQH,training_pool,1,5.02,5.02,5.02,False,False,0.0,1.0
PYCNZTVHCBCNPY,training_pool,1,5.52,5.52,5.52,False,False,0.0,1.0
PZDSRZQDLSVQIG,training_pool,1,5.09,5.09,5.09,False,False,0.0,1.0
PZJGMCDQRUFQDN,training_pool,1,4.43,4.43,4.43,False,False,0.0,0.0
PZRHRDRVRGEVNW,training_pool,1,5.33,5.33,5.33,False,False,0.0,1.0
QABDXILHNKXIRZ,training_pool,1,4.45,4.45,4.45,False,False,0.0,0.0
QARGURUVZCSLDX,training_pool,1,4.0,4.0,4.0,False,False,0.0,0.0
QAXARFDIAFRRRW,training_pool,1,5.69,5.69,5.69,False,False,0.0,1.0
QBGMBIPNSQPLQV,training_pool,1,7.52,7.52,7.52,False,False,1.0,1.0
QBLQLKNOKUHRCH,flora,1,5.23,5.23,5.23,False,False,0.0,1.0
QBLSJWUWGYGOCF,training_pool,1,4.96,4.96,4.96,False,False,0.0,0.0
QBSXHWPOIXJHIN,training_pool,1,5.5,5.5,5.5,False,False,0.0,1.0
QDAPWMKWLVMBBU,training_pool,1,8.0,8.0,8.0,False,False,1.0,1.0
QDHZXGMIXINGGX,training_pool,1,5.3,5.3,5.3,False,False,0.0,1.0
QDPLDWHKADLDOC,training_pool,2,7.89,7.89,7.89,False,False,1.0,1.0
QDZMGDNGBQXMBC,training_pool,1,5.38,5.38,5.38,False,False,0.0,1.0
QEXWYOQRSGNLDI,training_pool,1,4.21,4.21,4.21,False,False,0.0,0.0
QFGVWVQHHYWJKM,training_pool,1,4.64,4.64,4.64,False,False,0.0,0.0
QFKFDESGBPKPPL,training_pool,1,4.09,4.09,4.09,False,False,0.0,0.0
QFQARRRBOOEZGA,training_pool,1,5.43,5.43,5.43,False,False,0.0,1.0
QFRKUURFWZMRAG,training_pool,1,6.24,6.24,6.24,False,False,1.0,1.0
QFWCYNPOPKQOKV,training_pool,1,6.0,6.0,6.0,False,False,1.0,1.0
QGCKNIAMHUUUDI,training_pool,1,5.99,5.99,5.99,False,False,0.0,1.0
QGGGJODXPMZGCO,training_pool,1,4.84,4.84,4.84,False,False,0.0,0.0
QGNNQDAQBISHQG,training_pool,1,4.47,4.47,4.47,False,False,0.0,0.0
QGPDQLORMJTCKM,training_pool,1,5.02,5.02,5.02,False,False,0.0,1.0
QHJFMBANWJZYPJ,training_pool,1,6.77,6.77,6.77,False,False,1.0,1.0
QHJMMUKBGZTMMK,training_pool,1,6.06,6.06,6.06,False,False,1.0,1.0
QHSXAZUUIJIURJ,training_pool,1,6.44,6.44,6.44,False,False,1.0,1.0
QHXHUHXSKMAPFQ,training_pool,3,4.7,4.64,5.3,False,False,0.0,0.0
QIIVYFCKLOBDST,training_pool,1,4.2,4.2,4.2,False,False,0.0,0.0
QIJCIOJDEAVNCZ,training_pool,3,5.0,5.0,5.52,False,False,0.0,1.0
QILUCABROJMZBR,training_pool,1,4.49,4.49,4.49,False,False,0.0,0.0
QIWOFDHUQPJCJF,training_pool,1,4.17,4.17,4.17,False,False,0.0,0.0
QIWOMAPQBLCIGY,training_pool,1,5.11,5.11,5.11,False,False,0.0,1.0
QJJDMVZYFRBIHO,training_pool,1,5.33,5.33,5.33,False,False,0.0,1.0
QJSBOZBRPNQYEP,training_pool,1,6.4,6.4,6.4,False,False,1.0,1.0
QJVXKWHHAMZTBY,flora,1,4.44,4.44,4.44,False,False,0.0,0.0
QKBNOICRNGAAPD,training_pool,1,6.43,6.43,6.43,False,False,1.0,1.0
QKLWOMCJCWBONG,training_pool,1,6.85,6.85,6.85,False,False,1.0,1.0
QKZXDUSJODZOOK,training_pool,1,7.85,7.85,7.85,False,False,1.0,1.0
QLMJXRSFPIZIKN,training_pool,2,4.375,4.0,4.75,False,False,0.0,0.0
QLTCWWAGNSYHAR,training_pool,1,6.16,6.16,6.16,False,False,1.0,1.0
QLWCNJZKCFQJKN,training_pool,1,5.24,5.24,5.24,False,False,0.0,1.0
QMBKCXICBFNDDL,training_pool,1,4.91,4.91,4.91,False,False,0.0,0.0
QMHLMOLMMIDGSI,training_pool,1,5.0,5.0,5.0,False,False,0.0,1.0
QMMAGKWGLWQMID,training_pool,1,4.67,4.67,4.67,False,False,0.0,0.0
QNBMVIAVMRUVAY,training_pool,1,5.83,5.83,5.83,False,False,0.0,1.0
QNEDJHHKBRZHMD,training_pool,1,4.09,4.09,4.09,False,False,0.0,0.0
QOFOEVNYGMELQV,training_pool,1,5.32,5.32,5.32,False,False,0.0,1.0
QOHGXWIDSHOGBZ,training_pool,1,6.85,6.85,6.85,False,False,1.0,1.0
QOJPQADRTOBBQV,training_pool,1,5.65,5.65,5.65,False,False,0.0,1.0
QONAWCBVRKXWKM,training_pool,1,5.92,5.92,5.92,False,False,0.0,1.0
QPCNZMHUJZKEPX,training_pool,1,6.39,6.39,6.39,False,False,1.0,1.0
QPSHXEURPXZWCM,training_pool,1,4.35,4.35,4.35,False,False,0.0,0.0
QQGIACMPSDVFRS,training_pool,1,4.02,4.02,4.02,False,False,0.0,0.0
QREZHCGVGKVZBI,training_pool,1,6.31,6.31,6.31,False,False,1.0,1.0
QROHRQYUKYLARD,training_pool,1,4.7,4.7,4.7,False,False,0.0,0.0
QRQGMZAVXNCVOI,training_pool,1,5.41,5.41,5.41,False,False,0.0,1.0
QRZAKQDHEVVFRX,training_pool,1,6.05,6.05,6.05,False,False,1.0,1.0
QRZBUZGQIBTFCB,training_pool,1,6.24,6.24,6.24,False,False,1.0,1.0
QSBZXRFYEITXDL,training_pool,1,4.27,4.27,4.27,False,False,0.0,0.0
QSIMEXGETHTWEY,training_pool,2,4.79,4.42,5.16,False,False,0.0,0.0
QSQASSUNYGTMLF,training_pool,1,6.01,6.01,6.01,False,False,1.0,1.0
QUIKTBHWZAAFQH,training_pool,1,5.38,5.38,5.38,False,False,0.0,1.0
QUVHDJSZHHKWSL,training_pool,1,5.88,5.88,5.88,False,False,0.0,1.0
QUVNXCFAMZQWJV,training_pool,1,4.32,4.32,4.32,False,False,0.0,0.0
QVCBATPHRWJYIH,training_pool,1,5.89,5.89,5.89,False,False,0.0,1.0
QVDWMUNEMKEXNZ,training_pool,1,6.12,6.12,6.12,False,False,1.0,1.0
QVNBSMZFDSBWNZ,training_pool,1,5.75,5.75,5.75,False,False,0.0,1.0
QWCNQXNAFCBLLV,flora,1,4.18,4.18,4.18,False,False,0.0,0.0
QWTBQYLKKFHZCI,training_pool,1,7.44,7.44,7.44,False,False,1.0,1.0
QWZJQZBFJWDVON,training_pool,1,4.76,4.76,4.76,False,False,0.0,0.0
QXJHSRWDYCYSRO,training_pool,1,4.43,4.43,4.43,False,False,0.0,0.0
QXNKKAWIRPNWSY,training_pool,1,5.72,5.72,5.72,False,False,0.0,1.0
QXOHUUUSFJPFTN,training_pool,1,6.17,6.17,6.17,False,False,1.0,1.0
QXPOHFKFFDZLPM,training_pool,1,6.0,6.0,6.0,False,False,1.0,1.0
QYLIQJQSFODNCS,training_pool,1,5.02,5.02,5.02,False,False,0.0,1.0
QYSPLQLAKJAUJT,training_pool,3,5.88,4.07,5.89,False,True,0.0,
QZDHBGDHOYXBBJ,training_pool,1,4.0,4.0,4.0,False,False,0.0,0.0
QZJHEVFNGANCOQ,training_pool,1,4.74,4.74,4.74,False,False,0.0,0.0
QZOXMKNWQZCVDE,training_pool,1,5.26,5.26,5.26,False,False,0.0,1.0
QZWRNJWIFVQIAF,training_pool,2,4.67,4.5,4.84,False,False,0.0,0.0
QZZAWDUEHAPFKB,training_pool,1,5.75,5.75,5.75,False,False,0.0,1.0
RAAKAJZRNDJUSQ,training_pool,1,4.44,4.44,4.44,False,False,0.0,0.0
RAKJVIPCCGXHHS,flora,1,4.19,4.19,4.19,False,False,0.0,0.0
RAMPXBCEBDAPGP,training_pool,1,5.77,5.77,5.77,False,False,0.0,1.0
RAPNSCJOLDZWBV,training_pool,1,5.05,5.05,5.05,False,False,0.0,1.0
RAUHMMADXJJVRP,training_pool,2,5.15,5.0,5.3,False,False,0.0,1.0
RBZISARSXQPWLZ,training_pool,1,6.13,6.13,6.13,False,False,1.0,1.0
RCCBZHCGCLJHRU,training_pool,1,4.72,4.72,4.72,False,False,0.0,0.0
RCEWLGWTZHROAQ,training_pool,2,4.645,4.1,5.19,False,True,0.0,
RCOXTTLIGHDQHU,training_pool,1,5.16,5.16,5.16,False,False,0.0,1.0
RDDACGGTEDFKEE,training_pool,1,4.41,4.41,4.41,False,False,0.0,0.0
RDJGLLICXDHJDY,training_pool,1,6.84,6.84,6.84,False,False,1.0,1.0
RDNWTIGPUQYVIH,training_pool,1,4.76,4.76,4.76,False,False,0.0,0.0
RDOBMAJQUIWFQP,training_pool,1,7.22,7.22,7.22,False,False,1.0,1.0
RDVMVFHKIXFZDK,training_pool,1,5.07,5.07,5.07,False,False,0.0,1.0
RECUKUPTGUEGMW,flora,1,5.4,5.4,5.4,False,False,0.0,1.0
REDHNRDNFAPMGP,training_pool,1,5.03,5.03,5.03,False,False,0.0,1.0
REEHPTZXDPTHNZ,training_pool,1,4.89,4.89,4.89,False,False,0.0,0.0
REFAJBAAPNOYGB,training_pool,1,4.43,4.43,4.43,False,False,0.0,0.0
RFUICONZPZXSGF,training_pool,1,6.58,6.58,6.58,False,False,1.0,1.0
RFYNCQDEEMNSRV,training_pool,1,5.72,5.72,5.72,False,False,0.0,1.0
RFYXXAAUMNFXQX,training_pool,1,4.39,4.39,4.39,False,False,0.0,0.0
RGANEMJXHWAHQI,training_pool,1,6.22,6.22,6.22,False,False,1.0,1.0
RGLYKWWBQGJZGM,training_pool,1,5.25,5.25,5.25,False,False,0.0,1.0
RGUDCFNKNHZUIY,training_pool,1,5.3,5.3,5.3,False,False,0.0,1.0
RGUGRLMTFNHYLE,training_pool,1,4.21,4.21,4.21,False,False,0.0,0.0
RGXSMAYXKHOHSL,training_pool,1,4.53,4.53,4.53,False,False,0.0,0.0
RGZLKFJQBVSTME,training_pool,1,6.79,6.79,6.79,False,False,1.0,1.0
RHPWOEFSQBYIMW,training_pool,1,5.57,5.57,5.57,False,False,0.0,1.0
RHSAKZRCPXWFSW,training_pool,1,4.42,4.42,4.42,False,False,0.0,0.0
RHTSKOPBSZUGID,training_pool,1,5.71,5.71,5.71,False,False,0.0,1.0
RHYPLXHTNFTLQW,training_pool,1,8.91,8.91,8.91,False,False,1.0,1.0
RHZXDVCKUWPBFF,training_pool,1,4.05,4.05,4.05,False,False,0.0,0.0
RIRLWPVSGQEVRA,training_pool,1,4.92,4.92,4.92,False,False,0.0,0.0
RJRAUTTUFDLEDK,training_pool,1,4.71,4.71,4.71,False,False,0.0,0.0
RKDRZOIGQPIOJE,training_pool,1,4.75,4.75,4.75,False,False,0.0,0.0
RKGGTHPEGXJODP,training_pool,1,7.16,7.16,7.16,False,False,1.0,1.0
RKNSLLSUFWWYCA,training_pool,1,4.48,4.48,4.48,False,False,0.0,0.0
RKRKYGRCYRXULL,training_pool,1,4.07,4.07,4.07,False,False,0.0,0.0
RLCSMEASWTXBRD,training_pool,1,6.29,6.29,6.29,False,False,1.0,1.0
RLFHLBYJXUUDSI,training_pool,1,4.13,4.13,4.13,False,False,0.0,0.0
RMARUWMZUTXBJC,training_pool,1,5.92,5.92,5.92,False,False,0.0,1.0
RNDSYJOBGICVGK,training_pool,1,6.43,6.43,6.43,False,False,1.0,1.0
RNHLNSUTABABRR,training_pool,1,6.01,6.01,6.01,False,False,1.0,1.0
RNWMHBCUGLUQES,training_pool,1,5.86,5.86,5.86,False,False,0.0,1.0
RNZOILMUIJSTSY,training_pool,1,5.92,5.92,5.92,False,False,0.0,1.0
ROGIZQKZYSAYNA,training_pool,1,5.27,5.27,5.27,False,False,0.0,1.0
ROPHIKMBWGQPQO,training_pool,1,5.9,5.9,5.9,False,False,0.0,1.0
ROVIGEJGXWWFCU,training_pool,1,6.19,6.19,6.19,False,False,1.0,1.0
ROWUKXFOSRSTCP,training_pool,1,4.94,4.94,4.94,False,False,0.0,0.0
RPTFKXDBRBKHQU,training_pool,1,4.61,4.61,4.61,False,False,0.0,0.0
RRAFCDWBNXTKKO,flora,1,4.96,4.96,4.96,False,False,0.0,0.0
RRQDXVLCGBXZKN,training_pool,1,4.36,4.36,4.36,False,False,0.0,0.0
RRRXFUYNAICAAP,training_pool,1,4.82,4.82,4.82,False,False,0.0,0.0
RRWSYMHVTCDSNN,training_pool,1,4.49,4.49,4.49,False,False,0.0,0.0
RSABMOYFBOLDLO,training_pool,2,4.08,4.05,4.11,False,False,0.0,0.0
RSNNHDKEOIZSOG,training_pool,1,4.21,4.21,4.21,False,False,0.0,0.0
RSVKRWJGUDWYLS,training_pool,2,5.875,5.27,6.48,True,False,,1.0
RSYPHTZEXAJUHX,training_pool,1,5.09,5.09,5.09,False,False,0.0,1.0
RSYUFYQTACJFML,flora,2,5.005000000000001,4.82,5.19,False,False,0.0,1.0
RTCBYXJWDJFNFR,training_pool,1,5.0,5.0,5.0,False,False,0.0,1.0
RTGQDSDACHRQRG,training_pool,1,4.46,4.46,4.46,False,False,0.0,0.0
RUTYLAWDRHFHCR,training_pool,1,5.01,5.01,5.01,False,False,0.0,1.0
RUYOIFKVHOOUJH,training_pool,1,4.14,4.14,4.14,False,False,0.0,0.0
RUZSSDOKRZZSMH,training_pool,1,4.02,4.02,4.02,False,False,0.0,0.0
RVWKKECIRPQFJF,training_pool,1,5.0,5.0,5.0,False,False,0.0,1.0
RVZYHWUQJFPPLC,training_pool,1,6.96,6.96,6.96,False,False,1.0,1.0
RWFQVGQYGYLUOT,training_pool,1,6.85,6.85,6.85,False,False,1.0,1.0
RWNBBYLXHVHOBL,training_pool,1,6.3,6.3,6.3,False,False,1.0,1.0
RWXBISJRHAJBBT,training_pool,1,4.39,4.39,4.39,False,False,0.0,0.0
RXKPYCRZRFXIIR,training_pool,1,6.36,6.36,6.36,False,False,1.0,1.0
RYWAXLZIHSGNRM,training_pool,1,4.15,4.15,4.15,False,False,0.0,0.0
RZBJOVUTEDIEQN,training_pool,1,4.0,4.0,4.0,False,False,0.0,0.0
RZEKVGVHFLEQIL,training_pool,32,5.0,4.09,7.89,True,True,,
RZJQGNCSTQAWON,training_pool,14,4.72,4.21,5.77,False,True,0.0,
RZVCBSGZKOFRJK,training_pool,1,5.22,5.22,5.22,False,False,0.0,1.0
SAFOMRPGBRDSOR,training_pool,1,4.31,4.31,4.31,False,False,0.0,0.0
SAWAFPHKXWZASY,training_pool,1,6.02,6.02,6.02,False,False,1.0,1.0
SBBHTKBJRAVMMH,training_pool,1,6.17,6.17,6.17,False,False,1.0,1.0
SBDNJUWAMKYJOX,training_pool,2,6.675000000000001,6.66,6.69,False,False,1.0,1.0
SCCDQYPEOIRVGX,flora,1,5.52,5.52,5.52,False,False,0.0,1.0
SCECXPYERIUNDX,training_pool,1,5.52,5.52,5.52,False,False,0.0,1.0
SCYUPMFTYFIJTQ,training_pool,1,4.23,4.23,4.23,False,False,0.0,0.0
SDAWSOMZMUZZGM,training_pool,1,4.07,4.07,4.07,False,False,0.0,0.0
SDHUXIUATGJTFY,training_pool,1,4.3,4.3,4.3,False,False,0.0,0.0
SECMOZDHIHOGTE,training_pool,1,4.2,4.2,4.2,False,False,0.0,0.0
SENZFKDGZWMLAB,training_pool,1,4.4,4.4,4.4,False,False,0.0,0.0
SEOHAKCJVHNLFU,training_pool,1,5.89,5.89,5.89,False,False,0.0,1.0
SFBGMMQOTOMLPM,training_pool,1,5.27,5.27,5.27,False,False,0.0,1.0
SFBODOKJTYAUCM,training_pool,1,5.53,5.53,5.53,False,False,0.0,1.0
SFHUMPQJFLDISM,training_pool,1,5.52,5.52,5.52,False,False,0.0,1.0
SFLMUHDGSQZDOW,flora,1,4.12,4.12,4.12,False,False,0.0,0.0
SFTDLGJIDMULGE,training_pool,1,4.94,4.94,4.94,False,False,0.0,0.0
SFWBFMNNYUARAT,training_pool,1,6.32,6.32,6.32,False,False,1.0,1.0
SGVCPVBBMCJFLT,training_pool,1,4.28,4.28,4.28,False,False,0.0,0.0
SGWVWSAHSLDLIL,training_pool,1,4.43,4.43,4.43,False,False,0.0,0.0
SGZPDQDNNJQFNW,training_pool,1,4.64,4.64,4.64,False,False,0.0,0.0
SHAHPWSYJFYMRX,training_pool,9,5.33,4.29,6.55,True,True,,
SHQZLTPDLDMNEL,training_pool,1,4.17,4.17,4.17,False,False,0.0,0.0
SJLVVNVCCNUXHZ,training_pool,1,6.46,6.46,6.46,False,False,1.0,1.0
SJQBHPJLLIJASD,training_pool,1,6.18,6.18,6.18,False,False,1.0,1.0
SJQHTKCFPLTJMC,training_pool,1,5.34,5.34,5.34,False,False,0.0,1.0
SJQYXSIKYYHNSV,training_pool,1,5.74,5.74,5.74,False,False,0.0,1.0
SKQVPMRXOSQJMV,training_pool,1,4.49,4.49,4.49,False,False,0.0,0.0
SLCHLEMDQSMYSS,training_pool,1,4.0,4.0,4.0,False,False,0.0,0.0
SLRUKOOLECYYPS,training_pool,1,4.02,4.02,4.02,False,False,0.0,0.0
SLUYEFYEFFMLQC,training_pool,1,4.23,4.23,4.23,False,False,0.0,0.0
SLWFGNQOCSTYTG,training_pool,1,5.57,5.57,5.57,False,False,0.0,1.0
SNGYIJXVPYURDI,training_pool,1,6.24,6.24,6.24,False,False,1.0,1.0
SNPVCUNFLUMOJV,training_pool,1,5.61,5.61,5.61,False,False,0.0,1.0
SNSNKHOGRIQHBJ,training_pool,2,5.665,5.11,6.22,True,False,,1.0
SOCFAPJBKSNKPG,training_pool,1,5.29,5.29,5.29,False,False,0.0,1.0
SOKZUMXDTXODPI,training_pool,1,6.5,6.5,6.5,False,False,1.0,1.0
SQJLTDFIOMWZDE,training_pool,1,5.08,5.08,5.08,False,False,0.0,1.0
SQQJATJQZCRBEZ,training_pool,1,5.44,5.44,5.44,False,False,0.0,1.0
SQRZLVUKAGAFFX,training_pool,1,4.52,4.52,4.52,False,False,0.0,0.0
SRHADSQOELLZQS,training_pool,1,5.59,5.59,5.59,False,False,0.0,1.0
SROFZMVMGQCTHO,training_pool,1,5.6,5.6,5.6,False,False,0.0,1.0
SRVKFGCVJMHEKC,training_pool,1,5.09,5.09,5.09,False,False,0.0,1.0
SSUJSRHMLFBGKA,training_pool,2,6.135,5.75,6.52,False,False,1.0,1.0
STBQFYDBKQFENT,training_pool,1,6.91,6.91,6.91,False,False,1.0,1.0
STMDMLVEEZZZEO,training_pool,2,4.29,4.12,4.46,False,False,0.0,0.0
STNFHIJXLGRFLA,training_pool,1,4.56,4.56,4.56,False,False,0.0,0.0
SULJGIKDKXUDLN,training_pool,1,4.46,4.46,4.46,False,False,0.0,0.0
SUOXGDJCEWTZIZ,training_pool,1,4.23,4.23,4.23,False,False,0.0,0.0
SUTUBQHKZRNZRA,flora,1,4.75,4.75,4.75,False,False,0.0,0.0
SVHSGKFLTVBGOL,training_pool,1,6.71,6.71,6.71,False,False,1.0,1.0
SVSFRUVDCJWHOW,training_pool,1,4.61,4.61,4.61,False,False,0.0,0.0
SWGSPVCVQPOXFZ,training_pool,1,5.66,5.66,5.66,False,False,0.0,1.0
SWKWTJVJCSGVET,training_pool,1,5.96,5.96,5.96,False,False,0.0,1.0
SWLWPNCYNMXQOD,training_pool,1,5.92,5.92,5.92,False,False,0.0,1.0
SWQGCPSWRKAIFP,training_pool,1,6.57,6.57,6.57,False,False,1.0,1.0
SWUARLUWKZWEBQ,training_pool,2,5.16,4.24,6.08,True,True,,
SWUVZSFIBSMELP,training_pool,1,4.71,4.71,4.71,False,False,0.0,0.0
SXNVEZCCWFOWDA,training_pool,3,5.37,5.13,6.5,True,False,,1.0
SXSWFYPYIIBACL,training_pool,1,4.59,4.59,4.59,False,False,0.0,0.0
SXTSFBHTDSDNGL,training_pool,1,7.28,7.28,7.28,False,False,1.0,1.0
SXWKLEULMBLXJM,training_pool,1,4.85,4.85,4.85,False,False,0.0,0.0
SYAQGJMIDFJIMM,training_pool,1,6.4,6.4,6.4,False,False,1.0,1.0
SYCDCMGVFQIMAR,training_pool,1,6.15,6.15,6.15,False,False,1.0,1.0
SYPLJSPPNMWDAH,training_pool,1,5.27,5.27,5.27,False,False,0.0,1.0
SYTBZMRGLBWNTM,training_pool,5,5.7,4.36,8.0,True,True,,
SYUJPVIDABKJNR,training_pool,1,4.37,4.37,4.37,False,False,0.0,0.0
SYUZXCHRMKPZQM,training_pool,1,5.18,5.18,5.18,False,False,0.0,1.0
SZAIXFSNPPEGOG,training_pool,1,4.4,4.4,4.4,False,False,0.0,0.0
SZEQJADSNWIXLJ,training_pool,1,4.8,4.8,4.8,False,False,0.0,0.0
SZQLJRUPQGEKLC,training_pool,2,5.27,4.47,6.07,True,True,,
SZXXTHFNGLCWIO,training_pool,1,5.89,5.89,5.89,False,False,0.0,1.0
SZZKITWEJTYMHE,training_pool,1,4.85,4.85,4.85,False,False,0.0,0.0
TTZNQDOUNXBMJV,training_pool,1,4.59,4.59,4.59,False,False,0.0,0.0
TULSRFAOYNXAQA,training_pool,1,4.9,4.9,4.9,False,False,0.0,0.0
TVBSMSWWIVWXMI,training_pool,1,5.14,5.14,5.14,False,False,0.0,1.0
TVETVUKIGCRVNH,training_pool,1,5.54,5.54,5.54,False,False,0.0,1.0
TVHNRXDZDSLSJZ,training_pool,1,7.36,7.36,7.36,False,False,1.0,1.0
TVSFBCFQMGXADL,training_pool,1,5.89,5.89,5.89,False,False,0.0,1.0
TWEXZJQAVDRTRB,training_pool,1,5.42,5.42,5.42,False,False,0.0,1.0
TXIDPRILKFJQCY,training_pool,1,8.0,8.0,8.0,False,False,1.0,1.0
TXNPZIGQKJSGPU,training_pool,1,4.53,4.53,4.53,False,False,0.0,0.0
TXRHVHRTTYBPNN,training_pool,1,5.87,5.87,5.87,False,False,0.0,1.0
TZBJGXHYKVUXJN,flora,1,4.1,4.1,4.1,False,False,0.0,0.0
TZFWDZAJJMUALL,training_pool,1,4.35,4.35,4.35,False,False,0.0,0.0
TZOMOHQHOGZCPT,training_pool,1,5.11,5.11,5.11,False,False,0.0,1.0
UAGQKNVABGCDHM,training_pool,1,6.24,6.24,6.24,False,False,1.0,1.0
UALGIHWFQTYUOP,training_pool,1,4.77,4.77,4.77,False,False,0.0,0.0
UATKBDIWWOKIJQ,training_pool,1,5.45,5.45,5.45,False,False,0.0,1.0
UAWXGRJVZSAUSZ,training_pool,3,6.68,6.1,6.8,False,False,1.0,1.0
UBHKJRYGKOSQDJ,training_pool,2,7.3,7.05,7.55,False,False,1.0,1.0
UBMHUOWYROYDAE,training_pool,1,5.86,5.86,5.86,False,False,0.0,1.0
UCGZGNACKJUNKA,training_pool,1,5.75,5.75,5.75,False,False,0.0,1.0
UDMLYEZNRAVMGZ,training_pool,1,5.44,5.44,5.44,False,False,0.0,1.0
UEDYWDJWTZVWJX,training_pool,1,5.88,5.88,5.88,False,False,0.0,1.0
UEMFMDKLHCIEME,training_pool,1,4.53,4.53,4.53,False,False,0.0,0.0
UEQVBBOKBRZCIM,training_pool,1,4.42,4.42,4.42,False,False,0.0,0.0
UFNDGXXGZFPSCP,training_pool,1,6.01,6.01,6.01,False,False,1.0,1.0
UFSJAWLGOHKVBH,training_pool,1,4.31,4.31,4.31,False,False,0.0,0.0
UFTYIKMLGCMHID,training_pool,1,4.12,4.12,4.12,False,False,0.0,0.0
UGAVYVQBJKBLTG,training_pool,1,5.05,5.05,5.05,False,False,0.0,1.0
UGIVEWWIEYYZIE,training_pool,1,5.42,5.42,5.42,False,False,0.0,1.0
UGWCZUSDBVTXHW,training_pool,1,7.22,7.22,7.22,False,False,1.0,1.0
UHAUUAGUJDZJLR,training_pool,1,6.7,6.7,6.7,False,False,1.0,1.0
UHCVEGWROAMUIK,training_pool,2,5.4,5.14,5.66,False,False,0.0,1.0
UHGDAIAKKIZOFL,training_pool,1,4.25,4.25,4.25,False,False,0.0,0.0
UIADWSXPNFQQCZ,training_pool,1,5.92,5.92,5.92,False,False,0.0,1.0
UIHLRZBEUBLOBS,training_pool,1,4.82,4.82,4.82,False,False,0.0,0.0
UJAAZUOEEYZOLC,training_pool,2,5.15,4.41,5.89,False,True,0.0,
UJIRQJMAFCLRDU,training_pool,1,5.5,5.5,5.5,False,False,0.0,1.0
UJWHINCSLZQYTB,training_pool,1,7.28,7.28,7.28,False,False,1.0,1.0
UKINWXGEQUAQTC,training_pool,1,4.38,4.38,4.38,False,False,0.0,0.0
UKXZLBDDBMTGRF,training_pool,1,4.53,4.53,4.53,False,False,0.0,0.0
ULFYMTMZNITFSB,training_pool,2,4.585,4.21,4.96,False,False,0.0,0.0
ULIXZLFVBJBBTC,training_pool,1,4.74,4.74,4.74,False,False,0.0,0.0
UMJBEGKQYIAPLP,training_pool,1,5.5,5.5,5.5,False,False,0.0,1.0
UMNWCBZVLJKUJR,training_pool,1,6.03,6.03,6.03,False,False,1.0,1.0
UMRLJKNCWIGTIM,training_pool,1,4.33,4.33,4.33,False,False,0.0,0.0
UNEVTVWOSGJGLU,training_pool,3,4.53,4.51,5.64,False,True,0.0,
UNHXJQNYRJHGEJ,training_pool,2,5.449999999999999,5.39,5.51,False,False,0.0,1.0
UOLUFPJCRSHVKK,training_pool,1,5.56,5.56,5.56,False,False,0.0,1.0
UOSXMUVQMSJAOK,training_pool,1,4.25,4.25,4.25,False,False,0.0,0.0
UPDJNAHRAKJPOA,training_pool,1,4.26,4.26,4.26,False,False,0.0,0.0
UPOOCQONPNXLKC,training_pool,1,5.72,5.72,5.72,False,False,0.0,1.0
UPSPUYADGBWSHF,training_pool,2,6.925,6.46,7.39,False,False,1.0,1.0
UQDWRYPLIVQNCA,training_pool,1,5.44,5.44,5.44,False,False,0.0,1.0
UROLELMVGKTSPJ,training_pool,2,5.66,5.51,5.81,False,False,0.0,1.0
URVFTJFHMOWIBI,training_pool,1,5.07,5.07,5.07,False,False,0.0,1.0
USKWMNFMQYXZEE,training_pool,1,4.33,4.33,4.33,False,False,0.0,0.0
USMIRTDURJPRPN,training_pool,1,5.72,5.72,5.72,False,False,0.0,1.0
USNOEMGNPRZBTH,training_pool,1,6.57,6.57,6.57,False,False,1.0,1.0
UTGQNNCQYDRXCH,training_pool,1,6.58,6.58,6.58,False,False,1.0,1.0
UTKWUVCLIJBSRQ,training_pool,1,5.31,5.31,5.31,False,False,0.0,1.0
UTRQPUXKRUOGHK,training_pool,1,6.22,6.22,6.22,False,False,1.0,1.0
UUNZESIYFMFDGC,training_pool,1,4.35,4.35,4.35,False,False,0.0,0.0
UUOBTTXYGXKPRY,training_pool,1,5.02,5.02,5.02,False,False,0.0,1.0
UUUXOINBGSTWMN,training_pool,1,6.4,6.4,6.4,False,False,1.0,1.0
UVJOGJFNIPVEGG,training_pool,1,4.6,4.6,4.6,False,False,0.0,0.0
UVMLQBCGOWFVRL,training_pool,1,4.31,4.31,4.31,False,False,0.0,0.0
UVNMAAHEMZZIAX,training_pool,1,4.69,4.69,4.69,False,False,0.0,0.0
UVXFRIHTEHOWRN,training_pool,1,4.96,4.96,4.96,False,False,0.0,0.0
UWAUANOAMSDSNK,training_pool,1,4.91,4.91,4.91,False,False,0.0,0.0
UWKSMHQOFVJHOW,training_pool,1,7.16,7.16,7.16,False,False,1.0,1.0
UWQYBLOHTQWSQD,flora,1,4.21,4.21,4.21,False,False,0.0,0.0
UXGHLOTWJFSCHD,training_pool,1,4.22,4.22,4.22,False,False,0.0,0.0
UXJLZLPNHILXSE,training_pool,1,6.17,6.17,6.17,False,False,1.0,1.0
UYFUQKQAQYFPNS,training_pool,1,4.81,4.81,4.81,False,False,0.0,0.0
UZSSWEJATUDXHM,training_pool,1,5.0,5.0,5.0,False,False,0.0,1.0
VAMTWVNBDCAGTA,training_pool,1,5.6,5.6,5.6,False,False,0.0,1.0
VAVYTEMFUFRIBJ,training_pool,1,4.65,4.65,4.65,False,False,0.0,0.0
VBGOMOIZYKKPOK,training_pool,1,6.4,6.4,6.4,False,False,1.0,1.0
VBPSUSJQVUTXKV,training_pool,1,4.45,4.45,4.45,False,False,0.0,0.0
VBSFNLTXMGJZMI,training_pool,1,4.14,4.14,4.14,False,False,0.0,0.0
VCTRQTWYPKTTDS,training_pool,1,6.77,6.77,6.77,False,False,1.0,1.0
VCZLGEIZUGWHAL,training_pool,1,5.09,5.09,5.09,False,False,0.0,1.0
VDDALGSXMJYSIM,training_pool,2,4.19,4.19,4.19,False,False,0.0,0.0
VDJKUOJXTDRTKV,training_pool,1,5.18,5.18,5.18,False,False,0.0,1.0
VDLKSALFSXAOKW,training_pool,1,4.7,4.7,4.7,False,False,0.0,0.0
VDSXWZYHKXJDEQ,training_pool,1,5.11,5.11,5.11,False,False,0.0,1.0
VEEFXCOUSJWNNI,training_pool,1,4.78,4.78,4.78,False,False,0.0,0.0
VEENGDJNDWZTOU,training_pool,1,4.54,4.54,4.54,False,False,0.0,0.0
VEZXFTKZUMARDU,training_pool,1,6.1,6.1,6.1,False,False,1.0,1.0
VFGSNLRSCYUGNT,training_pool,2,5.23,4.0,6.46,True,True,,
VFJATJUXSGULNB,training_pool,1,5.3,5.3,5.3,False,False,0.0,1.0
VFJMPSQRCVUSOI,training_pool,1,6.12,6.12,6.12,False,False,1.0,1.0
VFLDPWHFBUODDF,flora,4,4.76,4.28,5.09,False,False,0.0,0.0
VGFHSGPMFRAPBJ,training_pool,1,5.72,5.72,5.72,False,False,0.0,1.0
VHCSZQUYNKUEQK,training_pool,1,5.05,5.05,5.05,False,False,0.0,1.0
VHGJVDSEBQVHRX,training_pool,1,5.1,5.1,5.1,False,False,0.0,1.0
VHSYYXRBWBHMNB,training_pool,1,4.43,4.43,4.43,False,False,0.0,0.0
VHVRQMAMHSTXLD,training_pool,1,5.15,5.15,5.15,False,False,0.0,1.0
VHWZIWIGNRZWFK,training_pool,1,5.19,5.19,5.19,False,False,0.0,1.0
VIMDFWOMPNGDMF,training_pool,1,5.08,5.08,5.08,False,False,0.0,1.0
VJDZAFANKNWYHT,training_pool,1,6.52,6.52,6.52,False,False,1.0,1.0
VJXYIASUBZUHMU,training_pool,1,7.4,7.4,7.4,False,False,1.0,1.0
VJYCOEIIIBNIEJ,training_pool,1,4.98,4.98,4.98,False,False,0.0,0.0
VJZKDNLUHNLJEZ,training_pool,2,5.3,4.6,6.0,True,True,,
VKAHIULTISIANE,training_pool,1,4.62,4.62,4.62,False,False,0.0,0.0
VKCVJTXXANYFGD,training_pool,1,4.51,4.51,4.51,False,False,0.0,0.0
VKGMHNWSONUQEC,training_pool,1,5.55,5.55,5.55,False,False,0.0,1.0
VKIQIKNZYOSHFW,training_pool,1,4.63,4.63,4.63,False,False,0.0,0.0
VKUCTHVTLJBHDT,training_pool,1,4.74,4.74,4.74,False,False,0.0,0.0
VKZOHVGEVVBJLI,training_pool,1,4.75,4.75,4.75,False,False,0.0,0.0
VLEUZFDZJKSGMX,flora,1,6.16,6.16,6.16,False,False,1.0,1.0
VLQFQWHSVBLMNM,training_pool,1,4.26,4.26,4.26,False,False,0.0,0.0
VLQHHSUVYKIMDZ,training_pool,1,5.11,5.11,5.11,False,False,0.0,1.0
VLZYADILQZRSFD,training_pool,2,4.51,4.14,4.88,False,False,0.0,0.0
VMNKBYZDOJQBIH,training_pool,1,5.16,5.16,5.16,False,False,0.0,1.0
VMPITZXILSNTON,training_pool,1,5.5,5.5,5.5,False,False,0.0,1.0
VMWQYEAAXYPFCW,training_pool,1,5.03,5.03,5.03,False,False,0.0,1.0
VNGQNGVIRPWFOS,training_pool,1,6.1,6.1,6.1,False,False,1.0,1.0
VNSGKCTWIGVDCV,training_pool,1,6.0,6.0,6.0,False,False,1.0,1.0
VOHLZLMXJGAAHT,training_pool,1,4.11,4.11,4.11,False,False,0.0,0.0
VPLQJLKBIZSQAV,training_pool,1,5.68,5.68,5.68,False,False,0.0,1.0
VPZLUFUXSWACCE,training_pool,1,4.34,4.34,4.34,False,False,0.0,0.0
VQCXRIZAWVJTQC,training_pool,1,4.31,4.31,4.31,False,False,0.0,0.0
VQLLFMFUJZSRNU,training_pool,1,4.84,4.84,4.84,False,False,0.0,0.0
VQUWFGFSCGNAMJ,training_pool,1,4.61,4.61,4.61,False,False,0.0,0.0
VQVAOQIYIYYOJN,training_pool,1,7.12,7.12,7.12,False,False,1.0,1.0
VRAXEUOPAYYORT,training_pool,1,4.22,4.22,4.22,False,False,0.0,0.0
VRNJUSJNNZDCAE,training_pool,1,5.52,5.52,5.52,False,False,0.0,1.0
VRUCBLAUNYFIPA,training_pool,1,6.57,6.57,6.57,False,False,1.0,1.0
VRVDZPBFYOIWQP,training_pool,1,6.43,6.43,6.43,False,False,1.0,1.0
VSFNTSQLLVIKMG,training_pool,1,6.0,6.0,6.0,False,False,1.0,1.0
VSQLZYPQFJIORU,training_pool,1,6.08,6.08,6.08,False,False,1.0,1.0
VSUTUTIGOVBVSY,training_pool,1,5.12,5.12,5.12,False,False,0.0,1.0
VTTVOWODYFXGJO,training_pool,1,6.1,6.1,6.1,False,False,1.0,1.0
VUBPQQGAVFBONT,training_pool,1,4.53,4.53,4.53,False,False,0.0,0.0
VUBVLRJKVTZJLO,training_pool,1,4.47,4.47,4.47,False,False,0.0,0.0
VUELNKHOACUCIS,training_pool,1,4.54,4.54,4.54,False,False,0.0,0.0
VUUACPISHJGNFP,training_pool,1,5.41,5.41,5.41,False,False,0.0,1.0
VVGLPZDNIYZYJM,training_pool,1,4.42,4.42,4.42,False,False,0.0,0.0
VVJKTSKZDFTNKL,training_pool,1,4.72,4.72,4.72,False,False,0.0,0.0
VVYDUAYNVQZALE,training_pool,1,5.7,5.7,5.7,False,False,0.0,1.0
VWIZNMROODLCAH,training_pool,1,6.3,6.3,6.3,False,False,1.0,1.0
VWZIKFAOFGYHNE,training_pool,1,4.71,4.71,4.71,False,False,0.0,0.0
VXMGDASMKDBSLO,training_pool,1,4.51,4.51,4.51,False,False,0.0,0.0
VYERBHSCSOLBFI,training_pool,1,5.48,5.48,5.48,False,False,0.0,1.0
VYMDGNCVAMGZFE,training_pool,1,5.52,5.52,5.52,False,False,0.0,1.0
VYMRHGYLWDUCCA,training_pool,1,4.07,4.07,4.07,False,False,0.0,0.0
VYQNWZOUAUKGHI,training_pool,1,5.99,5.99,5.99,False,False,0.0,1.0
VYSLHVPRDSHMNT,training_pool,1,5.2,5.2,5.2,False,False,0.0,1.0
VYZKNVAXMQPLHY,training_pool,1,5.0,5.0,5.0,False,False,0.0,1.0
VZCIAZMKVAJRCL,training_pool,2,6.06,5.27,6.85,True,False,,1.0
VZFOLZSIMZZIKN,training_pool,1,5.2,5.2,5.2,False,False,0.0,1.0
VZFSDYNQLFGJKX,training_pool,1,5.45,5.45,5.45,False,False,0.0,1.0
VZFWOGVRKBWPKJ,training_pool,1,4.35,4.35,4.35,False,False,0.0,0.0
WALKEHMKBYERLO,training_pool,1,4.34,4.34,4.34,False,False,0.0,0.0
WAZQAZKAZLXFMK,training_pool,1,4.44,4.44,4.44,False,False,0.0,0.0
WBAUABWXAYXASI,training_pool,1,5.79,5.79,5.79,False,False,0.0,1.0
WBAUJPYWZXLTGY,training_pool,1,6.92,6.92,6.92,False,False,1.0,1.0
WBDWQUMGBQZQKW,training_pool,1,5.26,5.26,5.26,False,False,0.0,1.0
WBXTYTPVMJUOSX,training_pool,1,4.4,4.4,4.4,False,False,0.0,0.0
WCCFYIUYTAJWFD,training_pool,1,4.69,4.69,4.69,False,False,0.0,0.0
WDAGSKDAQKTQGQ,training_pool,1,4.01,4.01,4.01,False,False,0.0,0.0
WDAOZAXXZFWIOD,training_pool,1,4.76,4.76,4.76,False,False,0.0,0.0
WDCSJGAJZYETNP,training_pool,1,6.06,6.06,6.06,False,False,1.0,1.0
WEUHPBJZVFOCIY,training_pool,1,7.13,7.13,7.13,False,False,1.0,1.0
WFUZFBZSOJKKFQ,training_pool,1,4.57,4.57,4.57,False,False,0.0,0.0
WGCGQSURBOEJJA,training_pool,1,4.38,4.38,4.38,False,False,0.0,0.0
WGTJLXQITFRCTR,training_pool,1,6.22,6.22,6.22,False,False,1.0,1.0
WHKSEHKYYXHCTA,training_pool,1,6.54,6.54,6.54,False,False,1.0,1.0
WJFKNYWRSNBZNX,training_pool,1,6.71,6.71,6.71,False,False,1.0,1.0
WJVDIWQRDUFPKF,training_pool,1,7.27,7.27,7.27,False,False,1.0,1.0
WLEMOPWVEYNARP,training_pool,1,6.41,6.41,6.41,False,False,1.0,1.0
WLFJJROWUATIOC,training_pool,1,5.47,5.47,5.47,False,False,0.0,1.0
WLFSEEOKFBUFLP,training_pool,1,5.21,5.21,5.21,False,False,0.0,1.0
WLPAWGDABFYIPX,training_pool,1,4.57,4.57,4.57,False,False,0.0,0.0
WLWOWZLOWWPDRR,training_pool,1,5.6,5.6,5.6,False,False,0.0,1.0
WMQPXCDMTTVYMR,training_pool,1,5.44,5.44,5.44,False,False,0.0,1.0
WMWGEXYVYKDABP,training_pool,2,4.835,4.76,4.91,False,False,0.0,0.0
WNFIMLNJZQTRHX,training_pool,1,6.39,6.39,6.39,False,False,1.0,1.0
WNHWHFHOTYLCBQ,training_pool,1,4.02,4.02,4.02,False,False,0.0,0.0
WOBUKGPQDSRSPN,training_pool,1,4.65,4.65,4.65,False,False,0.0,0.0
WOOSKEULIBABRR,training_pool,1,6.21,6.21,6.21,False,False,1.0,1.0
WORCCYVLMMTGFR,training_pool,1,4.63,4.63,4.63,False,False,0.0,0.0
WPUXDICHLLZBRH,training_pool,1,4.62,4.62,4.62,False,False,0.0,0.0
WPYQXCORZGBFKS,training_pool,1,4.12,4.12,4.12,False,False,0.0,0.0
WQGOWYVBXVBECY,training_pool,1,5.06,5.06,5.06,False,False,0.0,1.0
WQLJLPDGSLZYEP,training_pool,1,5.81,5.81,5.81,False,False,0.0,1.0
WQVBAYOMZJYFJK,training_pool,1,5.48,5.48,5.48,False,False,0.0,1.0
WRQFOMMHNDHSPD,training_pool,1,4.89,4.89,4.89,False,False,0.0,0.0
WRUXGKMVLXUASU,training_pool,1,6.92,6.92,6.92,False,False,1.0,1.0
WSCRVCJAJAXULJ,training_pool,1,4.58,4.58,4.58,False,False,0.0,0.0
WSKYPJGASMQVQC,training_pool,1,5.49,5.49,5.49,False,False,0.0,1.0
WTKXNYQLUXPOLK,training_pool,1,4.07,4.07,4.07,False,False,0.0,0.0
WTOORHANEMAYPO,training_pool,2,4.815,4.44,5.19,False,False,0.0,0.0
WTSWMDMCVUDWNV,training_pool,1,4.87,4.87,4.87,False,False,0.0,0.0
WTURSDNIJCLTQU,training_pool,1,4.36,4.36,4.36,False,False,0.0,0.0
WUGHRYZSQCDWCT,training_pool,1,5.24,5.24,5.24,False,False,0.0,1.0
WUNYHDHBUKRWBK,training_pool,1,7.7,7.7,7.7,False,False,1.0,1.0
WVMKHZFGKXZRFP,training_pool,2,5.865,5.43,6.3,False,False,0.0,1.0
WVQMNFHYJBWNDO,training_pool,1,7.09,7.09,7.09,False,False,1.0,1.0
WVSOERYRTLIVHL,training_pool,1,6.31,6.31,6.31,False,False,1.0,1.0
WVTUWXNHDHSOOZ,training_pool,1,4.42,4.42,4.42,False,False,0.0,0.0
WWCOYKGGJVFNGO,training_pool,1,6.21,6.21,6.21,False,False,1.0,1.0
WWELQAHDMBIJQD,training_pool,1,4.37,4.37,4.37,False,False,0.0,0.0
WWZRRRDQLCSEED,training_pool,1,5.39,5.39,5.39,False,False,0.0,1.0
WXXURXCYKRMJTM,training_pool,1,6.15,6.15,6.15,False,False,1.0,1.0
WYMPMNZWERFHGE,training_pool,1,6.04,6.04,6.04,False,False,1.0,1.0
WYRUXQCDQBMXFY,training_pool,1,4.42,4.42,4.42,False,False,0.0,0.0
WYTDPUYUSRWWCD,training_pool,1,5.12,5.12,5.12,False,False,0.0,1.0
WYVGTVJHYRLPIO,training_pool,1,5.83,5.83,5.83,False,False,0.0,1.0
WYWHKKSPHMUBEB,training_pool,1,6.22,6.22,6.22,False,False,1.0,1.0
WZQRQFRPTKNESB,training_pool,1,6.32,6.32,6.32,False,False,1.0,1.0
WZUHLHPTPRMFIC,training_pool,1,5.29,5.29,5.29,False,False,0.0,1.0
WZXLSMRCLDEQJR,training_pool,1,5.31,5.31,5.31,False,False,0.0,1.0
XATBEIKLYMUFRR,training_pool,1,6.23,6.23,6.23,False,False,1.0,1.0
XAVZMVCQMPSHMP,training_pool,1,6.0,6.0,6.0,False,False,1.0,1.0
XBMVFVILTOKBLZ,training_pool,1,6.0,6.0,6.0,False,False,1.0,1.0
XCHKYZONRHDRBY,training_pool,2,5.085,4.38,5.79,False,True,0.0,
XCNHDBDVIVAJHX,training_pool,1,5.25,5.25,5.25,False,False,0.0,1.0
XDORUBCJWRPCMU,training_pool,1,4.94,4.94,4.94,False,False,0.0,0.0
XFFOMNJIDRDDLQ,training_pool,1,4.0,4.0,4.0,False,False,0.0,0.0
XGAVKLLYKCBUQT,training_pool,1,6.05,6.05,6.05,False,False,1.0,1.0
XGSGQDRZXZOXAL,training_pool,1,6.85,6.85,6.85,False,False,1.0,1.0
XGZRZTKRJGVGSI,training_pool,1,6.09,6.09,6.09,False,False,1.0,1.0
XHFSJZHATNKAKR,training_pool,1,5.24,5.24,5.24,False,False,0.0,1.0
XHKFFJSTNFVKSY,training_pool,1,4.24,4.24,4.24,False,False,0.0,0.0
XIPWEBQITIJTCZ,training_pool,1,5.6,5.6,5.6,False,False,0.0,1.0
XIPYFDKZPWWWGS,training_pool,1,4.6,4.6,4.6,False,False,0.0,0.0
XJOSBPJHURVJFY,training_pool,1,5.4,5.4,5.4,False,False,0.0,1.0
XLDKMNHAXYWQCC,training_pool,1,7.35,7.35,7.35,False,False,1.0,1.0
XLKYVXUSUJVBTF,training_pool,1,4.37,4.37,4.37,False,False,0.0,0.0
XLLSSYMPYWALGH,training_pool,2,6.535,6.32,6.75,False,False,1.0,1.0
XMBKCBHNFMSAEA,training_pool,1,5.46,5.46,5.46,False,False,0.0,1.0
XMEPOMUQTCQNMC,training_pool,1,7.13,7.13,7.13,False,False,1.0,1.0
XMOCLSLCDHWDHP,flora,1,4.02,4.02,4.02,False,False,0.0,0.0
XMXSTOSUSVTYPQ,training_pool,1,4.07,4.07,4.07,False,False,0.0,0.0
XMYNRFMUTJHHIC,training_pool,1,5.42,5.42,5.42,False,False,0.0,1.0
XOENMZNSDCQIPO,training_pool,1,5.62,5.62,5.62,False,False,0.0,1.0
XOJPIEDVJHMQEJ,training_pool,1,4.7,4.7,4.7,False,False,0.0,0.0
XOMNQOPLQKUSOR,training_pool,1,4.92,4.92,4.92,False,False,0.0,0.0
XPBQEWXBKRTDQB,training_pool,1,4.34,4.34,4.34,False,False,0.0,0.0
XPJBWWMZBBJPJA,training_pool,1,4.3,4.3,4.3,False,False,0.0,0.0
XPNFVSVIBZOUIM,training_pool,1,4.38,4.38,4.38,False,False,0.0,0.0
XQGKEIYUUUKXAH,training_pool,1,4.78,4.78,4.78,False,False,0.0,0.0
XRHRZRHLXNWUTF,training_pool,1,7.19,7.19,7.19,False,False,1.0,1.0
XRMGAEQKAZUUKD,training_pool,1,5.58,5.58,5.58,False,False,0.0,1.0
XRSLWJGSCSCHSS,training_pool,1,7.12,7.12,7.12,False,False,1.0,1.0
XSEGDVOAKVYGFX,training_pool,1,4.78,4.78,4.78,False,False,0.0,0.0
XSSUBDJHWZZNPL,training_pool,1,4.97,4.97,4.97,False,False,0.0,0.0
XTDMKGFJRUDIKB,training_pool,1,6.1,6.1,6.1,False,False,1.0,1.0
XTLZOYVEZYSKKL,training_pool,1,4.38,4.38,4.38,False,False,0.0,0.0
XTVDLWUNJWNOGA,training_pool,1,4.3,4.3,4.3,False,False,0.0,0.0
XUIMZWHJUVXRFX,training_pool,1,5.0,5.0,5.0,False,False,0.0,1.0
XUMZYVTUPBUWOY,training_pool,1,4.2,4.2,4.2,False,False,0.0,0.0
XUPCBKGIPJPDGW,training_pool,1,5.44,5.44,5.44,False,False,0.0,1.0
XVFQMXWWGPLDRE,training_pool,1,6.24,6.24,6.24,False,False,1.0,1.0
XVLXLYYBNIGSNU,training_pool,1,4.37,4.37,4.37,False,False,0.0,0.0
XXLFDXWVPBNPQA,training_pool,1,4.48,4.48,4.48,False,False,0.0,0.0
XXWZFMCFBPXXFF,training_pool,1,5.44,5.44,5.44,False,False,0.0,1.0
XXXVGINRZSHYHM,training_pool,2,6.145,5.11,7.18,True,False,,1.0
XYNOMYGVSOXKJX,training_pool,1,5.51,5.51,5.51,False,False,0.0,1.0
XYPOZNYKHAQGHD,training_pool,1,4.65,4.65,4.65,False,False,0.0,0.0
XZBCHXZIDAPGAW,training_pool,1,4.45,4.45,4.45,False,False,0.0,0.0
XZDKRJXCZKYDNA,training_pool,1,4.75,4.75,4.75,False,False,0.0,0.0
XZPZMCTWLAHJGB,training_pool,1,5.16,5.16,5.16,False,False,0.0,1.0
XZTIZOUPEBFRAS,training_pool,1,5.29,5.29,5.29,False,False,0.0,1.0
YAGVGZRCFDSMDV,training_pool,1,6.1,6.1,6.1,False,False,1.0,1.0
YALPORKUDWSYAM,training_pool,1,6.21,6.21,6.21,False,False,1.0,1.0
YBEGHAAVDAFSSE,training_pool,1,9.0,9.0,9.0,False,False,1.0,1.0
YBOWAHQKNFIXBD,training_pool,2,5.99,5.82,6.16,False,False,0.0,1.0
YBUPKAFNJNXZCU,training_pool,2,5.045,4.65,5.44,False,False,0.0,1.0
YCCKDSXKAGIMNB,training_pool,1,5.46,5.46,5.46,False,False,0.0,1.0
YCMQQDZQXUJCTD,training_pool,1,5.14,5.14,5.14,False,False,0.0,1.0
YCVNAUDTLXBCJV,training_pool,1,4.8,4.8,4.8,False,False,0.0,0.0
YDDRNICHOGPHSJ,training_pool,1,5.05,5.05,5.05,False,False,0.0,1.0
YDIDEQHRPVKNMB,training_pool,1,4.94,4.94,4.94,False,False,0.0,0.0
YDQYCQZPMXCGMM,training_pool,1,6.7,6.7,6.7,False,False,1.0,1.0
YDUPYYYSVNHBLL,training_pool,1,5.4,5.4,5.4,False,False,0.0,1.0
YECOEALYOOMIEB,training_pool,1,4.16,4.16,4.16,False,False,0.0,0.0
YEPGGYKOTCQGAU,training_pool,1,5.87,5.87,5.87,False,False,0.0,1.0
YEQSTNZQZFQNKF,training_pool,1,4.87,4.87,4.87,False,False,0.0,0.0
YFKJDWYHRXIZFN,training_pool,1,4.77,4.77,4.77,False,False,0.0,0.0
YFUHWDPSKXJUAK,training_pool,1,6.82,6.82,6.82,False,False,1.0,1.0
YFULQFFHNIVGPN,training_pool,1,6.32,6.32,6.32,False,False,1.0,1.0
YFYONHYUUJDOCL,training_pool,1,5.96,5.96,5.96,False,False,0.0,1.0
YFZQQBMUCPICOL,training_pool,1,6.7,6.7,6.7,False,False,1.0,1.0
YGFVMPRTUQKSCQ,training_pool,1,4.99,4.99,4.99,False,False,0.0,0.0
YGLGOLHWMZAACM,training_pool,1,5.27,5.27,5.27,False,False,0.0,1.0
YGLJCPOBGVXDAD,training_pool,1,6.85,6.85,6.85,False,False,1.0,1.0
YHPIWFZVGYDONZ,training_pool,1,5.09,5.09,5.09,False,False,0.0,1.0
YHXZNEINGMVCBQ,training_pool,1,4.5,4.5,4.5,False,False,0.0,0.0
YIDYOKGMLNVNKI,training_pool,1,5.87,5.87,5.87,False,False,0.0,1.0
YIFZKRGUGKLILR,training_pool,1,4.65,4.65,4.65,False,False,0.0,0.0
YILKRQSNHJJFJH,training_pool,1,4.81,4.81,4.81,False,False,0.0,0.0
YIPHRJJRJSKOFJ,training_pool,1,4.77,4.77,4.77,False,False,0.0,0.0
YIUDBBNIBASXOU,training_pool,1,7.37,7.37,7.37,False,False,1.0,1.0
YJCAZHSMJLTVQV,training_pool,1,4.45,4.45,4.45,False,False,0.0,0.0
YJVDVVFPGPAHQX,training_pool,1,5.92,5.92,5.92,False,False,0.0,1.0
YKAPJCGZRGXSIP,training_pool,1,4.03,4.03,4.03,False,False,0.0,0.0
YKBZLLVSEVPVRR,training_pool,1,7.39,7.39,7.39,False,False,1.0,1.0
YKLBIEVEUQEIAV,training_pool,1,4.25,4.25,4.25,False,False,0.0,0.0
YKPUWZUDDOIDPM,flora,2,5.615,5.42,5.81,False,False,0.0,1.0
YKTQNXNBVRMYNF,training_pool,2,4.89,4.85,4.93,False,False,0.0,0.0
YLMNREJKXSQVHX,training_pool,1,4.53,4.53,4.53,False,False,0.0,0.0
YLVLFSASFDTMCP,training_pool,1,5.51,5.51,5.51,False,False,0.0,1.0
YMBXTVYHTMGZDW,training_pool,1,5.19,5.19,5.19,False,False,0.0,1.0
YMNRYTSZOBEQFB,training_pool,1,4.76,4.76,4.76,False,False,0.0,0.0
YMXUABAWYDXQKS,training_pool,1,5.58,5.58,5.58,False,False,0.0,1.0
YNIHZRKWZCFFTF,training_pool,1,6.77,6.77,6.77,False,False,1.0,1.0
YNJHCNYGWCDCLK,training_pool,1,5.4,5.4,5.4,False,False,0.0,1.0
YNVJOQCPHWKWSO,flora,1,4.3,4.3,4.3,False,False,0.0,0.0
YOHLWAAJAOZBKF,training_pool,1,4.0,4.0,4.0,False,False,0.0,0.0
YOUTVOXKKLOMJX,training_pool,1,4.62,4.62,4.62,False,False,0.0,0.0
YOZCXTOUYGNYMT,training_pool,1,5.52,5.52,5.52,False,False,0.0,1.0
YPEWWAVXGZAWDT,training_pool,1,4.77,4.77,4.77,False,False,0.0,0.0
YPUKGRYHGPSOGX,training_pool,1,4.71,4.71,4.71,False,False,0.0,0.0
YQLWJESVKCCSDD,training_pool,1,4.25,4.25,4.25,False,False,0.0,0.0
YQNWZWMKLDQSAC,training_pool,1,8.29,8.29,8.29,False,False,1.0,1.0
YQRPRWFATMATGD,training_pool,1,5.09,5.09,5.09,False,False,0.0,1.0
YRRFIBPGPRSMJJ,training_pool,1,6.37,6.37,6.37,False,False,1.0,1.0
YRWKQWGTCAXBFL,training_pool,1,4.36,4.36,4.36,False,False,0.0,0.0
YRZASYCIZSWCKB,training_pool,1,4.51,4.51,4.51,False,False,0.0,0.0
YSDJBKAMQOFRPG,training_pool,1,4.19,4.19,4.19,False,False,0.0,0.0
YSPFTDIQDFVVLO,training_pool,1,4.06,4.06,4.06,False,False,0.0,0.0
YUSDGTLMDWWCOF,training_pool,1,6.57,6.57,6.57,False,False,1.0,1.0
YUWBBWHECQSIKL,training_pool,1,4.52,4.52,4.52,False,False,0.0,0.0
YUYGIQKCRIEWAR,training_pool,1,4.82,4.82,4.82,False,False,0.0,0.0
YVAOFGAOVRXLLB,training_pool,1,5.06,5.06,5.06,False,False,0.0,1.0
YVCINYUJSBPRQS,training_pool,1,4.68,4.68,4.68,False,False,0.0,0.0
YVHLXYXUEUOZHQ,training_pool,1,5.91,5.91,5.91,False,False,0.0,1.0
YVIRRQDZMKKAFR,training_pool,1,4.58,4.58,4.58,False,False,0.0,0.0
YVNMRWQDSVWHMD,training_pool,1,4.52,4.52,4.52,False,False,0.0,0.0
YVZIBNGIENXYSE,training_pool,1,5.24,5.24,5.24,False,False,0.0,1.0
YXTCXJAYXBJFMN,training_pool,1,4.62,4.62,4.62,False,False,0.0,0.0
YYALXWOCHMHYLS,training_pool,1,6.12,6.12,6.12,False,False,1.0,1.0
YYHFBBQMCXAWJV,training_pool,1,5.72,5.72,5.72,False,False,0.0,1.0
YYVXKMPRWKMQAC,training_pool,1,4.72,4.72,4.72,False,False,0.0,0.0
YYYKMCPSKNHGLP,training_pool,1,4.57,4.57,4.57,False,False,0.0,0.0
ZAEMKGJZZJJJLD,training_pool,1,7.46,7.46,7.46,False,False,1.0,1.0
ZAIXJKNFYYBUFG,training_pool,1,6.36,6.36,6.36,False,False,1.0,1.0
ZBDNKMRXKULILB,training_pool,2,5.635,5.5,5.77,False,False,0.0,1.0
ZBLZPYUIJXDMGS,training_pool,1,4.7,4.7,4.7,False,False,0.0,0.0
ZBPLOVFIXSTCRZ,training_pool,1,8.07,8.07,8.07,False,False,1.0,1.0
ZCHIJNKLPIPVGQ,training_pool,1,6.28,6.28,6.28,False,False,1.0,1.0
ZDRRWJXUUKAASS,training_pool,1,4.69,4.69,4.69,False,False,0.0,0.0
ZEFPPDBVBWXRHW,training_pool,1,5.22,5.22,5.22,False,False,0.0,1.0
ZEXKREHQAIROAG,training_pool,1,6.0,6.0,6.0,False,False,1.0,1.0
ZFFYQVIHYPYXPI,training_pool,1,4.47,4.47,4.47,False,False,0.0,0.0
ZFKBWSREWJOSSJ,training_pool,4,5.3149999999999995,4.5,6.16,True,True,,
ZGNRKLLCRYGEIK,training_pool,1,5.17,5.17,5.17,False,False,0.0,1.0
ZHEBXNMYNJDOGM,training_pool,1,5.13,5.13,5.13,False,False,0.0,1.0
ZHRMSIDYCXFKFH,training_pool,1,5.13,5.13,5.13,False,False,0.0,1.0
ZHSBUNIACINLPW,training_pool,1,5.63,5.63,5.63,False,False,0.0,1.0
ZHWIKUYCPQHTGA,training_pool,1,4.54,4.54,4.54,False,False,0.0,0.0
ZHXUEUKVDMWSKV,training_pool,1,6.6,6.6,6.6,False,False,1.0,1.0
ZICPVCHQEIJFKO,training_pool,1,6.11,6.11,6.11,False,False,1.0,1.0
ZINNGAUEQDMHNV,training_pool,1,5.8,5.8,5.8,False,False,0.0,1.0
ZJIBDVBTKQSZQZ,training_pool,1,5.28,5.28,5.28,False,False,0.0,1.0
ZKEXYAFRYOEKTR,training_pool,1,5.43,5.43,5.43,False,False,0.0,1.0
ZKYGSXURZRZQTM,training_pool,1,5.52,5.52,5.52,False,False,0.0,1.0
ZLHDOXPADGPKBN,training_pool,1,5.57,5.57,5.57,False,False,0.0,1.0
ZLKXJTFNFOFRKW,training_pool,1,7.1,7.1,7.1,False,False,1.0,1.0
ZLLFDDWDIHEBRO,training_pool,1,4.22,4.22,4.22,False,False,0.0,0.0
ZLOZBOGSCGGPFN,training_pool,1,6.72,6.72,6.72,False,False,1.0,1.0
ZLQPWAYREUZUCL,training_pool,1,4.5,4.5,4.5,False,False,0.0,0.0
ZLXJXNJHBCFWAG,training_pool,1,5.52,5.52,5.52,False,False,0.0,1.0
ZMIZKLFUKIHSJC,training_pool,1,7.39,7.39,7.39,False,False,1.0,1.0
ZMUUYQXIXHEHKH,training_pool,1,4.09,4.09,4.09,False,False,0.0,0.0
ZNBMTIXROHIRAA,training_pool,1,4.44,4.44,4.44,False,False,0.0,0.0
ZNJHGPCAFLJJHW,training_pool,1,6.08,6.08,6.08,False,False,1.0,1.0
ZOKIDNXTWRYXKQ,training_pool,1,5.89,5.89,5.89,False,False,0.0,1.0
ZOKYIFYCPTXDCW,training_pool,1,5.0,5.0,5.0,False,False,0.0,1.0
ZPPWPZZIZWEACX,training_pool,1,4.41,4.41,4.41,False,False,0.0,0.0
ZQMGNORHKBCQLC,training_pool,1,4.59,4.59,4.59,False,False,0.0,0.0
ZQNACYCKMYUNKS,training_pool,1,6.52,6.52,6.52,False,False,1.0,1.0
ZQRHHQIODRUYCQ,training_pool,1,5.18,5.18,5.18,False,False,0.0,1.0
ZQRNLKDRXSNLKR,training_pool,1,6.62,6.62,6.62,False,False,1.0,1.0
ZRCURVJXQGLLOZ,training_pool,2,5.165,5.0,5.33,False,False,0.0,1.0
ZRFRMAUYISSNTM,training_pool,1,4.48,4.48,4.48,False,False,0.0,0.0
ZRVUJXDFFKFLMG,training_pool,5,5.66,4.44,5.88,False,True,0.0,
ZRXNNNLXDZLQEL,training_pool,1,5.3,5.3,5.3,False,False,0.0,1.0
ZSGDYNVQAVIADC,training_pool,1,6.08,6.08,6.08,False,False,1.0,1.0
ZSJUWFAOKZZZMO,training_pool,1,5.39,5.39,5.39,False,False,0.0,1.0
ZSRPJFBRCNQTJM,training_pool,1,8.3,8.3,8.3,False,False,1.0,1.0
ZSYPIPFQOQGYHH,flora,1,4.85,4.85,4.85,False,False,0.0,0.0
ZTJJIBURSBTUAR,training_pool,1,5.12,5.12,5.12,False,False,0.0,1.0
ZUSLJHHXDFIEBK,training_pool,1,4.9,4.9,4.9,False,False,0.0,0.0
ZUWRAORRDMOPTP,training_pool,1,4.67,4.67,4.67,False,False,0.0,0.0
ZUZQTKJXIWLYMU,training_pool,1,6.68,6.68,6.68,False,False,1.0,1.0
ZWCWIYZZQPFRBQ,training_pool,1,4.96,4.96,4.96,False,False,0.0,0.0
ZXFPVIQVVULPBC,training_pool,1,4.31,4.31,4.31,False,False,0.0,0.0
ZXIRUKJWLADSJS,training_pool,1,7.05,7.05,7.05,False,False,1.0,1.0
ZYIUJYQYPHQSFL,training_pool,1,4.31,4.31,4.31,False,False,0.0,0.0
ZYQXVDBRPIHOGV,training_pool,1,6.7,6.7,6.7,False,False,1.0,1.0
ZZCBOUGLBWORTF,training_pool,1,4.97,4.97,4.97,False,False,0.0,0.0
ZZVUBXIMHCRPKZ,training_pool,1,4.97,4.97,4.97,False,False,0.0,0.0
