layer,targets,label_T6,label_T5,median_pchembl,compound_name_bmppd,pubchem_title,plant_index,botanical_name,link_tier,reference_link,max_phase,natural_product,verified_in_source,is_reference_compound,notes
SCCDQYPEOIRVGX,cox1,0,1,5.52,Acetyleugenol,Eugenyl Acetate,1,Piper betle L.,HIGH,EMPTY,0,1,,,
RECUKUPTGUEGMW,cox1,0,1,5.40,Carvacrol,Carvacrol,1,Piper betle L.,HIGH,EMPTY,2,1,,,
RECUKUPTGUEGMW,cox1,0,1,5.40,Carvacrol,Carvacrol,2,Piper cubeba Vahl,HIGH,EMPTY,2,1,,,
IYRMWMYZSQPJKC,xo,0,1,5.97,Kaempferol,Kaempferol,4,Papaver somniferum L.,HIGH,EMPTY,1,1,,,
DTOSIQBPPRVQHS,cox1,0,1,5.40,Linolenic acid,Linolenic Acid,4,Papaver somniferum L.,HIGH,EMPTY,0,1,,,
REFJWTPEDVJJIY,cox2|xo|maoa,cox2:0; xo:conflict; maoa:0,cox2:0; xo:1; maoa:1,cox2:4.54; xo:5.55; maoa:5.55,Quercetin,Quercetin,4,Papaver somniferum L.,HIGH,EMPTY,3,1,,,
RECUKUPTGUEGMW,cox1,0,1,5.40,Carvacrol,Carvacrol,5,Artocarpus heterophyllus Lam.,HIGH,https://doi.org/10.1016/j.foodchem.2020.127211,2,1,,,
IQPNAANSBPBGFQ,xo|maoa,xo:conflict; maoa:0,xo:conflict; maoa:1,xo:5.33; maoa:5.19,Luteolin,Luteolin,5,Artocarpus heterophyllus Lam.,HIGH,https://doi.org/10.1016/j.foodchem.2020.127211,2,1,,,
KZNIFHPLKGYRTM,cox2|xo|maoa,cox2:0; xo:1; maoa:0,cox2:1; xo:1; maoa:1,cox2:5.10; xo:6.16; maoa:5.81,apigenin,Apigenin,5,Artocarpus heterophyllus Lam.,HIGH,https://doi.org/10.1021/jf500159z,0,1,,,
LHPRYOJTASOZGJ,cox1|cox2,cox1:1; cox2:0,cox1:1; cox2:0,cox1:6.30; cox2:4.65,moracin M,Moracin M,5,Artocarpus heterophyllus Lam.,HIGH,https://doi.org/10.1021/jf500159z,0,1,,,
ZSYPIPFQOQGYHH,cox1,0,0,4.85,norartocarpetin,Norartocarpetin,5,Artocarpus heterophyllus Lam.,HIGH,https://doi.org/10.1021/jf500159z,0,1,,,
QBLQLKNOKUHRCH,cox1|cox2,cox1:0; cox2:0,cox1:1; cox2:0,cox1:5.23; cox2:4.33,steppogenin,Steppogenin,5,Artocarpus heterophyllus Lam.,HIGH,https://doi.org/10.1021/jf500159z,0,1,,,
ZZIALNLLNHEQPJ,maoa,0,1,5.70,"3,3',5-Trihydroxy-7-methoxyflavone",Coumestrol,9,Boerhavia diffusa L.,LOW,"ISBN:9770972795006, ISBN:9788172360481, ISBN:9788185042084, ISBN:9788190115124",0,1,,,
JNELGWHKGNBSMD,maoa,1,1,6.14,Xanthone,Xanthone,9,Boerhavia diffusa L.,HIGH,ISBN:9780387706375,0,1,,,
AZQWKYJCGOJGHM,maoa,0,1,5.17,"1,4-Benzoquinone",Quinone,14,Plumbago indica L.,HIGH,EMPTY,0,1,,,
FRASJONUBLZVQX,maoa,0,1,5.11,"1,4-Naphthoquinone","1,4-Naphthoquinone",14,Plumbago indica L.,HIGH,EMPTY,0,1,,,
IYRMWMYZSQPJKC,xo,0,1,5.97,Kaempferol,Kaempferol,14,Plumbago indica L.,HIGH,EMPTY,1,1,,,
JJUNZBRHHGLJQW,maoa,0,1,5.10,"1,3,7-Trihydroxyxanthone","1,3,7-Trihydroxyxanthone",16,Mesua ferrea L.,HIGH,https://doi.org/10.3390/separations9050127,0,1,,,
KZNIFHPLKGYRTM,cox2|xo|maoa,cox2:0; xo:1; maoa:0,cox2:1; xo:1; maoa:1,cox2:5.10; xo:6.16; maoa:5.81,Apigenin,Apigenin,16,Mesua ferrea L.,HIGH,https://doi.org/10.3390/separations9050127,0,1,,,
DTOSIQBPPRVQHS,cox1,0,1,5.40,Linolenic acid,Linolenic Acid,16,Mesua ferrea L.,HIGH,https://doi.org/10.1371/journal.pone.0312047,0,1,,,
IQPNAANSBPBGFQ,xo|maoa,xo:conflict; maoa:0,xo:conflict; maoa:1,xo:5.33; maoa:5.19,Luteolin,Luteolin,16,Mesua ferrea L.,HIGH,https://doi.org/10.3390/separations9050127,2,1,,,
CUFLZUDASVUNOE,xo,0,0,4.53,Protocatechuic acid methyl ester,"Methyl 3,4-Dihydroxybenzoate",16,Mesua ferrea L.,HIGH,https://doi.org/10.1080/14786419.2019.1613395,0,1,,,
IBGBGRVKPALMCQ,cox2,0,0,4.71,Protocatechuic aldehyde,"3,4-Dihydroxybenzaldehyde",16,Mesua ferrea L.,HIGH,https://doi.org/10.3390/separations9050127,0,1,,,
REFJWTPEDVJJIY,cox2|xo|maoa,cox2:0; xo:conflict; maoa:0,cox2:0; xo:1; maoa:1,cox2:4.54; xo:5.55; maoa:5.55,Quercetin,Quercetin,16,Mesua ferrea L.,HIGH,https://doi.org/10.3390/separations9050127,3,1,,,
DTOSIQBPPRVQHS,cox1,0,1,5.40,"9,12,15-Octadecatrienoic acid, (z,z,z)-",Linolenic Acid,27,Moringa oleifera Lam.,HIGH,https://doi.org/10.1016/j.dib.2020.105258,0,1,,,
IYRMWMYZSQPJKC,xo,0,1,5.97,Kaempferol,Kaempferol,27,Moringa oleifera Lam.,HIGH,https://www.nature.com/articles/s41598-021-98415-9,1,1,,,
IKMDFBPHZNJCSN,xo|maoa,xo:0; maoa:0,xo:1; maoa:1,xo:5.62; maoa:5.00,Myricetin,Myricetin,27,Moringa oleifera Lam.,HIGH,https://www.nature.com/articles/s41598-021-98415-9,0,1,,,
REFJWTPEDVJJIY,cox2|xo|maoa,cox2:0; xo:conflict; maoa:0,cox2:0; xo:1; maoa:1,cox2:4.54; xo:5.55; maoa:5.55,Quercitin,Quercetin,27,Moringa oleifera Lam.,HIGH,https://www.nature.com/articles/s41598-021-98415-9,3,1,,,
IKGXIBQEEMLURG,xo|maoa,xo:0; maoa:0,xo:0; maoa:1,xo:4.28; maoa:5.41,Rutin,Rutin,27,Moringa oleifera Lam.,HIGH,https://www.nature.com/articles/s41598-021-98415-9,3,1,,,
DTOSIQBPPRVQHS,cox1,0,1,5.40,Linolenic acid,Linolenic Acid,34,Saraca asoca (Roxb.) Wild.,HIGH,EMPTY,0,1,,,
REFJWTPEDVJJIY,cox2|xo|maoa,cox2:0; xo:conflict; maoa:0,cox2:0; xo:1; maoa:1,cox2:4.54; xo:5.55; maoa:5.55,Quercetin,Quercetin,34,Saraca asoca (Roxb.) Wild.,HIGH,EMPTY,3,1,,,
IKMDFBPHZNJCSN,xo|maoa,xo:0; maoa:0,xo:1; maoa:1,xo:5.62; maoa:5.00,Cinnamic acid,Myricetin,35,Clitoria ternatea L.,LOW,"ISBN:9780387706375, ISBN:9788171360536, ISBN:9788172360481",0,1,,,
TZBJGXHYKVUXJN,cox1|xo|maoa,cox1:0; xo:0; maoa:0,cox1:0; xo:1; maoa:1,cox1:4.10; xo:5.45; maoa:5.41,Genistein,Genistein,35,Clitoria ternatea L.,HIGH,https://doi.org/10.15482/usda.adc/1239279,2,1,,,
IYRMWMYZSQPJKC,xo,0,1,5.97,Kaempferol,Kaempferol,35,Clitoria ternatea L.,HIGH,ISBN:9788190648912,1,1,,,
IKMDFBPHZNJCSN,xo|maoa,xo:0; maoa:0,xo:1; maoa:1,xo:5.62; maoa:5.00,Stearic acid,Myricetin,35,Clitoria ternatea L.,LOW,"ISBN:9770972795006, ISBN:9788171360536, ISBN:9788172362133, ISBN:9788185042114",0,1,,,
ILEDWLMCKZNDJK,cox1|xo,cox1:0; xo:0,cox1:0; xo:1,cox1:4.24; xo:5.09,Esculetin,Esculetin,38,Pterocarpus SANTALINUS L. f.,HIGH,EMPTY,0,1,,,
VLEUZFDZJKSGMX,cox1|cox2,cox1:1; cox2:0,cox1:1; cox2:1,cox1:6.16; cox2:5.65,Pterostilbene,Pterostilbene,38,Pterocarpus SANTALINUS L. f.,HIGH,EMPTY,2,1,,,
IKGXIBQEEMLURG,xo|maoa,xo:0; maoa:0,xo:0; maoa:1,xo:4.28; maoa:5.41,Rutin,Rutin,38,Pterocarpus SANTALINUS L. f.,HIGH,EMPTY,3,1,,,
DTOSIQBPPRVQHS,cox1,0,1,5.40,a-Linolenic acid,Linolenic Acid,43,Lagerstroemia speciosa(l.) Pers.,HIGH,Characterization of fatty acid and sterol composition of seed lipid of Lagerstroemia speciosa Pers. | Request PDF (researchgate.net),0,1,,,
KIGVXRGRNLQNNI,xo,0,0,4.44,Axillarin,Axillarin,55,Saccharum officinarum L.,HIGH,EMPTY,0,1,,,
DTOSIQBPPRVQHS,cox1,0,1,5.40,Linolenic acid,Linolenic Acid,55,Saccharum officinarum L.,HIGH,EMPTY,0,1,,,
MBNGWHIJMBWFHU,xo,1,1,6.28,Diosmetin,Diosmetin,60,Macaranga peltata (Roxb.)Muell.-Arg.,HIGH,EMPTY,0,1,,,
IQPNAANSBPBGFQ,xo|maoa,xo:conflict; maoa:0,xo:conflict; maoa:1,xo:5.33; maoa:5.19,Luteolin,Luteolin,60,Macaranga peltata (Roxb.)Muell.-Arg.,HIGH,EMPTY,2,1,,,
IYRMWMYZSQPJKC,xo,0,1,5.97,kaempferol,Kaempferol,61,Mallotus philippensis (Lam.) Muell.-Arg.,HIGH,https://doi.org/10.1055/s-0035-1557793,1,1,,,
IKMDFBPHZNJCSN,xo|maoa,xo:0; maoa:0,xo:1; maoa:1,xo:5.62; maoa:5.00,myricetin,Myricetin,61,Mallotus philippensis (Lam.) Muell.-Arg.,HIGH,https://doi.org/10.1055/s-0035-1557793,0,1,,,
DTOSIQBPPRVQHS,cox1,0,1,5.40,Linolenic acid,Linolenic Acid,65,Schleichera oleosa (Lour.)Merr.,HIGH,EMPTY,0,1,,,
SCCDQYPEOIRVGX,cox1,0,1,5.52,Acetyleugenol,Eugenyl Acetate,68,Citrus limon (L.) Osbeck,HIGH,DOI:10.1002/(sici)1099-1026(1998070)13:4<235::aid-ffj733>3.0.co;2-t,0,1,,,
RECUKUPTGUEGMW,cox1,0,1,5.40,Carvacrol,Carvacrol,68,Citrus limon (L.) Osbeck,HIGH,https://doi.org/10.1002/ffj.2730090404,2,1,,,
KZNIFHPLKGYRTM,cox2|xo|maoa,cox2:0; xo:1; maoa:0,cox2:1; xo:1; maoa:1,cox2:5.10; xo:6.16; maoa:5.81,Apigenin,Apigenin,70,Citrus reticulata Blanco,HIGH,"https://
www.sciencedirect.com/
science/article/abs/pii/",0,1,,,
RECUKUPTGUEGMW,cox1,0,1,5.40,Carvacrol,Carvacrol,70,Citrus reticulata Blanco,HIGH,https://doi.org/10.1002/fsn3.4154,2,1,,,
SFLMUHDGSQZDOW,cox1,0,0,4.12,Coniferin,Coniferin,70,Citrus reticulata Blanco,HIGH,"https://
www.sciencedirect.com/
science/article/abs/pii/",0,1,,,
MBNGWHIJMBWFHU,xo,1,1,6.28,Diosmetin,Diosmetin,70,Citrus reticulata Blanco,HIGH,"https://
www.sciencedirect.com/
science/article/abs/pii/",0,1,,,
ILEDWLMCKZNDJK,cox1|xo,cox1:0; xo:0,cox1:0; xo:1,cox1:4.24; xo:5.09,Esculetin,Esculetin,70,Citrus reticulata Blanco,HIGH,https://doi.org/10.1002/fsn3.3181,0,1,,,
XHEFDIBZLJXQHF,xo,0,1,5.36,Fisetin,Fisetin,70,Citrus reticulata Blanco,HIGH,https://doi.org/10.1002/jssc.201900641,2,1,,,
SHPPXMGVUDNKLV,xo,0,0,4.92,Hesperetin Laurate,Lonicerin,70,Citrus reticulata Blanco,LOW,"https://
www.sciencedirect.com/
science/article/abs/pii/",0,1,,,
AIONOLUJZLIMTK,xo,1,1,6.08,Hesperitin chalcone,Hesperetin,70,Citrus reticulata Blanco,LOW,"https://
www.sciencedirect.com/
science/article/abs/pii/",0,1,,,
IYRMWMYZSQPJKC,xo,0,1,5.97,Kaempferol,Kaempferol,70,Citrus reticulata Blanco,HIGH,https://doi.org/10.1002/jssc.201900641,1,1,,,
IKGXIBQEEMLURG,xo|maoa,xo:0; maoa:0,xo:0; maoa:1,xo:4.28; maoa:5.41,Rutin,Rutin,70,Citrus reticulata Blanco,HIGH,"https://
www.sciencedirect.com/
science/article/abs/pii/",3,1,,,
DTOSIQBPPRVQHS,cox1,0,1,5.40,linolenic acid,Linolenic Acid,70,Citrus reticulata Blanco,HIGH,https://doi.org/10.1002/jssc.201900641,0,1,,,
IQPNAANSBPBGFQ,xo|maoa,xo:conflict; maoa:0,xo:conflict; maoa:1,xo:5.33; maoa:5.19,luteolin,Luteolin,70,Citrus reticulata Blanco,HIGH,https://doi.org/10.1021/acs.jafc.8b03877,2,1,,,
RECUKUPTGUEGMW,cox1,0,1,5.40,Carvacrol,Carvacrol,74,Carum carvi L.,HIGH,https://doi.org/10.1080/10412905.2000.9712206,2,1,,,
AIFRHYZBTHREPW,maoa,1,1,6.58,"9H-Pyrido[3,4-B]indole",Beta-Carboline,77,Strychnos potatorum L. f.,HIGH,EMPTY,0,1,,,
REFJWTPEDVJJIY,cox2|xo|maoa,cox2:0; xo:conflict; maoa:0,cox2:0; xo:1; maoa:1,cox2:4.54; xo:5.55; maoa:5.55,Quercetin,Quercetin,77,Strychnos potatorum L. f.,HIGH,EMPTY,3,1,,,
FXNFHKRTJBSTCS,xo,0,1,5.53,Baicalein,Baicalein,78,Holarrhena pubescens Wall.ex G.Don,HIGH,https://doi.org/10.1016/j.jpha.2019.11.002,2,1,,,
YKPUWZUDDOIDPM,cox1,0,1,5.62,Capsaicin,Capsaicin,78,Holarrhena pubescens Wall.ex G.Don,HIGH,https://doi.org/10.1016/j.jpha.2019.11.002,4,1,,,
VFLDPWHFBUODDF,cox1|cox2|maoa,cox1:0; cox2:0; maoa:0,cox1:0; cox2:0; maoa:1,cox1:4.76; cox2:4.53; maoa:5.56,Curcumin,Curcumin,78,Holarrhena pubescens Wall.ex G.Don,HIGH,https://doi.org/10.1016/j.jpha.2019.11.002,3,1,,,
QWCNQXNAFCBLLV,cox1,0,0,4.18,Falcarindiol,Falcarindiol,78,Holarrhena pubescens Wall.ex G.Don,HIGH,https://doi.org/10.1016/j.jpha.2019.11.002,0,1,,,
TZBJGXHYKVUXJN,cox1|xo|maoa,cox1:0; xo:0; maoa:0,cox1:0; xo:1; maoa:1,cox1:4.10; xo:5.45; maoa:5.41,Genistein,Genistein,78,Holarrhena pubescens Wall.ex G.Don,HIGH,https://doi.org/10.1016/j.jpha.2019.11.002,2,1,,,
RERZNCLIYCABFS,maoa,1,1,8.04,Harmaline,Harmaline,78,Holarrhena pubescens Wall.ex G.Don,HIGH,https://doi.org/10.1016/j.jpha.2019.11.002,0,1,,,
LUKBXSAWLPMMSZ,cox1|cox2|maoa,cox1:0; cox2:conflict; maoa:conflict,cox1:1; cox2:conflict; maoa:conflict,cox1:5.96; cox2:5.30; maoa:4.80,Resveratrol,Resveratrol,78,Holarrhena pubescens Wall.ex G.Don,HIGH,https://doi.org/10.1016/j.jpha.2019.11.002,3,1,,,
DANYIYRPLHHOCZ,maoa,1,1,6.92,acacetin,Acacetin,78,Holarrhena pubescens Wall.ex G.Don,HIGH,https://doi.org/10.1016/j.jsps.2023.04.009,0,1,,,
KZNIFHPLKGYRTM,cox2|xo|maoa,cox2:0; xo:1; maoa:0,cox2:1; xo:1; maoa:1,cox2:5.10; xo:6.16; maoa:5.81,apigenin,Apigenin,78,Holarrhena pubescens Wall.ex G.Don,HIGH,https://doi.org/10.1016/j.jep.2022.115327,0,1,,,
RECUKUPTGUEGMW,cox1,0,1,5.40,carvacrol,Carvacrol,78,Holarrhena pubescens Wall.ex G.Don,HIGH,https://doi.org/10.3390/pathogens10050524,2,1,,,
IQPNAANSBPBGFQ,xo|maoa,xo:conflict; maoa:0,xo:conflict; maoa:1,xo:5.33; maoa:5.19,luteolin,Luteolin,78,Holarrhena pubescens Wall.ex G.Don,HIGH,https://doi.org/10.1016/j.jep.2022.115327,2,1,,,
DTOSIQBPPRVQHS,cox1,0,1,5.40,Linolenic acid,Linolenic Acid,90,Schleichera oleosa (Lour.) Merr.,HIGH,EMPTY,0,1,,,
IKMDFBPHZNJCSN,xo|maoa,xo:0; maoa:0,xo:1; maoa:1,xo:5.62; maoa:5.00,Myricetin,Myricetin,92,Abelmoschus MOSCHATUS Medik.,HIGH,https://doi.org/10.1055/s-2007-981577,0,1,,,
KZNIFHPLKGYRTM,cox2|xo|maoa,cox2:0; xo:1; maoa:0,cox2:1; xo:1; maoa:1,cox2:5.10; xo:6.16; maoa:5.81,Apigenin,Apigenin,93,Abroma AUGUSTA (L.) L.f.,HIGH,https://doi.org/10.1186/s12967-014-0364-1,0,1,,,
IKMDFBPHZNJCSN,xo|maoa,xo:0; maoa:0,xo:1; maoa:1,xo:5.62; maoa:5.00,Myricetin,Myricetin,93,Abroma AUGUSTA (L.) L.f.,HIGH,https://doi.org/10.1186/s12967-014-0364-1,0,1,,,
REFJWTPEDVJJIY,cox2|xo|maoa,cox2:0; xo:conflict; maoa:0,cox2:0; xo:1; maoa:1,cox2:4.54; xo:5.55; maoa:5.55,Quercetin,Quercetin,93,Abroma AUGUSTA (L.) L.f.,HIGH,https://doi.org/10.1186/s12967-014-0364-1,3,1,,,
IKGXIBQEEMLURG,xo|maoa,xo:0; maoa:0,xo:0; maoa:1,xo:4.28; maoa:5.41,Rutin,Rutin,93,Abroma AUGUSTA (L.) L.f.,HIGH,https://doi.org/10.1186/s12967-014-0364-1,3,1,,,
DTOSIQBPPRVQHS,cox1,0,1,5.40,"9,12,15-Octadecatrienoic acid, (Z,Z,Z)-",Linolenic Acid,94,Abrus PRECATORIUS L.,HIGH,http://eprints.usm.my/46426/1/Norzila%20JTAS-1071-2017-5th.pdf,0,1,,,
SCCDQYPEOIRVGX,cox1,0,1,5.52,Acetyleugenol,Eugenyl Acetate,94,Abrus PRECATORIUS L.,HIGH,https://doi.org/10.1016/s2222-1808,0,1,,,
RECUKUPTGUEGMW,cox1,0,1,5.40,Carvacrol,Carvacrol,94,Abrus PRECATORIUS L.,HIGH,https://doi.org/10.1016/s2222-1808,2,1,,,
IQPNAANSBPBGFQ,xo|maoa,xo:conflict; maoa:0,xo:conflict; maoa:1,xo:5.33; maoa:5.19,luteolin,Luteolin,95,Abutilon INDICUM (L.) Sweet,HIGH,https://www.phytojournal.com/archives/2015.v3.i5.457/ethnomedicinal-uses-and-phytochemistry-of-abutilon-indicum-linn-sweet-an-overview,2,1,,,
KZNIFHPLKGYRTM,cox2|xo|maoa,cox2:0; xo:1; maoa:0,cox2:1; xo:1; maoa:1,cox2:5.10; xo:6.16; maoa:5.81,Apigenin,Apigenin,97,Acacia FARNESIANA (L.) Willd.,HIGH,ISBN:9788172363178,0,1,,,
IYRMWMYZSQPJKC,xo,0,1,5.97,Kaempferol,Kaempferol,97,Acacia FARNESIANA (L.) Willd.,HIGH,ISBN:9788172363178,1,1,,,
IKGXIBQEEMLURG,xo|maoa,xo:0; maoa:0,xo:0; maoa:1,xo:4.28; maoa:5.41,Rutin,Rutin,97,Acacia FARNESIANA (L.) Willd.,HIGH,ISBN:9788185042084,3,1,,,
ILEDWLMCKZNDJK,cox1|xo,cox1:0; xo:0,cox1:0; xo:1,cox1:4.24; xo:5.09,aesculetin,Esculetin,113,Haldina cordifolia (Roxb.) Ridsdale,HIGH,https://doi.org/10.1016/j.bej.2012.12.004,0,1,,,
IQPNAANSBPBGFQ,xo|maoa,xo:conflict; maoa:0,xo:conflict; maoa:1,xo:5.33; maoa:5.19,luteolin,Luteolin,113,Haldina cordifolia (Roxb.) Ridsdale,HIGH,https://doi.org/10.3390/plants9101313,2,1,,,
IKGXIBQEEMLURG,xo|maoa,xo:0; maoa:0,xo:0; maoa:1,xo:4.28; maoa:5.41,rutin,Rutin,113,Haldina cordifolia (Roxb.) Ridsdale,HIGH,https://doi.org/10.3390/plants9101313,3,1,,,
RECUKUPTGUEGMW,cox1,0,1,5.40,"Phenol, 2-methyl-5-(1-methylethyl)",Carvacrol,114,Aegle MARMELOS (L.) Corr.,HIGH,https://doi.org/10.1080/0972060X.2017.1308279,2,1,,,
ZCCUUQDIBDJBTK,maoa,0,0,4.67,Psoralene,Psoralen,114,Aegle MARMELOS (L.) Corr.,HIGH,https://doi.org/10.1556/JPC.25.2012.4.8,1,1,,,
IKGXIBQEEMLURG,xo|maoa,xo:0; maoa:0,xo:0; maoa:1,xo:4.28; maoa:5.41,Rutin,Rutin,114,Aegle MARMELOS (L.) Corr.,HIGH,https://www.sciencedirect.com/science/article/pii/S2214750018302452,3,1,,,
RECUKUPTGUEGMW,cox1,0,1,5.40,Carvacrol,Carvacrol,116,Ageratum CONYZOIDES L.,HIGH,https://doi.org/10.1002/ffj.2730080102,2,1,,,
DTOSIQBPPRVQHS,cox1,0,1,5.40,Linolenic acid,Linolenic Acid,116,Ageratum CONYZOIDES L.,HIGH,https://doi.org/10.7324/JABB.2023.110114,0,1,,,
RECUKUPTGUEGMW,cox1,0,1,5.40,"Phenol, 2-methyl-5-(1-methylethyl)",Carvacrol,116,Ageratum CONYZOIDES L.,HIGH,https://doi.org/10.20431/2454-7999.0402003,2,1,,,
REFJWTPEDVJJIY,cox2|xo|maoa,cox2:0; xo:conflict; maoa:0,cox2:0; xo:1; maoa:1,cox2:4.54; xo:5.55; maoa:5.55,Quercetin,Quercetin,116,Ageratum CONYZOIDES L.,HIGH,A Comprehensive Review on Phytochemistry of Ageratum conyzoides linn. (Goat weed),3,1,,,
IYRMWMYZSQPJKC,xo,0,1,5.97,kaempferol,Kaempferol,116,Ageratum CONYZOIDES L.,HIGH,A Comprehensive Review on Phytochemistry of Ageratum conyzoides linn. (Goat weed),1,1,,,
HKQYGTCOTHHOMP,maoa,0,0,4.51,Formononetin,Formononetin,121,Albizia PROCERA (Roxb.) Benth.,HIGH,"ISBN:9788172360481, ISBN:9788185042084",2,1,,,
TZBJGXHYKVUXJN,cox1|xo|maoa,cox1:0; xo:0; maoa:0,cox1:0; xo:1; maoa:1,cox1:4.10; xo:5.45; maoa:5.41,Genistein,Genistein,121,Albizia PROCERA (Roxb.) Benth.,HIGH,"ISBN:9788172360481, ISBN:9788185042084",2,1,,,
PREBVFJICNPEKM,cox2,0,0,4.44,Bisdemethoxycurcumin,Bisdemethoxycurcumin,124,Allium SATIVUM L.,HIGH,https://doi.org/10.1016/j.foodchem.2020.128011,0,1,,,
RECUKUPTGUEGMW,cox1,0,1,5.40,Carvacrol,Carvacrol,124,Allium SATIVUM L.,HIGH,https://doi.org/10.1002/ffj.2068,2,1,,,
IXELFRRANAOWSF,cox2,0,1,5.47,E-Ajoene,Ajoene,124,Allium SATIVUM L.,HIGH,https://www.mdpi.com/2072-6643/12/3/872,0,1,,,
REFJWTPEDVJJIY,cox2|xo|maoa,cox2:0; xo:conflict; maoa:0,cox2:0; xo:1; maoa:1,cox2:4.54; xo:5.55; maoa:5.55,Quercetin,Quercetin,124,Allium SATIVUM L.,HIGH,https://www.sciencedirect.com/science/article/pii/S2667142523000593,3,1,,,
IXELFRRANAOWSF,cox2,0,1,5.47,Z-Ajoene,(Z)-Ajoene,124,Allium SATIVUM L.,MEDIUM,https://www.mdpi.com/2072-6643/12/3/872,0,1,,,
AZQWKYJCGOJGHM,maoa,0,1,5.17,p-Benzoquinone,Quinone,124,Allium SATIVUM L.,HIGH,"http://www.ijat-aatsea.com/pdf/v19_n6_2023_November/1_IJAT_19(6)_2023_Anyaegbu,%20C.%20F.%20.pdf",0,1,,,
SCCDQYPEOIRVGX,cox1,0,1,5.52,Acetyleugenol,Eugenyl Acetate,128,Zingiber ZERUMBET (L.) Roscoe ex Sm.,HIGH,https://doi.org/10.1080/10412905.1993.9698170,0,1,,,
IQPNAANSBPBGFQ,xo|maoa,xo:conflict; maoa:0,xo:conflict; maoa:1,xo:5.33; maoa:5.19,Luteolin,Luteolin,149,Vitex pinnata L.,HIGH,EMPTY,2,1,,,
IYRMWMYZSQPJKC,xo,0,1,5.97,Kaempferol,Kaempferol,162,Urena LOBATA L.,HIGH,EMPTY,1,1,,,
IQPNAANSBPBGFQ,xo|maoa,xo:conflict; maoa:0,xo:conflict; maoa:1,xo:5.33; maoa:5.19,Luteolin,Luteolin,162,Urena LOBATA L.,HIGH,EMPTY,2,1,,,
REFJWTPEDVJJIY,cox2|xo|maoa,cox2:0; xo:conflict; maoa:0,cox2:0; xo:1; maoa:1,cox2:4.54; xo:5.55; maoa:5.55,Quercetin,Quercetin,162,Urena LOBATA L.,HIGH,EMPTY,3,1,,,
DTOSIQBPPRVQHS,cox1,0,1,5.40,"9,12,15-Octadecatrienoic acid",Linolenic Acid,192,Terminalia CHEBULA Retz.,HIGH,https://doi.org/10.4103/0974-8490.112421,0,1,,,
DTOSIQBPPRVQHS,cox1,0,1,5.40,"9,12,15Octadecatrienoic acid",Linseed Acid,192,Terminalia CHEBULA Retz.,HIGH,https://www.researchgate.net/profile/Shilpa_Soni7/publication/281799806_Effect_of_process_parameters_on_the_antioxidant_activities_of_bioactive_compounds_from_harad_Terminalia_chebula_retz/links/596ca4d60f7e9b80919c361c/Effect-of-process-parameters-on-the-antioxidant-activities-of-bioactive-compounds-from-harad-Terminalia-chebula-retz.pdf,0,1,,,
MDKGKXOCJGEUJW,cox1|cox2,cox1:1; cox2:0,cox1:1; cox2:1,cox1:6.25; cox2:5.56,Suprofen,Suprofen,192,Terminalia CHEBULA Retz.,HIGH,https://doi.org/10.1002/mnfr.202001224,4,1,,,
GLEVLJDDWXEYCO,cox1|cox2,cox1:1; cox2:conflict,cox1:1; cox2:conflict,cox1:6.89; cox2:5.85,Trolox,Trolox,192,Terminalia CHEBULA Retz.,HIGH,https://doi.org/10.1016/j.phytochem.2010.03.018,0,1,,,
TZBJGXHYKVUXJN,cox1|xo|maoa,cox1:0; xo:0; maoa:0,cox1:0; xo:1; maoa:1,cox1:4.10; xo:5.45; maoa:5.41,"4,5,7- Trihydroxy isoflavone",Genistein,195,Terminalia ARJUNA (Roxb. ex DC.) Wight & Arn.,HIGH,EMPTY,2,1,,,
FXNFHKRTJBSTCS,xo,0,1,5.53,Baicalein,Baicalein,195,Terminalia ARJUNA (Roxb. ex DC.) Wight & Arn.,HIGH,EMPTY,2,1,,,
RECUKUPTGUEGMW,cox1,0,1,5.40,Carvacrol,Carvacrol,195,Terminalia ARJUNA (Roxb. ex DC.) Wight & Arn.,HIGH,EMPTY,2,1,,,
AIONOLUJZLIMTK,xo,1,1,6.08,Hesperitin,Hesperetin,195,Terminalia ARJUNA (Roxb. ex DC.) Wight & Arn.,HIGH,EMPTY,0,1,,,
IYRMWMYZSQPJKC,xo,0,1,5.97,Kempferol,Kaempferol,195,Terminalia ARJUNA (Roxb. ex DC.) Wight & Arn.,HIGH,EMPTY,1,1,,,
ZEACOKJOQLAYTD,xo,1,1,7.16,Leucodelphidin,Leucodelphidin,195,Terminalia ARJUNA (Roxb. ex DC.) Wight & Arn.,HIGH,EMPTY,0,1,,,
IQPNAANSBPBGFQ,xo|maoa,xo:conflict; maoa:0,xo:conflict; maoa:1,xo:5.33; maoa:5.19,Luteolin,Luteolin,195,Terminalia ARJUNA (Roxb. ex DC.) Wight & Arn.,HIGH,EMPTY,2,1,,,
REFJWTPEDVJJIY,cox2|xo|maoa,cox2:0; xo:conflict; maoa:0,cox2:0; xo:1; maoa:1,cox2:4.54; xo:5.55; maoa:5.55,Quercetin,Quercetin,195,Terminalia ARJUNA (Roxb. ex DC.) Wight & Arn.,HIGH,EMPTY,3,1,,,
DTOSIQBPPRVQHS,cox1,0,1,5.40,Linolenic acid,Linolenic Acid,196,Tephrosia PURPUREA (L.) Pers.,HIGH,EMPTY,0,1,,,
HUKSJTUUSUGIDC,maoa,0,0,4.07,Maackiain,(-)-Maackiain,196,Tephrosia PURPUREA (L.) Pers.,HIGH,EMPTY,0,1,,,
REFJWTPEDVJJIY,cox2|xo|maoa,cox2:0; xo:conflict; maoa:0,cox2:0; xo:1; maoa:1,cox2:4.54; xo:5.55; maoa:5.55,Quercetin,Quercetin,196,Tephrosia PURPUREA (L.) Pers.,HIGH,EMPTY,3,1,,,
IKGXIBQEEMLURG,xo|maoa,xo:0; maoa:0,xo:0; maoa:1,xo:4.28; maoa:5.41,Rutin,Rutin,196,Tephrosia PURPUREA (L.) Pers.,HIGH,EMPTY,3,1,,,
IKGXIBQEEMLURG,xo|maoa,xo:0; maoa:0,xo:0; maoa:1,xo:4.28; maoa:5.41,Vitamin P,Vitamin P,196,Tephrosia PURPUREA (L.) Pers.,HIGH,EMPTY,3,1,,,
RECUKUPTGUEGMW,cox1,0,1,5.40,Carvacrol,Carvacrol,200,Tamarindus INDICA L.,HIGH,https://doi.org/10.1080/10412905.1994.9698449,2,1,,,
DTOSIQBPPRVQHS,cox1,0,1,5.40,Linolenic acid,Linolenic Acid,200,Tamarindus INDICA L.,HIGH,https://doi.org/10.1080/10412905.1998.9700886,0,1,,,
CUFLZUDASVUNOE,xo,0,0,4.53,"Methyl 3,4-dihydroxybenzoate","Methyl 3,4-Dihydroxybenzoate",200,Tamarindus INDICA L.,HIGH,EMPTY,0,1,,,
MBNGWHIJMBWFHU,xo,1,1,6.28,Diosmetin,Diosmetin,216,Sterculia VILLOSA Roxb.,HIGH,EMPTY,0,1,,,
QYPPJABKJHAVHS,maoa,0,0,4.00,Agmatine,Agmatine,272,Ricinus COMMUNIS L.,HIGH,EMPTY,0,1,,,
KZNIFHPLKGYRTM,cox2|xo|maoa,cox2:0; xo:1; maoa:0,cox2:1; xo:1; maoa:1,cox2:5.10; xo:6.16; maoa:5.81,Apigenin,Apigenin,272,Ricinus COMMUNIS L.,HIGH,EMPTY,0,1,,,
REFJWTPEDVJJIY,cox2|xo|maoa,cox2:0; xo:conflict; maoa:0,cox2:0; xo:1; maoa:1,cox2:4.54; xo:5.55; maoa:5.55,Quercetin,Quercetin,272,Ricinus COMMUNIS L.,HIGH,EMPTY,3,1,,,
IKGXIBQEEMLURG,xo|maoa,xo:0; maoa:0,xo:0; maoa:1,xo:4.28; maoa:5.41,Rutin,Rutin,272,Ricinus COMMUNIS L.,HIGH,EMPTY,3,1,,,
NTVLUSJWJRSPSM,maoa,1,1,6.06,Vallesiachotamine,Vallesiachotamine,278,Rauvolfia SERPENTINA (L.) Benth. ex Kurz.,HIGH,EMPTY,0,1,,,
SCCDQYPEOIRVGX,cox1,0,1,5.52,Acetyleugenol,Eugenyl Acetate,287,Psidium GUAJAVA L.,HIGH,EMPTY,0,1,,,
RECUKUPTGUEGMW,cox1,0,1,5.40,Carvacrol,Carvacrol,287,Psidium GUAJAVA L.,HIGH,EMPTY,2,1,,,
DTOSIQBPPRVQHS,cox1,0,1,5.40,Linolenic acid,Linolenic Acid,287,Psidium GUAJAVA L.,HIGH,EMPTY,0,1,,,
REFJWTPEDVJJIY,cox2|xo|maoa,cox2:0; xo:conflict; maoa:0,cox2:0; xo:1; maoa:1,cox2:4.54; xo:5.55; maoa:5.55,Quercetin,Quercetin,287,Psidium GUAJAVA L.,HIGH,EMPTY,3,1,,,
IQPNAANSBPBGFQ,xo|maoa,xo:conflict; maoa:0,xo:conflict; maoa:1,xo:5.33; maoa:5.19,Luteolin,Luteolin,288,Premna CORYMBOSA Rottler & Willd.,HIGH,EMPTY,2,1,,,
REFJWTPEDVJJIY,cox2|xo|maoa,cox2:0; xo:conflict; maoa:0,cox2:0; xo:1; maoa:1,cox2:4.54; xo:5.55; maoa:5.55,Quercetin,Quercetin,293,polygonum PLEBEIUM R. Br.,HIGH,EMPTY,3,1,,,
IKGXIBQEEMLURG,xo|maoa,xo:0; maoa:0,xo:0; maoa:1,xo:4.28; maoa:5.41,Rutin,Rutin,293,polygonum PLEBEIUM R. Br.,HIGH,EMPTY,3,1,,,
RECUKUPTGUEGMW,cox1,0,1,5.40,Carvacrol,Carvacrol,299,Plumeria RUBRA L.,HIGH,EMPTY,2,1,,,
IYRMWMYZSQPJKC,xo,0,1,5.97,Kaempferol,Kaempferol,299,Plumeria RUBRA L.,HIGH,EMPTY,1,1,,,
REFJWTPEDVJJIY,cox2|xo|maoa,cox2:0; xo:conflict; maoa:0,cox2:0; xo:1; maoa:1,cox2:4.54; xo:5.55; maoa:5.55,Quercetin,Quercetin,299,Plumeria RUBRA L.,HIGH,EMPTY,3,1,,,
IKGXIBQEEMLURG,xo|maoa,xo:0; maoa:0,xo:0; maoa:1,xo:4.28; maoa:5.41,Rutin,Rutin,299,Plumeria RUBRA L.,HIGH,EMPTY,3,1,,,
AZQWKYJCGOJGHM,maoa,0,1,5.17,"1,4-Benzoquinone",Quinone,301,Plumbago INDICA L.,HIGH,EMPTY,0,1,,,
FRASJONUBLZVQX,maoa,0,1,5.11,"1,4-Naphthoquinone","1,4-Naphthoquinone",301,Plumbago INDICA L.,HIGH,EMPTY,0,1,,,
IYRMWMYZSQPJKC,xo,0,1,5.97,Kaempferol,Kaempferol,301,Plumbago INDICA L.,HIGH,EMPTY,1,1,,,
YKPUWZUDDOIDPM,cox1,0,1,5.62,Capsaicin,Capsaicin,307,Piper NIGRUM L.,HIGH,EMPTY,4,1,,,
RECUKUPTGUEGMW,cox1,0,1,5.40,Carvacrol,Carvacrol,307,Piper NIGRUM L.,HIGH,EMPTY,2,1,,,
VFLDPWHFBUODDF,cox1|cox2|maoa,cox1:0; cox2:0; maoa:0,cox1:0; cox2:0; maoa:1,cox1:4.76; cox2:4.53; maoa:5.56,Curcumin,Curcumin,307,Piper NIGRUM L.,HIGH,EMPTY,3,1,,,
IKGXIBQEEMLURG,xo|maoa,xo:0; maoa:0,xo:0; maoa:1,xo:4.28; maoa:5.41,Rutin,Rutin,308,Piper LONGUM L.,HIGH,EMPTY,3,1,,,
IYRMWMYZSQPJKC,xo,0,1,5.97,Kaempferol,Kaempferol,313,Phyllanthus URINARIA L.,HIGH,EMPTY,1,1,,,
REFJWTPEDVJJIY,cox2|xo|maoa,cox2:0; xo:conflict; maoa:0,cox2:0; xo:1; maoa:1,cox2:4.54; xo:5.55; maoa:5.55,Quercetin,Quercetin,313,Phyllanthus URINARIA L.,HIGH,EMPTY,3,1,,,
IKGXIBQEEMLURG,xo|maoa,xo:0; maoa:0,xo:0; maoa:1,xo:4.28; maoa:5.41,Rutin,Rutin,313,Phyllanthus URINARIA L.,HIGH,EMPTY,3,1,,,
IYRMWMYZSQPJKC,xo,0,1,5.97,Kaempferol,Kaempferol,316,. PHYLLANTHUS EMBLICA L. (Euphorbiaceae),HIGH,EMPTY,1,1,,,
ZEACOKJOQLAYTD,xo,1,1,7.16,Leucodelphidin,Leucodelphidin,316,. PHYLLANTHUS EMBLICA L. (Euphorbiaceae),HIGH,EMPTY,0,1,,,
DTOSIQBPPRVQHS,cox1,0,1,5.40,Linolenic acid,Linolenic Acid,316,. PHYLLANTHUS EMBLICA L. (Euphorbiaceae),HIGH,EMPTY,0,1,,,
REFJWTPEDVJJIY,cox2|xo|maoa,cox2:0; xo:conflict; maoa:0,cox2:0; xo:1; maoa:1,cox2:4.54; xo:5.55; maoa:5.55,Quercetin,Quercetin,316,. PHYLLANTHUS EMBLICA L. (Euphorbiaceae),HIGH,EMPTY,3,1,,,
PSFDQSOCUJVVGF,maoa,1,1,7.54,Harman,Harman,332,Passiflora FOETIDA L.,HIGH,EMPTY,0,1,,,
KZNIFHPLKGYRTM,cox2|xo|maoa,cox2:0; xo:1; maoa:0,cox2:1; xo:1; maoa:1,cox2:5.10; xo:6.16; maoa:5.81,Apigenin,Apigenin,336,Paederia FOETIDA L.,HIGH,https://doi.org/10.56808/3027-7922.2830,0,1,,,
RECUKUPTGUEGMW,cox1,0,1,5.40,Carvacrol,Carvacrol,336,Paederia FOETIDA L.,HIGH,"Wong, K. C., & Tan, G. L. (1994). Steam volatile constituents of 
the aerial parts of Paederia foetida L.Flavour and fragrance journal,9(1), 25-28.",2,1,,,
IYRMWMYZSQPJKC,xo,0,1,5.97,Kaempferol,Kaempferol,336,Paederia FOETIDA L.,HIGH,https://doi.org/10.56808/3027-7922.2830,1,1,,,
IKMDFBPHZNJCSN,xo|maoa,xo:0; maoa:0,xo:1; maoa:1,xo:5.62; maoa:5.00,Myricetin,Myricetin,336,Paederia FOETIDA L.,HIGH,https://doi.org/10.56808/3027-7922.2830,0,1,,,
REFJWTPEDVJJIY,cox2|xo|maoa,cox2:0; xo:conflict; maoa:0,cox2:0; xo:1; maoa:1,cox2:4.54; xo:5.55; maoa:5.55,Quercetin,Quercetin,336,Paederia FOETIDA L.,HIGH,https://doi.org/10.4308/hjb.30.2.271-280,3,1,,,
IKGXIBQEEMLURG,xo|maoa,xo:0; maoa:0,xo:0; maoa:1,xo:4.28; maoa:5.41,Rutin,Rutin,336,Paederia FOETIDA L.,HIGH,https://doi.org/10.56808/3027-7922.2830,3,1,,,
SCCDQYPEOIRVGX,cox1,0,1,5.52,Acetyleugenol,Eugenyl Acetate,346,Ocimum tenuiflorum L.,HIGH,https://doi.org/10.1080/0972060x.2016.1224686,0,1,,,
RECUKUPTGUEGMW,cox1,0,1,5.40,Carvacrol,Carvacrol,346,Ocimum tenuiflorum L.,HIGH,https://doi.org/10.1080/10412905.2005.9698880,2,1,,,
DANYIYRPLHHOCZ,maoa,1,1,6.92,Acacetin,Acacetin,349,Ocimum AMERICANUM L.,HIGH,https://doi.org/10.1016/S0031-9422,0,1,,,
KZNIFHPLKGYRTM,cox2|xo|maoa,cox2:0; xo:1; maoa:0,cox2:1; xo:1; maoa:1,cox2:5.10; xo:6.16; maoa:5.81,Apigenin,Apigenin,349,Ocimum AMERICANUM L.,HIGH,https://doi.org/10.1016/S0031-9422,0,1,,,
DTOSIQBPPRVQHS,cox1,0,1,5.40,Linolenic acid,Linolenic Acid,349,Ocimum AMERICANUM L.,HIGH,ISSN 0001-6837,0,1,,,
IQPNAANSBPBGFQ,xo|maoa,xo:conflict; maoa:0,xo:conflict; maoa:1,xo:5.33; maoa:5.19,Luteolin,Luteolin,349,Ocimum AMERICANUM L.,HIGH,https://doi.org/10.1016/S0031-9422,2,1,,,
PANKHBYNKQNAHN,cox1,0,0,4.55,carotenoid aglycone (crocetin),Crocetin,354,Nyctanthes ARBOR-TRISTIS L.,MEDIUM,https://doi.org/10.4103/pm.pm_448_19,3,1,,,
IKGXIBQEEMLURG,xo|maoa,xo:0; maoa:0,xo:0; maoa:1,xo:4.28; maoa:5.41,flavanol glycoside (Rutin),Rutin,354,Nyctanthes ARBOR-TRISTIS L.,MEDIUM,Phytochemicals and Pharmacological Potential of Nyctanthes arbortristis: A Comprehensive Review,3,1,,,
OFCNXPDARWKPPY,xo,conflict,conflict,5.51,Allopurinol,Allopurinol,356,Nigella SATIVA L,HIGH,https://doi.org/10.1371/journal.pone.0272457,4,1,,,
KZNIFHPLKGYRTM,cox2|xo|maoa,cox2:0; xo:1; maoa:0,cox2:1; xo:1; maoa:1,cox2:5.10; xo:6.16; maoa:5.81,Apigenin,Apigenin,356,Nigella SATIVA L,HIGH,https://doi.org/10.1155/2021/6623609,0,1,,,
RECUKUPTGUEGMW,cox1,0,1,5.40,Carvacrol,Carvacrol,356,Nigella SATIVA L,HIGH,https://doi.org/10.1016/j.indcrop.2013.02.013,2,1,,,
RTIXKCRFFJGDFG,cox2|xo,cox2:0; xo:0,cox2:0; xo:1,cox2:4.59; xo:5.99,Chrysin,Chrysin,356,Nigella SATIVA L,HIGH,https://doi.org/10.17305/bjbms.2017.2049,0,1,,,
VCCRNZQBSJXYJD,xo|maoa,xo:0; maoa:1,xo:1; maoa:1,xo:5.75; maoa:6.89,Galangin,Galangin,356,Nigella SATIVA L,HIGH,https://doi.org/10.17305/bjbms.2017.2049,0,1,,,
IYRMWMYZSQPJKC,xo,0,1,5.97,Kaempferol,Kaempferol,356,Nigella SATIVA L,HIGH,https://doi.org/10.1155/2021/6623609,1,1,,,
IKMDFBPHZNJCSN,xo|maoa,xo:0; maoa:0,xo:1; maoa:1,xo:5.62; maoa:5.00,Myricetin,Myricetin,356,Nigella SATIVA L,HIGH,https://doi.org/10.17305/bjbms.2017.2049,0,1,,,
REFJWTPEDVJJIY,cox2|xo|maoa,cox2:0; xo:conflict; maoa:0,cox2:0; xo:1; maoa:1,cox2:4.54; xo:5.55; maoa:5.55,Quercetin,Quercetin,356,Nigella SATIVA L,HIGH,https://doi.org/10.1155/2021/6623609,3,1,,,
IKGXIBQEEMLURG,xo|maoa,xo:0; maoa:0,xo:0; maoa:1,xo:4.28; maoa:5.41,Rutin,Rutin,356,Nigella SATIVA L,HIGH,https://doi.org/10.1155/2021/6623609,3,1,,,
IYRMWMYZSQPJKC,xo,0,1,5.97,kaempferol,Kaempferol,368,Murraya PANICULATA (L.) Jacq.,HIGH,https://doi.org/10.3109/13880209.2014.913068,1,1,,,
REFJWTPEDVJJIY,cox2|xo|maoa,cox2:0; xo:conflict; maoa:0,cox2:0; xo:1; maoa:1,cox2:4.54; xo:5.55; maoa:5.55,quercetin,Quercetin,368,Murraya PANICULATA (L.) Jacq.,HIGH,https://doi.org/10.3109/13880209.2014.913068,3,1,,,
IKGXIBQEEMLURG,xo|maoa,xo:0; maoa:0,xo:0; maoa:1,xo:4.28; maoa:5.41,rutin,Rutin,368,Murraya PANICULATA (L.) Jacq.,HIGH,https://doi.org/10.3109/13880209.2014.913068,3,1,,,
DTOSIQBPPRVQHS,cox1,0,1,5.40,"9,12,15-Octadecatrienoic acid, (z,z,z)-",Linolenic Acid,374,Moringa OLEIFERA Lamk.,HIGH,https://doi.org/10.1016/j.dib.2020.105258,0,1,,,
IYRMWMYZSQPJKC,xo,0,1,5.97,Kaempferol,Kaempferol,374,Moringa OLEIFERA Lamk.,HIGH,https://www.nature.com/articles/s41598-021-98415-9,1,1,,,
IKMDFBPHZNJCSN,xo|maoa,xo:0; maoa:0,xo:1; maoa:1,xo:5.62; maoa:5.00,Myricetin,Myricetin,374,Moringa OLEIFERA Lamk.,HIGH,https://www.nature.com/articles/s41598-021-98415-9,0,1,,,
REFJWTPEDVJJIY,cox2|xo|maoa,cox2:0; xo:conflict; maoa:0,cox2:0; xo:1; maoa:1,cox2:4.54; xo:5.55; maoa:5.55,Quercitin,Quercetin,374,Moringa OLEIFERA Lamk.,HIGH,https://www.nature.com/articles/s41598-021-98415-9,3,1,,,
IKGXIBQEEMLURG,xo|maoa,xo:0; maoa:0,xo:0; maoa:1,xo:4.28; maoa:5.41,Rutin,Rutin,374,Moringa OLEIFERA Lamk.,HIGH,https://www.nature.com/articles/s41598-021-98415-9,3,1,,,
DANYIYRPLHHOCZ,maoa,1,1,6.92,Acacetin,Acacetin,386,Mimusops ELENGI L.,HIGH,https://doi.org/10.1016/j.arabjc.2023.104753,0,1,,,
IKIIZLYTISPENI,xo,0,0,4.25,Baicalein-7-O-glucuronide,Ikiizlytispeni-yridssqksa-,386,Mimusops ELENGI L.,HIGH,https://doi.org/10.1016/j.arabjc.2023.104753,0,1,,,
IKMDFBPHZNJCSN,xo|maoa,xo:0; maoa:0,xo:1; maoa:1,xo:5.62; maoa:5.00,Myricetin,Myricetin,386,Mimusops ELENGI L.,HIGH,https://doi.org/10.1016/j.arabjc.2023.104753,0,1,,,
IYRMWMYZSQPJKC,xo,0,1,5.97,kaempferol,Kaempferol,386,Mimusops ELENGI L.,HIGH,https://doi.org/10.5530/pc.2015.1.9,1,1,,,
REFJWTPEDVJJIY,cox2|xo|maoa,cox2:0; xo:conflict; maoa:0,cox2:0; xo:1; maoa:1,cox2:4.54; xo:5.55; maoa:5.55,quercetin,Quercetin,386,Mimusops ELENGI L.,HIGH,https://doi.org/10.5530/pc.2015.1.9,3,1,,,
DTOSIQBPPRVQHS,cox1,0,1,5.40,"9,12,15-Octadecatrienoic acid, (Z,Z,Z)-",Linolenic Acid,388,Mikania CORDATA (Burm. f.) Rob,HIGH,"https://www.researchgate.net/profile/Badrul-Yahaya/publication/
236873213_The_Analysis_of_Aquoues_and_Ethanolic_Extracts
_of_Malaysian_Mikania_Cordata_Leaves_towards_the_Potential_
for_Medicinal_Substances/links/02e7e519c86dd65071000000/
The-Analysis-of-Aquoues-and-Ethanolic-Extracts-of-Malaysian
-Mikania-Cordata-Leaves-towards-the-Potential-for-Medicinal-Substances.pdf",0,1,,,
KZNIFHPLKGYRTM,cox2|xo|maoa,cox2:0; xo:1; maoa:0,cox2:1; xo:1; maoa:1,cox2:5.10; xo:6.16; maoa:5.81,Apigenin,Apigenin,389,Michelia CHAMPACA L.,HIGH,https://doi.org/10.3390/horticulturae10020141,0,1,,,
IYRMWMYZSQPJKC,xo,0,1,5.97,Kaempferol,Kaempferol,389,Michelia CHAMPACA L.,HIGH,"FREE RADICAL SCAVENGING ACTIVITY, TLC, HPTLC AND GC MS ANALYSIS OF DRY FLOWER OF MICHELIA CHAMPACA LINN",1,1,,,
IQPNAANSBPBGFQ,xo|maoa,xo:conflict; maoa:0,xo:conflict; maoa:1,xo:5.33; maoa:5.19,Luteolin,Luteolin,389,Michelia CHAMPACA L.,HIGH,https://doi.org/10.3390/horticulturae10020141,2,1,,,
IKMDFBPHZNJCSN,xo|maoa,xo:0; maoa:0,xo:1; maoa:1,xo:5.62; maoa:5.00,Myricetin,Myricetin,389,Michelia CHAMPACA L.,HIGH,https://doi.org/10.3390/horticulturae10020141,0,1,,,
KTEXNACQROZXEV,cox2,1,1,6.10,Parthenolide,Parthenolide,389,Michelia CHAMPACA L.,HIGH,https://doi.org/10.5530/pres.16.3.59,2,1,,,
REFJWTPEDVJJIY,cox2|xo|maoa,cox2:0; xo:conflict; maoa:0,cox2:0; xo:1; maoa:1,cox2:4.54; xo:5.55; maoa:5.55,Quercetin,Quercetin,389,Michelia CHAMPACA L.,HIGH,https://doi.org/10.3390/horticulturae10020141,3,1,,,
LUKBXSAWLPMMSZ,cox1|cox2|maoa,cox1:0; cox2:conflict; maoa:conflict,cox1:1; cox2:conflict; maoa:conflict,cox1:5.96; cox2:5.30; maoa:4.80,Resveratrol,Resveratrol,389,Michelia CHAMPACA L.,HIGH,"FREE RADICAL SCAVENGING ACTIVITY, TLC, HPTLC AND GC MS ANALYSIS OF DRY FLOWER OF MICHELIA CHAMPACA LINN",3,1,,,
IKGXIBQEEMLURG,xo|maoa,xo:0; maoa:0,xo:0; maoa:1,xo:4.28; maoa:5.41,Rutin,Rutin,389,Michelia CHAMPACA L.,HIGH,https://doi.org/10.3390/horticulturae10020141,3,1,,,
IQPNAANSBPBGFQ,xo|maoa,xo:conflict; maoa:0,xo:conflict; maoa:1,xo:5.33; maoa:5.19,Luteolin,Luteolin,396,Melochia CORCHORIFOLIA L.,HIGH,https://www.researchgate.net/profile/Felix-Chad/publication/390175188_Phytochemical_Profiling_and_Anticancer_Potential_of_Melochia_corchorifolia_Leaf_Extract_A_Molecular_Docking_Study_Targeting_Breast_Cancer_Estrogen_Receptor/links/67e3654972f7f37c3e8e7011/Phytochemical-Profiling-and-Anticancer-Potential-of-Melochia-corchorifolia-Leaf-Extract-A-Molecular-Docking-Study-Targeting-Breast-Cancer-Estrogen-Receptor.pdf,2,1,,,
REFJWTPEDVJJIY,cox2|xo|maoa,cox2:0; xo:conflict; maoa:0,cox2:0; xo:1; maoa:1,cox2:4.54; xo:5.55; maoa:5.55,Quercetin,Quercetin,396,Melochia CORCHORIFOLIA L.,HIGH,https://www.researchgate.net/profile/Felix-Chad/publication/390175188_Phytochemical_Profiling_and_Anticancer_Potential_of_Melochia_corchorifolia_Leaf_Extract_A_Molecular_Docking_Study_Targeting_Breast_Cancer_Estrogen_Receptor/links/67e3654972f7f37c3e8e7011/Phytochemical-Profiling-and-Anticancer-Potential-of-Melochia-corchorifolia-Leaf-Extract-A-Molecular-Docking-Study-Targeting-Breast-Cancer-Estrogen-Receptor.pdf,3,1,,,
AZQWKYJCGOJGHM,maoa,0,1,5.17,Quinone,Quinone,402,Maranta ARUNDINACEA L.,HIGH,https://doi.org/10.1002/9781119750802.ch4,0,1,,,
DKZBBWMURDFHNE,xo,0,0,4.03,Coniferaldehyde,Coniferaldehyde,405,Manihot ESCULENTA Crantz.,HIGH,https://doi.org/10.4103/0974-8490.204648,0,1,,,
KZNIFHPLKGYRTM,cox2|xo|maoa,cox2:0; xo:1; maoa:0,cox2:1; xo:1; maoa:1,cox2:5.10; xo:6.16; maoa:5.81,apigenin,Apigenin,405,Manihot ESCULENTA Crantz.,HIGH,https://doi.org/10.4103/0974-8490.204648,0,1,,,
ILEDWLMCKZNDJK,cox1|xo,cox1:0; xo:0,cox1:0; xo:1,cox1:4.24; xo:5.09,esculetin,Esculetin,405,Manihot ESCULENTA Crantz.,HIGH,https://doi.org/10.4103/0972-9062.361177,0,1,,,
IYRMWMYZSQPJKC,xo,0,1,5.97,kaempferol,Kaempferol,405,Manihot ESCULENTA Crantz.,HIGH,https://doi.org/10.4103/0974-8490.204648,1,1,,,
REFJWTPEDVJJIY,cox2|xo|maoa,cox2:0; xo:conflict; maoa:0,cox2:0; xo:1; maoa:1,cox2:4.54; xo:5.55; maoa:5.55,quercetin,Quercetin,405,Manihot ESCULENTA Crantz.,HIGH,https://doi.org/10.1080/10942912.2019.1626879,3,1,,,
IKGXIBQEEMLURG,xo|maoa,xo:0; maoa:0,xo:0; maoa:1,xo:4.28; maoa:5.41,rutin,Rutin,405,Manihot ESCULENTA Crantz.,HIGH,https://doi.org/10.1080/10942912.2019.1626879,3,1,,,
RECUKUPTGUEGMW,cox1,0,1,5.40,Carvacrol,Carvacrol,407,Mangifera INDICA L.,HIGH,https://doi.org/10.1080/10412905.2004.9698759,2,1,,,
RECUKUPTGUEGMW,cox1,0,1,5.40,carvacrol,Carvacrol,407,Mangifera INDICA L.,HIGH,https://ucanr.edu/datastoreFiles/608-655.pdf,2,1,,,
MBNGWHIJMBWFHU,xo,1,1,6.28,3 5 7-trihydroxy-4'-methoxyflavone (Diosmetin),Diosmetin,410,Maesa INDICA Wall.,MEDIUM,https://doi.org/10.3390/plants13030338,0,1,,,
GFFGJBXGBJISGV,xo,0,0,4.96,Adenine,Adenine,410,Maesa INDICA Wall.,HIGH,https://doi.org/10.3390/plants13030338,3,1,,,
KZNIFHPLKGYRTM,cox2|xo|maoa,cox2:0; xo:1; maoa:0,cox2:1; xo:1; maoa:1,cox2:5.10; xo:6.16; maoa:5.81,Apigenin,Apigenin,410,Maesa INDICA Wall.,HIGH,https://doi.org/10.3390/plants13030338,0,1,,,
IKIIZLYTISPENI,xo,0,0,4.25,Baicalein-7-O-glucuronide,Ikiizlytispeni-yridssqksa-,410,Maesa INDICA Wall.,HIGH,https://doi.org/10.3390/plants13030338,0,1,,,
HKQYGTCOTHHOMP,maoa,0,0,4.51,Formononetin,Formononetin,410,Maesa INDICA Wall.,HIGH,https://doi.org/10.3390/plants13030338,2,1,,,
AIONOLUJZLIMTK,xo,1,1,6.08,Hesperetin,Hesperetin,410,Maesa INDICA Wall.,HIGH,https://doi.org/10.3390/plants13030338,0,1,,,
IYRMWMYZSQPJKC,xo,0,1,5.97,Kaempferol,Kaempferol,410,Maesa INDICA Wall.,HIGH,https://doi.org/10.3390/plants12152813,1,1,,,
IQPNAANSBPBGFQ,xo|maoa,xo:conflict; maoa:0,xo:conflict; maoa:1,xo:5.33; maoa:5.19,Luteolin,Luteolin,410,Maesa INDICA Wall.,HIGH,https://doi.org/10.3390/plants13030338,2,1,,,
IKMDFBPHZNJCSN,xo|maoa,xo:0; maoa:0,xo:1; maoa:1,xo:5.62; maoa:5.00,Myricetin,Myricetin,410,Maesa INDICA Wall.,HIGH,https://doi.org/10.3390/plants13030338,0,1,,,
REFJWTPEDVJJIY,cox2|xo|maoa,cox2:0; xo:conflict; maoa:0,cox2:0; xo:1; maoa:1,cox2:4.54; xo:5.55; maoa:5.55,Quercetin,Quercetin,410,Maesa INDICA Wall.,HIGH,https://doi.org/10.3390/plants13030338,3,1,,,
IKGXIBQEEMLURG,xo|maoa,xo:0; maoa:0,xo:0; maoa:1,xo:4.28; maoa:5.41,Rutin,Rutin,410,Maesa INDICA Wall.,HIGH,https://doi.org/10.3390/plants13030338,3,1,,,
IYRMWMYZSQPJKC,xo,0,1,5.97,Kaempferol,Kaempferol,418,Lygodium FLEXUOSUM Sw.,HIGH,https://pmc.ncbi.nlm.nih.gov/articles/PMC3459452/pdf/PRev-6-107.pdf,1,1,,,
REFJWTPEDVJJIY,cox2|xo|maoa,cox2:0; xo:conflict; maoa:0,cox2:0; xo:1; maoa:1,cox2:4.54; xo:5.55; maoa:5.55,quercetin,Quercetin,423,Luffa ACUTANGULA (L.) Roxb.,HIGH,https://doi.org/10.1007/s13197-020-04313-9,3,1,,,
AZQWKYJCGOJGHM,maoa,0,1,5.17,"2,5-Cyclohexadiene-1,4-dione",Quinone,435,Leucas ASPERA (Willd.) Link.,HIGH,https://doi.org/10.22376/ijpbs/lpr.2022.12.6.L107-117,0,1,,,
MBNGWHIJMBWFHU,xo,1,1,6.28,"3,5,7-Trihydroxy-4?-methoxyflavone",Diosmetin,435,Leucas ASPERA (Willd.) Link.,HIGH,https://doi.org/10.1080/19315260.2019.1630540,0,1,,,
DANYIYRPLHHOCZ,maoa,1,1,6.92,Acacetin,Acacetin,435,Leucas ASPERA (Willd.) Link.,HIGH,https://doi.org/10.25258/phyto.12.3.2,0,1,,,
KZNIFHPLKGYRTM,cox2|xo|maoa,cox2:0; xo:1; maoa:0,cox2:1; xo:1; maoa:1,cox2:5.10; xo:6.16; maoa:5.81,Apigenin,Apigenin,435,Leucas ASPERA (Willd.) Link.,HIGH,https://doi.org/10.25258/phyto.12.3.2,0,1,,,
RTIXKCRFFJGDFG,cox2|xo,cox2:0; xo:0,cox2:0; xo:1,cox2:4.59; xo:5.99,Chrysin,Chrysin,435,Leucas ASPERA (Willd.) Link.,HIGH,https://doi.org/10.1016/j.biopha.2016.11.126,0,1,,,
LUKBXSAWLPMMSZ,cox1|cox2|maoa,cox1:0; cox2:conflict; maoa:conflict,cox1:1; cox2:conflict; maoa:conflict,cox1:5.96; cox2:5.30; maoa:4.80,Resveratrol,Resveratrol,435,Leucas ASPERA (Willd.) Link.,HIGH,https://doi.org/10.1016/j.biopha.2016.11.126,3,1,,,
IKGXIBQEEMLURG,xo|maoa,xo:0; maoa:0,xo:0; maoa:1,xo:4.28; maoa:5.41,Rutin,Rutin,435,Leucas ASPERA (Willd.) Link.,HIGH,https://doi.org/10.5530/pj.2017.6.147,3,1,,,
ILEDWLMCKZNDJK,cox1|xo,cox1:0; xo:0,cox1:0; xo:1,cox1:4.24; xo:5.09,Esculetin,Esculetin,439,Leea INDICA (Burm. f.) Merr.,HIGH,https://doi.org/10.3390/molecules24040714,0,1,,,
IYRMWMYZSQPJKC,xo,0,1,5.97,Kaempferol,Kaempferol,439,Leea INDICA (Burm. f.) Merr.,HIGH,https://doi.org/10.3390/molecules24040714,1,1,,,
MQGPSCMMNJKMHQ,xo,0,0,4.42,7-hydroxyflavone,7-Hydroxyflavone,442,Lawsonia INERMIS L.,HIGH,https://doi.org/10.1016/j.jep.2014.05.042,0,1,,,
DANYIYRPLHHOCZ,maoa,1,1,6.92,"Acacetine (linarigenin, linarisenin, 4'-methoxyapigenin)",Acacetin,442,Lawsonia INERMIS L.,MEDIUM,https://doi.org/10.1016/j.jep.2014.05.042,0,1,,,
KZNIFHPLKGYRTM,cox2|xo|maoa,cox2:0; xo:1; maoa:0,cox2:1; xo:1; maoa:1,cox2:5.10; xo:6.16; maoa:5.81,Apigenin,Apigenin,442,Lawsonia INERMIS L.,HIGH,https://doi.org/10.1016/j.jep.2014.05.042,0,1,,,
RECUKUPTGUEGMW,cox1,0,1,5.40,Carvacrol,Carvacrol,442,Lawsonia INERMIS L.,HIGH,https://doi.org/10.1080/14786419.2015.1055491,2,1,,,
ILEDWLMCKZNDJK,cox1|xo,cox1:0; xo:0,cox1:0; xo:1,cox1:4.24; xo:5.09,Esculetin,Esculetin,442,Lawsonia INERMIS L.,HIGH,https://doi.org/10.1016/j.jep.2014.05.042,0,1,,,
TZBJGXHYKVUXJN,cox1|xo|maoa,cox1:0; xo:0; maoa:0,cox1:0; xo:1; maoa:1,cox1:4.10; xo:5.45; maoa:5.41,Genistein,Genistein,442,Lawsonia INERMIS L.,HIGH,https://doi.org/10.1016/j.jep.2014.05.042,2,1,,,
RERZNCLIYCABFS,maoa,1,1,8.04,Harmaline,Harmaline,442,Lawsonia INERMIS L.,HIGH,https://doi.org/10.1016/j.jep.2014.05.042,0,1,,,
BXNJHAXVSOCGBA,maoa,1,1,8.30,Harmine,Harmine,442,Lawsonia INERMIS L.,HIGH,https://doi.org/10.1016/j.jep.2014.05.042,1,1,,,
IQPNAANSBPBGFQ,xo|maoa,xo:conflict; maoa:0,xo:conflict; maoa:1,xo:5.33; maoa:5.19,Luteolin,Luteolin,442,Lawsonia INERMIS L.,HIGH,https://doi.org/10.1016/j.jep.2014.05.042,2,1,,,
AZQWKYJCGOJGHM,maoa,0,1,5.17,Quinone,Quinone,442,Lawsonia INERMIS L.,HIGH,https://doi.org/10.11648/j.plant.20140203.11,0,1,,,
KWTSXDURSIMDCE,maoa,0,0,4.84,Amphetamine,Amphetamine,447,Lantana CAMARA L.,HIGH,https://doi.org/10.1177/0300060520962344,4,1,,,
DTOSIQBPPRVQHS,cox1,0,1,5.40,Linolenic acid,Linolenic Acid,447,Lantana CAMARA L.,HIGH,TOTAL PHENOLIC AND FLAVONOID CONTENTS AND ANTIOXIDANT ACTIVITY OF LANTANA CAMARA AND CUCURBITA PEPO (SQUASH) EXTRACTS AS WELL AS GC-MS ANALYSIS OF LANTANA CAMARA ESSENTIAL OILS,0,1,,,
DTOSIQBPPRVQHS,cox1,0,1,5.40,a-Linolenic acid,Linolenic Acid,449,Lagerstroemia speciosa (L.) Pers.,HIGH,Characterization of fatty acid and sterol composition of seed lipid of Lagerstroemia speciosa Pers. | Request PDF (researchgate.net),0,1,,,
DTOSIQBPPRVQHS,cox1,0,1,5.40,"9,12,15-Octadecatrienoic acid",Linseed Acid,462,Jasminum SAMBAC (L.) Ait.,HIGH,https://doi.org/10.1155/2021/7657628,0,1,,,
DTOSIQBPPRVQHS,cox1,0,1,5.40,Linolenic acid,Linolenic Acid,464,Ixora NIGRICANS R. Br. ex Wight & Arn.,HIGH,ISBN:9770972795006,0,1,,,
KZNIFHPLKGYRTM,cox2|xo|maoa,cox2:0; xo:1; maoa:0,cox2:1; xo:1; maoa:1,cox2:5.10; xo:6.16; maoa:5.81,Apigenin,Apigenin,491,Hopea ODORATA Roxb.,HIGH,https://theses.cz/id/7nc4dv/zaverecna_prace.pdf,0,1,,,
IYRMWMYZSQPJKC,xo,0,1,5.97,Kaempferol,Kaempferol,491,Hopea ODORATA Roxb.,HIGH,https://theses.cz/id/7nc4dv/zaverecna_prace.pdf,1,1,,,
REFJWTPEDVJJIY,cox2|xo|maoa,cox2:0; xo:conflict; maoa:0,cox2:0; xo:1; maoa:1,cox2:4.54; xo:5.55; maoa:5.55,Quercetin,Quercetin,491,Hopea ODORATA Roxb.,HIGH,https://theses.cz/id/7nc4dv/zaverecna_prace.pdf,3,1,,,
AUZONCFQVSMFAP,maoa,0,0,4.86,disulfiram,Disulfiram,492,Homalomena aromatica (Spreng.) Schott.,HIGH,https://doi.org/10.1515/chem-2024-008,4,1,,,
DTOSIQBPPRVQHS,cox1,0,1,5.40,"9,12,15-Octadecatrienoic acid, (Z,Z,Z)-",Linolenic Acid,497,Hibiscus SABDARIFFA L.,HIGH,https://doi.org/10.1155/2018/9097400,0,1,,,
RECUKUPTGUEGMW,cox1,0,1,5.40,Carvacrol,Carvacrol,497,Hibiscus SABDARIFFA L.,HIGH,https://doi.org/10.1007/s13197-018-3496-48,2,1,,,
PANKHBYNKQNAHN,cox1,0,0,4.55,Crocetin,Crocetin,497,Hibiscus SABDARIFFA L.,HIGH,https://doi.org/10.1111/jfpe.13372,3,1,,,
AIONOLUJZLIMTK,xo,1,1,6.08,Hesperetin,Hesperetin,497,Hibiscus SABDARIFFA L.,HIGH,https://doi.org/10.3390/horticulturae7020036,0,1,,,
IZQSVPBOUDKVDZ,xo,0,1,5.60,Isorhamnetin,Isorhamnetin,497,Hibiscus SABDARIFFA L.,HIGH,https://doi.org/10.1111/jfpe.13361,0,1,,,
IYRMWMYZSQPJKC,xo,0,1,5.97,Kaempferol,Kaempferol,497,Hibiscus SABDARIFFA L.,HIGH,https://www.calebjewels.com/wp-content/uploads/BEREOLA-FERANMI.pdf,1,1,,,
IQPNAANSBPBGFQ,xo|maoa,xo:conflict; maoa:0,xo:conflict; maoa:1,xo:5.33; maoa:5.19,Luteolin,Luteolin,497,Hibiscus SABDARIFFA L.,HIGH,https://doi.org/10.1002/ptr.1641,2,1,,,
ITDYPNOEEHONAH,cox1,0,1,5.20,Methyl-epigallocatechin,4'-Methyl-epigallocatechin,497,Hibiscus SABDARIFFA L.,MEDIUM,https://doi.org/10.1016/j.indcrop.2015.02.058,0,1,,,
IKMDFBPHZNJCSN,xo|maoa,xo:0; maoa:0,xo:1; maoa:1,xo:5.62; maoa:5.00,Myricetin,Myricetin,497,Hibiscus SABDARIFFA L.,HIGH,https://www.calebjewels.com/wp-content/uploads/BEREOLA-FERANMI.pdf,0,1,,,
REFJWTPEDVJJIY,cox2|xo|maoa,cox2:0; xo:conflict; maoa:0,cox2:0; xo:1; maoa:1,cox2:4.54; xo:5.55; maoa:5.55,Quercetin,Quercetin,497,Hibiscus SABDARIFFA L.,HIGH,https://doi.org/10.1002/jssc.200900300,3,1,,,
IKGXIBQEEMLURG,xo|maoa,xo:0; maoa:0,xo:0; maoa:1,xo:4.28; maoa:5.41,Rutin,Rutin,497,Hibiscus SABDARIFFA L.,HIGH,https://doi.org/10.1556/1006.2015.28.4.2,3,1,,,
IKGXIBQEEMLURG,xo|maoa,xo:0; maoa:0,xo:0; maoa:1,xo:4.28; maoa:5.41,Rutin hydrate,Rutin trihydrate,497,Hibiscus SABDARIFFA L.,HIGH,https://doi.org/10.1016/j.fufo.2021.100088,3,1,,,
KZNIFHPLKGYRTM,cox2|xo|maoa,cox2:0; xo:1; maoa:0,cox2:1; xo:1; maoa:1,cox2:5.10; xo:6.16; maoa:5.81,Apigenin,Apigenin,498,Hibiscus ROSA-SINENSIS L.,HIGH,https://doi.org/10.2174/1871530323666230522113405,0,1,,,
AZQWKYJCGOJGHM,maoa,0,1,5.17,"Benzo-1,4-quinone",Quinone,498,Hibiscus ROSA-SINENSIS L.,HIGH,https://doi.org/10.1080/0972060X.2023.2189529,0,1,,,
IYRMWMYZSQPJKC,xo,0,1,5.97,Kaempferol,Kaempferol,498,Hibiscus ROSA-SINENSIS L.,HIGH,https://doi.org/10.21276/ijprhs.2016.05.02,1,1,,,
IQPNAANSBPBGFQ,xo|maoa,xo:conflict; maoa:0,xo:conflict; maoa:1,xo:5.33; maoa:5.19,Luteolin,Luteolin,498,Hibiscus ROSA-SINENSIS L.,HIGH,https://doi.org/10.2174/1871530323666230522113405,2,1,,,
IKMDFBPHZNJCSN,xo|maoa,xo:0; maoa:0,xo:1; maoa:1,xo:5.62; maoa:5.00,Myricetin,Myricetin,498,Hibiscus ROSA-SINENSIS L.,HIGH,https://doi.org/10.21276/ijprhs.2016.05.02,0,1,,,
REFJWTPEDVJJIY,cox2|xo|maoa,cox2:0; xo:conflict; maoa:0,cox2:0; xo:1; maoa:1,cox2:4.54; xo:5.55; maoa:5.55,Quercetin,Quercetin,498,Hibiscus ROSA-SINENSIS L.,HIGH,https://doi.org/10.21276/ijprhs.2016.05.02,3,1,,,
IKGXIBQEEMLURG,xo|maoa,xo:0; maoa:0,xo:0; maoa:1,xo:4.28; maoa:5.41,Rutin,Rutin,498,Hibiscus ROSA-SINENSIS L.,HIGH,https://doi.org/10.21276/ijprhs.2016.05.02,3,1,,,
IYRMWMYZSQPJKC,xo,0,1,5.97,kaempferol,Kaempferol,498,Hibiscus ROSA-SINENSIS L.,HIGH,https://doi.org/10.1515/znc-2011-9-1003,1,1,,,
REFJWTPEDVJJIY,cox2|xo|maoa,cox2:0; xo:conflict; maoa:0,cox2:0; xo:1; maoa:1,cox2:4.54; xo:5.55; maoa:5.55,quercetin,Quercetin,498,Hibiscus ROSA-SINENSIS L.,HIGH,https://doi.org/10.1515/znc-2011-9-1003,3,1,,,
RHMXXJGYXNZAPX,maoa,0,1,5.37,Emodin,Emodin,499,Hibiscus MUTABILIS L.,HIGH,https://doi.org/10.2298/CICEQ140522034H,0,1,,,
TZBJGXHYKVUXJN,cox1|xo|maoa,cox1:0; xo:0; maoa:0,cox1:0; xo:1; maoa:1,cox1:4.10; xo:5.45; maoa:5.41,Genistein,Genistein,499,Hibiscus MUTABILIS L.,HIGH,https://doi.org/10.2298/CICEQ140522034H,2,1,,,
IZQSVPBOUDKVDZ,xo,0,1,5.60,Isorhamnetin,Isorhamnetin,499,Hibiscus MUTABILIS L.,HIGH,https://doi.org/10.3389/fphar.2024.1431391,0,1,,,
IYRMWMYZSQPJKC,xo,0,1,5.97,Kaempferol,Kaempferol,499,Hibiscus MUTABILIS L.,HIGH,https://doi.org/10.3389/fphar.2024.1431391,1,1,,,
REFJWTPEDVJJIY,cox2|xo|maoa,cox2:0; xo:conflict; maoa:0,cox2:0; xo:1; maoa:1,cox2:4.54; xo:5.55; maoa:5.55,Quercetin,Quercetin,499,Hibiscus MUTABILIS L.,HIGH,https://doi.org/10.1002/pca.2883,3,1,,,
IKGXIBQEEMLURG,xo|maoa,xo:0; maoa:0,xo:0; maoa:1,xo:4.28; maoa:5.41,Rutin,Rutin,499,Hibiscus MUTABILIS L.,HIGH,https://doi.org/10.2298/CICEQ140522034H,3,1,,,
QBLQLKNOKUHRCH,cox1|cox2,cox1:0; cox2:0,cox1:1; cox2:0,cox1:5.23; cox2:4.33,Steppogenin,"(2S)-5,7,2',4'-tetrahydroxyflavanone",499,Hibiscus MUTABILIS L.,HIGH,https://doi.org/10.2298/CICEQ140522034H,0,1,,,
IKGXIBQEEMLURG,xo|maoa,xo:0; maoa:0,xo:0; maoa:1,xo:4.28; maoa:5.41,Rutin,Rutin,503,Hemidesmus INDICUS (L.) R. Br.,HIGH,https://www.plantarchives.org/SPECIAL%20ISSUE%2021-1/352%20(2132-2143).pdf,3,1,,,
REFJWTPEDVJJIY,cox2|xo|maoa,cox2:0; xo:conflict; maoa:0,cox2:0; xo:1; maoa:1,cox2:4.54; xo:5.55; maoa:5.55,Quercetin,Quercetin,504,Helminthostachys ZEYLANICA L.,HIGH,https://doi.org/10.20307/nps.2018.24.1.66,3,1,,,
QYPPJABKJHAVHS,maoa,0,0,4.00,Agmatine,Agmatine,505,Heliotropium INDICUM L.,HIGH,https://doi.org/10.1093/database/bav075,0,1,,,
TZBJGXHYKVUXJN,cox1|xo|maoa,cox1:0; xo:0; maoa:0,cox1:0; xo:1; maoa:1,cox1:4.10; xo:5.45; maoa:5.41,Genistein,Genistein,515,Grewia asiatica L.,HIGH,https://doi.org/10.1016/j.phyplu.2022.100290,2,1,,,
IYRMWMYZSQPJKC,xo,0,1,5.97,Kaempferol,Kaempferol,515,Grewia asiatica L.,HIGH,https://doi.org/10.1016/j.phyplu.2022.100290,1,1,,,
IKMDFBPHZNJCSN,xo|maoa,xo:0; maoa:0,xo:1; maoa:1,xo:5.62; maoa:5.00,Myricetin,Myricetin,515,Grewia asiatica L.,HIGH,https://doi.org/10.1016/j.phyplu.2022.100290,0,1,,,
REFJWTPEDVJJIY,cox2|xo|maoa,cox2:0; xo:conflict; maoa:0,cox2:0; xo:1; maoa:1,cox2:4.54; xo:5.55; maoa:5.55,Quercetin,Quercetin,515,Grewia asiatica L.,HIGH,https://doi.org/10.1016/j.phyplu.2022.100290,3,1,,,
IYRMWMYZSQPJKC,xo,0,1,5.97,Kaempferol,Kaempferol,523,Glycosmis PENTAPHYLLA (Retz.) A. DC.,HIGH,https://doi.org/10.1002/hlca.201400362,1,1,,,
REFJWTPEDVJJIY,cox2|xo|maoa,cox2:0; xo:conflict; maoa:0,cox2:0; xo:1; maoa:1,cox2:4.54; xo:5.55; maoa:5.55,Quercetin,Quercetin,523,Glycosmis PENTAPHYLLA (Retz.) A. DC.,HIGH,https://doi.org/10.1002/hlca.201400362,3,1,,,
IKGXIBQEEMLURG,xo|maoa,xo:0; maoa:0,xo:0; maoa:1,xo:4.28; maoa:5.41,Rutin,Rutin,523,Glycosmis PENTAPHYLLA (Retz.) A. DC.,HIGH,https://doi.org/10.1002/hlca.201400362,3,1,,,
IQPNAANSBPBGFQ,xo|maoa,xo:conflict; maoa:0,xo:conflict; maoa:1,xo:5.33; maoa:5.19,Luteolin,Luteolin,525,Gloriosa SUPERBA L.,HIGH,https://doi.org/10.3390/molecules24152772,2,1,,,
REFJWTPEDVJJIY,cox2|xo|maoa,cox2:0; xo:conflict; maoa:0,cox2:0; xo:1; maoa:1,cox2:4.54; xo:5.55; maoa:5.55,Quercetin,Quercetin,525,Gloriosa SUPERBA L.,HIGH,https://doi.org/10.3390/molecules24152772,3,1,,,
SHPPXMGVUDNKLV,xo,0,0,4.92,Scolymoside,Lonicerin,539,Flacourtia JANGOMAS (Lour.) Raeus.,LOW,https://doi.org/10.1080/13880209.2023.2292261,0,1,,,
DTOSIQBPPRVQHS,cox1,0,1,5.40,Nonanoic acid,Linolenic Acid,563,Entada rheedii Spreng.,LOW,ISBN:9770972795006,0,1,,,
REFJWTPEDVJJIY,cox2|xo|maoa,cox2:0; xo:conflict; maoa:0,cox2:0; xo:1; maoa:1,cox2:4.54; xo:5.55; maoa:5.55,Quercetin,Quercetin,563,Entada rheedii Spreng.,HIGH,"ISBN:9770972795006, ISBN:9788172360481",3,1,,,
YNVJOQCPHWKWSO,cox1|cox2,cox1:0; cox2:0,cox1:0; cox2:0,cox1:4.30; cox2:4.10,Pallidol,Pallidol,565,Cissus ADNATA Roxb.,HIGH,"ISBN:9788185042138, ISBN:9788187748090",0,1,,,
HRGUSFBJBOKSML,maoa,1,1,6.60,Tricin,Tricin,570,Eleusine INDICA (L.) Gaertn.,HIGH,ISBN:9788185042084,0,1,,,
IQPNAANSBPBGFQ,xo|maoa,xo:conflict; maoa:0,xo:conflict; maoa:1,xo:5.33; maoa:5.19,Luteolin,Luteolin,571,Elephantopus SCABER L.,HIGH,ISBN:9788187748090,2,1,,,
REFJWTPEDVJJIY,cox2|xo|maoa,cox2:0; xo:conflict; maoa:0,cox2:0; xo:1; maoa:1,cox2:4.54; xo:5.55; maoa:5.55,Quercetin,Quercetin,571,Elephantopus SCABER L.,HIGH,ISBN:9788172362300,3,1,,,
REFJWTPEDVJJIY,cox2|xo|maoa,cox2:0; xo:conflict; maoa:0,cox2:0; xo:1; maoa:1,cox2:4.54; xo:5.55; maoa:5.55,Quercetin,Quercetin,579,Drynaria QUERCIFOLIA (L.) J. Sm.,HIGH,https://doi.org/10.4103/jdras.jdras_168_22,3,1,,,
OTAFHZMPRISVEM,maoa,0,0,4.40,Chromone,Chromone,596,Dillenia INDICA L.,HIGH,https://doi.org/10.21786/bbrc/13.2/81,0,1,,,
AIFRHYZBTHREPW,maoa,1,1,6.58,"9H-Pyrido[3,4-B]indole",Beta-Carboline,602,Desmodium GANGETICUM (L.) DC.,HIGH,ISBN:9788172360481,0,1,,,
TZBJGXHYKVUXJN,cox1|xo|maoa,cox1:0; xo:0; maoa:0,cox1:0; xo:1; maoa:1,cox1:4.10; xo:5.45; maoa:5.41,Genistein,Genistein,602,Desmodium GANGETICUM (L.) DC.,HIGH,ISBN:9788171360536,2,1,,,
IYRMWMYZSQPJKC,xo,0,1,5.97,Kaempferol,Kaempferol,602,Desmodium GANGETICUM (L.) DC.,HIGH,http://nopr.niscpr.res.in/handle/123456789/5642,1,1,,,
REFJWTPEDVJJIY,cox2|xo|maoa,cox2:0; xo:conflict; maoa:0,cox2:0; xo:1; maoa:1,cox2:4.54; xo:5.55; maoa:5.55,Quercetin,Quercetin,602,Desmodium GANGETICUM (L.) DC.,HIGH,http://nopr.niscpr.res.in/handle/123456789/5642,3,1,,,
IKGXIBQEEMLURG,xo|maoa,xo:0; maoa:0,xo:0; maoa:1,xo:4.28; maoa:5.41,Rutin,Rutin,602,Desmodium GANGETICUM (L.) DC.,HIGH,http://nopr.niscpr.res.in/handle/123456789/5642,3,1,,,
IYRMWMYZSQPJKC,xo,0,1,5.97,Kaempferol,Kaempferol,603,Derris TRIFOLIATA Lour.,HIGH,https://doi.org/10.1007/978-81-322-2704-5_6,1,1,,,
REFJWTPEDVJJIY,cox2|xo|maoa,cox2:0; xo:conflict; maoa:0,cox2:0; xo:1; maoa:1,cox2:4.54; xo:5.55; maoa:5.55,Quercetin,Quercetin,603,Derris TRIFOLIATA Lour.,HIGH,ISBN:9770972795006,3,1,,,
IKGXIBQEEMLURG,xo|maoa,xo:0; maoa:0,xo:0; maoa:1,xo:4.28; maoa:5.41,rutin,Rutin,603,Derris TRIFOLIATA Lour.,HIGH,https://www.sciencedirect.com/science/article/pii/S2352952025000052,3,1,,,
HUKSJTUUSUGIDC,maoa,0,0,4.07,"(-)-(6aR,12aR)-maackiain",(-)-Maackiain,612,Dalbergia STIPULACEA Roxb.,HIGH,https://doi.org/10.1080/14786419.2019.1672068,0,1,,,
GFFGJBXGBJISGV,xo,0,0,4.96,Adenine,Adenine,619,Cyperus ROTUNDUS L.,HIGH,https://doi.org/10.1186/s12906-020-02981-w,3,1,,,
RECUKUPTGUEGMW,cox1,0,1,5.40,Carvacrol,Carvacrol,619,Cyperus ROTUNDUS L.,HIGH,"https://publish.kne-publishing.com/
index.php/PBR/article/view/9369/9117",2,1,,,
IYRMWMYZSQPJKC,xo,0,1,5.97,Kaempferol,Kaempferol,619,Cyperus ROTUNDUS L.,HIGH,"https://publish.kne-publishing.com/
index.php/PBR/article/view/9369/9117",1,1,,,
IQPNAANSBPBGFQ,xo|maoa,xo:conflict; maoa:0,xo:conflict; maoa:1,xo:5.33; maoa:5.19,Luteolin,Luteolin,619,Cyperus ROTUNDUS L.,HIGH,https://doi.org/10.1002/jssc.202200990,2,1,,,
CUFLZUDASVUNOE,xo,0,0,4.53,"Methyl 3,4-dihydroxy benzo-ate","Methyl 3,4-Dihydroxybenzoate",619,Cyperus ROTUNDUS L.,HIGH,"https://publish.kne-publishing.com/
index.php/PBR/article/view/9369/9117",0,1,,,
REFJWTPEDVJJIY,cox2|xo|maoa,cox2:0; xo:conflict; maoa:0,cox2:0; xo:1; maoa:1,cox2:4.54; xo:5.55; maoa:5.55,Quercetin,Quercetin,619,Cyperus ROTUNDUS L.,HIGH,"https://publish.kne-publishing.com/
index.php/PBR/article/view/9369/9117",3,1,,,
IKGXIBQEEMLURG,xo|maoa,xo:0; maoa:0,xo:0; maoa:1,xo:4.28; maoa:5.41,Rutin,Rutin,619,Cyperus ROTUNDUS L.,HIGH,https://doi.org/10.1002/jssc.202200990,3,1,,,
ILRCGYURZSFMEG,cox1,0,0,4.14,Salidroside,Salidroside,619,Cyperus ROTUNDUS L.,HIGH,"https://publish.kne-publishing.com/
index.php/PBR/article/view/9369/9117",0,1,,,
XHLHPRDBBAGVEG,maoa,0,0,4.83,tetralone,1-Tetralone,619,Cyperus ROTUNDUS L.,HIGH,"http://repository.lppm.unila.ac.id/8666/1/
Publikasi_NN_PhytochemicalofCyperusrotundus.pdf",0,1,,,
IQPNAANSBPBGFQ,xo|maoa,xo:conflict; maoa:0,xo:conflict; maoa:1,xo:5.33; maoa:5.19,Luteolin,Luteolin,623,Cynodon DACTYLON (L.)Pers.,HIGH,ISBN:9788171360536,2,1,,,
IQPNAANSBPBGFQ,xo|maoa,xo:conflict; maoa:0,xo:conflict; maoa:1,xo:5.33; maoa:5.19,Stigmasterol acetate,Luteolin,623,Cynodon DACTYLON (L.)Pers.,LOW,ISBN:9788185042145,2,1,,,
HRGUSFBJBOKSML,maoa,1,1,6.60,beta-Sitosterol,Tricin,623,Cynodon DACTYLON (L.)Pers.,LOW,ISBN:9788171360536,0,1,,,
SCCDQYPEOIRVGX,cox1,0,1,5.52,Acetyleugenol,Eugenyl Acetate,624,Cymbopogon CITRATUS (DC.) Stapf.,HIGH,DOI:10.1002/(sici)1099-1026(1998070)13:4<235::aid-ffj733>3.0.co;2-t,0,1,,,
IKIIZLYTISPENI,xo,0,0,4.25,Baicalin,Baicalin,624,Cymbopogon CITRATUS (DC.) Stapf.,HIGH,EMPTY,0,1,,,
RECUKUPTGUEGMW,cox1,0,1,5.40,Carvacrol,Carvacrol,624,Cymbopogon CITRATUS (DC.) Stapf.,HIGH,https://doi.org/10.1002/ffj.3132,2,1,,,
REFJWTPEDVJJIY,cox2|xo|maoa,cox2:0; xo:conflict; maoa:0,cox2:0; xo:1; maoa:1,cox2:4.54; xo:5.55; maoa:5.55,Quercitin,Quercetin,624,Cymbopogon CITRATUS (DC.) Stapf.,HIGH,EMPTY,3,1,,,
IKMDFBPHZNJCSN,xo|maoa,xo:0; maoa:0,xo:1; maoa:1,xo:5.62; maoa:5.00,"5,6,7-Trimethoxycoumarin",Myricetin,626,Cuscuta REFLEXA Roxb.,LOW,PMID:17613825,0,1,,,
DTOSIQBPPRVQHS,cox1,0,1,5.40,Chlorogenic acid,Linolenic Acid,626,Cuscuta REFLEXA Roxb.,LOW,ISBN:9788172362133,0,1,,,
IYRMWMYZSQPJKC,xo,0,1,5.97,Kaempferol,Kaempferol,626,Cuscuta REFLEXA Roxb.,HIGH,"ISBN:9770972795006, ISBN:9780387706375, ISBN:9788187748090",1,1,,,
DTOSIQBPPRVQHS,cox1,0,1,5.40,Linolenic acid,Linolenic Acid,626,Cuscuta REFLEXA Roxb.,HIGH,ISBN:9788172361150,0,1,,,
DTOSIQBPPRVQHS,cox1,0,1,5.40,Linolenic acid,Linolenic Acid,626,Cuscuta REFLEXA Roxb.,HIGH,ISBN:9770972795006,0,1,,,
IQPNAANSBPBGFQ,xo|maoa,xo:conflict; maoa:0,xo:conflict; maoa:1,xo:5.33; maoa:5.19,Luteolin,Luteolin,626,Cuscuta REFLEXA Roxb.,HIGH,"ISBN:9780387706375, ISBN:9788185042114",2,1,,,
REFJWTPEDVJJIY,cox2|xo|maoa,cox2:0; xo:conflict; maoa:0,cox2:0; xo:1; maoa:1,cox2:4.54; xo:5.55; maoa:5.55,Quercetin,Quercetin,626,Cuscuta REFLEXA Roxb.,HIGH,ISBN:9788185042053,3,1,,,
MBNGWHIJMBWFHU,xo,1,1,6.28,"3,5,7-trihydroxy-4-methoxyflavone",Diosmetin,628,Curcuma ZEDOARIA Rosc.,HIGH,https://doi.org/10.22159/ajpcr.2020.v13i7.38249,0,1,,,
PREBVFJICNPEKM,cox2,0,0,4.44,bisdemothxycurcumin,Bisdemethoxycurcumin,628,Curcuma ZEDOARIA Rosc.,MEDIUM,https://doi.org/10.1211/jpp/61.01.0003,0,1,,,
HJTVQHVGMGKONQ,maoa,1,1,6.04,demothxycurcumin,Demethoxycurcumin,628,Curcuma ZEDOARIA Rosc.,MEDIUM,https://doi.org/10.1211/jpp/61.01.0003,0,1,,,
PREBVFJICNPEKM,cox2,0,0,4.44,di-p-coumaroylmethane,Bisdemethoxycurcumin,628,Curcuma ZEDOARIA Rosc.,HIGH,https://doi.org/10.1211/jpp/61.01.0003,0,1,,,
VFLDPWHFBUODDF,cox1|cox2|maoa,cox1:0; cox2:0; maoa:0,cox1:0; cox2:0; maoa:1,cox1:4.76; cox2:4.53; maoa:5.56,diferuloylmethane,Curcumin,628,Curcuma ZEDOARIA Rosc.,HIGH,https://doi.org/10.1211/jpp/61.01.0003,3,1,,,
PREBVFJICNPEKM,cox2,0,0,4.44,Bisdemethoxycurcumin,Bisdemethoxycurcumin,629,Curcuma LONGA L.,HIGH,https://doi.org/10.1177/1934578X1300800826,0,1,,,
RECUKUPTGUEGMW,cox1,0,1,5.40,Carvacrol,Carvacrol,629,Curcuma LONGA L.,HIGH,https://doi.org/10.1002/ffj.1053,2,1,,,
VFLDPWHFBUODDF,cox1|cox2|maoa,cox1:0; cox2:0; maoa:0,cox1:0; cox2:0; maoa:1,cox1:4.76; cox2:4.53; maoa:5.56,Curcumin,Curcumin,629,Curcuma LONGA L.,HIGH,PMID:17400527 (IMPAAT),3,1,,,
HJTVQHVGMGKONQ,maoa,1,1,6.04,Demethoxycurcumin,Demethoxycurcumin,629,Curcuma LONGA L.,HIGH,https://doi.org/10.1177/1934578X1300800826,0,1,,,
PREBVFJICNPEKM,cox2,0,0,4.44,bisdemethoxycurcumin,Bisdemethoxycurcumin,629,Curcuma LONGA L.,HIGH,https://doi.org/10.3390/molecules23071568,0,1,,,
VFLDPWHFBUODDF,cox1|cox2|maoa,cox1:0; cox2:0; maoa:0,cox1:0; cox2:0; maoa:1,cox1:4.76; cox2:4.53; maoa:5.56,curcumin,Curcumin,629,Curcuma LONGA L.,HIGH,https://doi.org/10.2174/157341210793292356,3,1,,,
HJTVQHVGMGKONQ,maoa,1,1,6.04,demethoxycurcumin,Demethoxycurcumin,629,Curcuma LONGA L.,HIGH,https://doi.org/10.3390/molecules23071568,0,1,,,
RECUKUPTGUEGMW,cox1,0,1,5.40,Carvacrol,Carvacrol,632,Curcuma ANGUSTIFOLIA Roxb.,HIGH,Curcuma angustifolia ameliorates carbon tetrachloride-induced hepatotoxicity in HepG2 cells and Swiss albino rats,2,1,,,
IBRKLUSXDYATLG,maoa,0,0,4.51,"Isoquinoline, 1,2,3,4-tetrahydro-1-methyl",(RS)-Salsolinol,632,Curcuma ANGUSTIFOLIA Roxb.,MEDIUM,"Chemical constituents in volatile oil of rhizome and flower of Curcuma
angustifolia Roxb. growing in North-East India",0,1,,,
FMHHVULEAZTJMA,maoa,1,1,6.08,Trioxsalen,Trimethylpsoralen,632,Curcuma ANGUSTIFOLIA Roxb.,HIGH,"Comparative phytochemical screening of Curcuma angustifolia, Curcuma decipiens and Curcuma longa by using GC-MS",4,1,,,
DTOSIQBPPRVQHS,cox1,0,1,5.40,alpha-Linolenic acid,Linolenic Acid,632,Curcuma ANGUSTIFOLIA Roxb.,HIGH,Curcuma angustifolia ameliorates carbon tetrachloride-induced hepatotoxicity in HepG2 cells and Swiss albino rats,0,1,,,
RECUKUPTGUEGMW,cox1,0,1,5.40,Carvacrol,Carvacrol,635,Cuminum CYMINUM L.,HIGH,https://doi.org/10.1002/jsfa.4513,2,1,,,
REFJWTPEDVJJIY,cox2|xo|maoa,cox2:0; xo:conflict; maoa:0,cox2:0; xo:1; maoa:1,cox2:4.54; xo:5.55; maoa:5.55,Quercetin,Quercetin,635,Cuminum CYMINUM L.,HIGH,"Chromatographic separation and identification of some volatile oils, organic acids and phenols from the seeds of Cuminum cyminum growing in Iraq",3,1,,,
DTOSIQBPPRVQHS,cox1,0,1,5.40,alpha-linolenic acid,Linolenic Acid,635,Cuminum CYMINUM L.,HIGH,https://doi.org/10.1002/jsfa.4513,0,1,,,
IQPNAANSBPBGFQ,xo|maoa,xo:conflict; maoa:0,xo:conflict; maoa:1,xo:5.33; maoa:5.19,Cholesterol,Luteolin,637,Cucurbita MAXIMA Duch.,LOW,ISBN:9788172361792,2,1,,,
DTOSIQBPPRVQHS,cox1,0,1,5.40,Linolenic acid,Linolenic Acid,637,Cucurbita MAXIMA Duch.,HIGH,ISBN:9788172361792,0,1,,,
IQPNAANSBPBGFQ,xo|maoa,xo:conflict; maoa:0,xo:conflict; maoa:1,xo:5.33; maoa:5.19,Luteolin,Luteolin,637,Cucurbita MAXIMA Duch.,HIGH,ISBN:9788172361792,2,1,,,
IKGXIBQEEMLURG,xo|maoa,xo:0; maoa:0,xo:0; maoa:1,xo:4.28; maoa:5.41,Nicotiflorin,Rutin,637,Cucurbita MAXIMA Duch.,LOW,"ISBN:9788172361792, ISBN:9788185042084",3,1,,,
KZNIFHPLKGYRTM,cox2|xo|maoa,cox2:0; xo:1; maoa:0,cox2:1; xo:1; maoa:1,cox2:5.10; xo:6.16; maoa:5.81,Apigenin,Apigenin,650,Crotalaria PALLIDA Ait.,HIGH,"ISBN:9770972795006, ISBN:9788185042114",0,1,,,
IQPNAANSBPBGFQ,xo|maoa,xo:conflict; maoa:0,xo:conflict; maoa:1,xo:5.33; maoa:5.19,Luteolin,Luteolin,650,Crotalaria PALLIDA Ait.,HIGH,"ISBN:9770972795006, ISBN:9788185042053",2,1,,,
RECUKUPTGUEGMW,cox1,0,1,5.40,Carvacrol,Carvacrol,659,Crassocephalum CREPIDIOIDES (Benth.) Moore,HIGH,https://doi.org/10.1080/10412905.2000.9712152,2,1,,,
RECUKUPTGUEGMW,cox1,0,1,5.40,Carvacrol,Carvacrol,661,Coriandrum SATIVUM L.,HIGH,https://doi.org/10.1080/0972060x.2012.10644030,2,1,,,
QWCNQXNAFCBLLV,cox1,0,0,4.18,Falcarindiol,Falcarindiol,661,Coriandrum SATIVUM L.,HIGH,PMID:9556156,0,1,,,
IZQSVPBOUDKVDZ,xo,0,1,5.60,Isorhamnetin,Isorhamnetin,661,Coriandrum SATIVUM L.,HIGH,https://doi.org/10.15482/usda.adc/1239279,0,1,,,
RECUKUPTGUEGMW,cox1,0,1,5.40,p- Cymene,Carvacrol,661,Coriandrum SATIVUM L.,MEDIUM,http://op.niscpr.res.in/index.php/IJNPR/article/view/13205,2,1,,,
KZNIFHPLKGYRTM,cox2|xo|maoa,cox2:0; xo:1; maoa:0,cox2:1; xo:1; maoa:1,cox2:5.10; xo:6.16; maoa:5.81,Apigenin,Apigenin,671,Colocasia ESCULENTA (L.) Schott.,HIGH,https://doi.org/10.1016/j.chroma.2011.11.038,0,1,,,
IQPNAANSBPBGFQ,xo|maoa,xo:conflict; maoa:0,xo:conflict; maoa:1,xo:5.33; maoa:5.19,Luteolin,Luteolin,671,Colocasia ESCULENTA (L.) Schott.,HIGH,https://doi.org/10.1016/j.chroma.2011.11.038,2,1,,,
REFJWTPEDVJJIY,cox2|xo|maoa,cox2:0; xo:conflict; maoa:0,cox2:0; xo:1; maoa:1,cox2:4.54; xo:5.55; maoa:5.55,Quercetin,Quercetin,683,Cleome VISCOSA L.,HIGH,"PMID:22613049,PMID:28135851",3,1,,,
DTOSIQBPPRVQHS,cox1,0,1,5.40,"9,12,15-Octadecatrienoic acid, (Z,Z,Z)-",Linolenic Acid,687,Citrus maxima (Burm.) Merr.,HIGH,https://doi.org/10.1016/j.ultsonch.2023.106632,0,1,,,
DANYIYRPLHHOCZ,maoa,1,1,6.92,Acacetin,Acacetin,687,Citrus maxima (Burm.) Merr.,HIGH,https://doi.org/10.1155/2022/8741669,0,1,,,
KZNIFHPLKGYRTM,cox2|xo|maoa,cox2:0; xo:1; maoa:0,cox2:1; xo:1; maoa:1,cox2:5.10; xo:6.16; maoa:5.81,Apigenin,Apigenin,687,Citrus maxima (Burm.) Merr.,HIGH,https://doi.org/10.1155/2022/8741669,0,1,,,
RECUKUPTGUEGMW,cox1,0,1,5.40,Carvacrol,Carvacrol,687,Citrus maxima (Burm.) Merr.,HIGH,https://doi.org/10.1080/10412905.2011.9700445,2,1,,,
MBNGWHIJMBWFHU,xo,1,1,6.28,Diosmetin,Diosmetin,687,Citrus maxima (Burm.) Merr.,HIGH,https://doi.org/10.1155/2022/8741669,0,1,,,
IQPNAANSBPBGFQ,xo|maoa,xo:conflict; maoa:0,xo:conflict; maoa:1,xo:5.33; maoa:5.19,Luteolin,Luteolin,687,Citrus maxima (Burm.) Merr.,HIGH,https://doi.org/10.1155/2022/8741669,2,1,,,
QXKHYNVANLEOEG,maoa,0,0,4.07,Methoxsalen,8-Methoxypsoralen,687,Citrus maxima (Burm.) Merr.,HIGH,https://doi.org/10.1080/0972060x.2012.10662594,4,1,,,
REFJWTPEDVJJIY,cox2|xo|maoa,cox2:0; xo:conflict; maoa:0,cox2:0; xo:1; maoa:1,cox2:4.54; xo:5.55; maoa:5.55,Quercetin,Quercetin,687,Citrus maxima (Burm.) Merr.,HIGH,https://doi.org/10.1155/2022/8741669,3,1,,,
IKGXIBQEEMLURG,xo|maoa,xo:0; maoa:0,xo:0; maoa:1,xo:4.28; maoa:5.41,Rutin,Rutin,687,Citrus maxima (Burm.) Merr.,HIGH,https://doi.org/10.1155/2022/8741669,3,1,,,
IKGXIBQEEMLURG,xo|maoa,xo:0; maoa:0,xo:0; maoa:1,xo:4.28; maoa:5.41,Rutin hydrate,Rutin trihydrate,687,Citrus maxima (Burm.) Merr.,HIGH,https://doi.org/10.1177/2515690X211043741,3,1,,,
QXKHYNVANLEOEG,maoa,0,0,4.07,Xanthotoxin,8-Methoxypsoralen,687,Citrus maxima (Burm.) Merr.,HIGH,https://doi.org/10.1080/0972060X.2012.10662594,4,1,,,
QJVXKWHHAMZTBY,cox1,0,0,4.44,eleutheroside B,Syringin,687,Citrus maxima (Burm.) Merr.,HIGH,https://doi.org/10.1051/e3sconf/202448106004,0,1,,,
AIONOLUJZLIMTK,xo,1,1,6.08,hesperetin,Hesperetin,687,Citrus maxima (Burm.) Merr.,HIGH,https://doi.org/10.1051/e3sconf/202448106004,0,1,,,
RAKJVIPCCGXHHS,cox1|maoa,cox1:0; maoa:1,cox1:0; maoa:1,cox1:4.19; maoa:6.36,osthenol,Osthenol,687,Citrus maxima (Burm.) Merr.,HIGH,https://doi.org/10.1051/e3sconf/202448106004,0,1,,,
IYRMWMYZSQPJKC,xo,0,1,5.97,Kaempferol,Kaempferol,705,Amaranthus SPINOSUS L.,HIGH,ISBN:9789327275590,1,1,,,
REFJWTPEDVJJIY,cox2|xo|maoa,cox2:0; xo:conflict; maoa:0,cox2:0; xo:1; maoa:1,cox2:4.54; xo:5.55; maoa:5.55,Quercetin,Quercetin,705,Amaranthus SPINOSUS L.,HIGH,ISBN:9789327275590,3,1,,,
KVVSCMOUFCNCGX,cox2,0,1,5.63,5-Pentadecylresorcinol,5-Pentadecylresorcinol,715,Anacardium OCCIDENTALE L.,HIGH,https://doi.org/10.1016/s1388-1981,0,1,,,
DTOSIQBPPRVQHS,cox1,0,1,5.40,Linolenic acid,Linolenic Acid,715,Anacardium OCCIDENTALE L.,HIGH,Phytochemicals Screening and Anti-proliferative Activities of Anacardium occidentale Shoot Extract in Breast Cancer Cells,0,1,,,
IYRMWMYZSQPJKC,xo,0,1,5.97,kaempferol,Kaempferol,715,Anacardium OCCIDENTALE L.,HIGH,https://doi.org/10.4172/2329-6836.1000195,1,1,,,
DTOSIQBPPRVQHS,cox1,0,1,5.40,linolenic acid,Linolenic Acid,715,Anacardium OCCIDENTALE L.,HIGH,https://doi.org/10.3390/biom9090490,0,1,,,
IKMDFBPHZNJCSN,xo|maoa,xo:0; maoa:0,xo:1; maoa:1,xo:5.62; maoa:5.00,myricetin,Myricetin,715,Anacardium OCCIDENTALE L.,HIGH,https://doi.org/10.4172/2329-6836.1000193,0,1,,,
REFJWTPEDVJJIY,cox2|xo|maoa,cox2:0; xo:conflict; maoa:0,cox2:0; xo:1; maoa:1,cox2:4.54; xo:5.55; maoa:5.55,quercetin,Quercetin,715,Anacardium OCCIDENTALE L.,HIGH,https://doi.org/10.1016/j.sajb.2020.09.017,3,1,,,
RECUKUPTGUEGMW,cox1,0,1,5.40,Carvacrol,Carvacrol,721,Annona RETICULATA L.,HIGH,https://doi.org/10.1002/ffj.2730080103,2,1,,,
SFLMUHDGSQZDOW,cox1,0,0,4.12,beta-Amyrin,4-(3-Hydroxy-1-propen-1-yl)-2-methoxyphenyl I(2)-glucopyranoside,730,Ardisia SOLANACEA (Poir.) Roxb.,LOW,"ISBN:9770972795006, ISBN:9788172362089, ISBN:9788185042114",0,1,,,
RECUKUPTGUEGMW,cox1,0,1,5.40,Carvacrol,Carvacrol,739,Artocarpus HETEROPHYLLUS Lamk.,HIGH,https://doi.org/10.1016/j.foodchem.2020.127211,2,1,,,
IQPNAANSBPBGFQ,xo|maoa,xo:conflict; maoa:0,xo:conflict; maoa:1,xo:5.33; maoa:5.19,Luteolin,Luteolin,739,Artocarpus HETEROPHYLLUS Lamk.,HIGH,https://doi.org/10.1016/j.foodchem.2020.127211,2,1,,,
KZNIFHPLKGYRTM,cox2|xo|maoa,cox2:0; xo:1; maoa:0,cox2:1; xo:1; maoa:1,cox2:5.10; xo:6.16; maoa:5.81,apigenin,Apigenin,739,Artocarpus HETEROPHYLLUS Lamk.,HIGH,https://doi.org/10.1021/jf500159z,0,1,,,
LHPRYOJTASOZGJ,cox1|cox2,cox1:1; cox2:0,cox1:1; cox2:0,cox1:6.30; cox2:4.65,moracin M,Moracin M,739,Artocarpus HETEROPHYLLUS Lamk.,HIGH,https://doi.org/10.1021/jf500159z,0,1,,,
ZSYPIPFQOQGYHH,cox1,0,0,4.85,norartocarpetin,Norartocarpetin,739,Artocarpus HETEROPHYLLUS Lamk.,HIGH,https://doi.org/10.1021/jf500159z,0,1,,,
QBLQLKNOKUHRCH,cox1|cox2,cox1:0; cox2:0,cox1:1; cox2:0,cox1:5.23; cox2:4.33,steppogenin,Steppogenin,739,Artocarpus HETEROPHYLLUS Lamk.,HIGH,https://doi.org/10.1021/jf500159z,0,1,,,
VCCRNZQBSJXYJD,xo|maoa,xo:0; maoa:1,xo:1; maoa:1,xo:5.75; maoa:6.89,Galangin,Galangin,740,Artocarpus LACUCHA Buch-Ham.,HIGH,ISBN:9788172363130,0,1,,,
UWQYBLOHTQWSQD,cox1,0,0,4.21,Mulberrin,Kuwanon C,740,Artocarpus LACUCHA Buch-Ham.,HIGH,ISBN:9788172363130,0,1,,,
PDHAOJSHSJQANO,cox1,0,1,5.85,Oxyresveratrol,"Trans-2,3',4,5'-tetrahydroxystilbene",740,Artocarpus LACUCHA Buch-Ham.,HIGH,ISBN:9780387706375,0,1,,,
DTOSIQBPPRVQHS,cox1,0,1,5.40,"9,12,15-Octadecatrienoic acid, (Z,Z,Z)-",Linolenic Acid,749,Azadirachta INDICA A. Juss.,HIGH,https://doi.org/10.1186/s12870-022-03650-5,0,1,,,
GFFGJBXGBJISGV,xo,0,0,4.96,Adenine,Adenine,749,Azadirachta INDICA A. Juss.,HIGH,https://doi.org/10.1016/j.jksus.2021.101541,3,1,,,
IZQSVPBOUDKVDZ,xo,0,1,5.60,Isorhamnetin,Isorhamnetin,749,Azadirachta INDICA A. Juss.,HIGH,https://doi.org/10.1016/j.jksus.2021.101541,0,1,,,
IYRMWMYZSQPJKC,xo,0,1,5.97,Kaempferol,Kaempferol,749,Azadirachta INDICA A. Juss.,HIGH,https://doi.org/10.1080/15567036.2019.1624893,1,1,,,
DTOSIQBPPRVQHS,cox1,0,1,5.40,Linolenic acid,Linolenic Acid,749,Azadirachta INDICA A. Juss.,HIGH,https://doi.org/10.1080/22297928.2021.1877195,0,1,,,
IKMDFBPHZNJCSN,xo|maoa,xo:0; maoa:0,xo:1; maoa:1,xo:5.62; maoa:5.00,Myricetin,Myricetin,749,Azadirachta INDICA A. Juss.,HIGH,https://doi.org/10.1016/j.jksus.2021.101541,0,1,,,
REFJWTPEDVJJIY,cox2|xo|maoa,cox2:0; xo:conflict; maoa:0,cox2:0; xo:1; maoa:1,cox2:4.54; xo:5.55; maoa:5.55,Quercetin,Quercetin,749,Azadirachta INDICA A. Juss.,HIGH,https://doi.org/10.1016/j.jksus.2021.101541,3,1,,,
IKGXIBQEEMLURG,xo|maoa,xo:0; maoa:0,xo:0; maoa:1,xo:4.28; maoa:5.41,Rutin,Rutin,749,Azadirachta INDICA A. Juss.,HIGH,https://doi.org/10.3390/ph11030076,3,1,,,
IKGXIBQEEMLURG,xo|maoa,xo:0; maoa:0,xo:0; maoa:1,xo:4.28; maoa:5.41,Rutin,Rutin,760,Bauhinia MALABARICA Roxb.,HIGH,"ISBN:9780387706375, ISBN:9788185042084",3,1,,,
REFJWTPEDVJJIY,cox2|xo|maoa,cox2:0; xo:conflict; maoa:0,cox2:0; xo:1; maoa:1,cox2:4.54; xo:5.55; maoa:5.55,Quercetin,Quercetin,761,Bauhinia PURPUREA L.,HIGH,https://doi.org/10.1007/s12088-012-0264-0,3,1,,,
IKGXIBQEEMLURG,xo|maoa,xo:0; maoa:0,xo:0; maoa:1,xo:4.28; maoa:5.41,Rutin,Rutin,761,Bauhinia PURPUREA L.,HIGH,https://doi.org/10.1007/s12088-012-0264-0,3,1,,,
IZQSVPBOUDKVDZ,xo,0,1,5.60,Isorhamnetin,Isorhamnetin,776,Spermacoce articularis L.f.,HIGH,EMPTY,0,1,,,
PACBGANPVNHGNP,maoa,0,1,5.00,"4,4?-dihydroxy-2?-methoxy-chalcone","4,4'-Dihydroxy-2'-methoxychalcone",786,Caesalpinia BONDUC (L.) Roxb.,HIGH,https://doi.org/10.1177/1177932218821371,0,1,,,
IYRMWMYZSQPJKC,xo,0,1,5.97,Kaemperol,Kaempferol,786,Caesalpinia BONDUC (L.) Roxb.,MEDIUM,https://doi.org/10.4103/2221-1691.244172,1,1,,,
IQPNAANSBPBGFQ,xo|maoa,xo:conflict; maoa:0,xo:conflict; maoa:1,xo:5.33; maoa:5.19,Luteolin,Luteolin,786,Caesalpinia BONDUC (L.) Roxb.,HIGH,https://doi.org/10.1177/1177932218821371,2,1,,,
IKMDFBPHZNJCSN,xo|maoa,xo:0; maoa:0,xo:1; maoa:1,xo:5.62; maoa:5.00,Myricitin,Myricetin,786,Caesalpinia BONDUC (L.) Roxb.,HIGH,https://doi.org/10.4103/2221-1691.244169,0,1,,,
REFJWTPEDVJJIY,cox2|xo|maoa,cox2:0; xo:conflict; maoa:0,cox2:0; xo:1; maoa:1,cox2:4.54; xo:5.55; maoa:5.55,Quercetin,Quercetin,786,Caesalpinia BONDUC (L.) Roxb.,HIGH,https://doi.org/10.4103/2221-1691.244171,3,1,,,
IZQSVPBOUDKVDZ,xo,0,1,5.60,Quercetin-3-methyl,Isorhamnetin,786,Caesalpinia BONDUC (L.) Roxb.,MEDIUM,https://doi.org/10.1177/1177932218821371,0,1,,,
IKGXIBQEEMLURG,xo|maoa,xo:0; maoa:0,xo:0; maoa:1,xo:4.28; maoa:5.41,Rutin hydrate,Rutin trihydrate,786,Caesalpinia BONDUC (L.) Roxb.,HIGH,https://doi.org/10.4103/2221-1691.244168,3,1,,,
DTOSIQBPPRVQHS,cox1,0,1,5.40,linolenic acid,Linolenic Acid,786,Caesalpinia BONDUC (L.) Roxb.,HIGH,[PDF] Caesalpinia bonduc: A Ubiquitous yet Remarkable Tropical Plant Owing Various Promising Pharmacological and Medicinal Properties with SpecialReferences to the Seed | Semantic Scholar,0,1,,,
IKGXIBQEEMLURG,xo|maoa,xo:0; maoa:0,xo:0; maoa:1,xo:4.28; maoa:5.41,Rutin,Rutin,794,Calotropis PROCERA (Aiton) Dryand.,HIGH,https://doi.org/10.3390/molecules26040905,3,1,,,
KZNIFHPLKGYRTM,cox2|xo|maoa,cox2:0; xo:1; maoa:0,cox2:1; xo:1; maoa:1,cox2:5.10; xo:6.16; maoa:5.81,Apigenin,Apigenin,796,Camellia sinensis (L.) O. Kuntze.,HIGH,PMID: 8237118,0,1,,,
RSYUFYQTACJFML,cox1|cox2,cox1:0; cox2:0,cox1:1; cox2:0,cox1:5.01; cox2:4.16,Epiafzelechin,(-)-Epiafzelechin,796,Camellia sinensis (L.) O. Kuntze.,HIGH,https://doi.org/10.1016/j.imu.2022.101002,0,1,,,
XHEFDIBZLJXQHF,xo,0,1,5.36,Fisetin,Fisetin,796,Camellia sinensis (L.) O. Kuntze.,HIGH,PMID: 20183820,2,1,,,
TZBJGXHYKVUXJN,cox1|xo|maoa,cox1:0; xo:0; maoa:0,cox1:0; xo:1; maoa:1,cox1:4.10; xo:5.45; maoa:5.41,Genistein,Genistein,796,Camellia sinensis (L.) O. Kuntze.,HIGH,PMID: 12809364,2,1,,,
IKMDFBPHZNJCSN,xo|maoa,xo:0; maoa:0,xo:1; maoa:1,xo:5.62; maoa:5.00,Myricetin,Myricetin,796,Camellia sinensis (L.) O. Kuntze.,HIGH,https://doi.org/10.1016/S0963-9969,0,1,,,
LUKBXSAWLPMMSZ,cox1|cox2|maoa,cox1:0; cox2:conflict; maoa:conflict,cox1:1; cox2:conflict; maoa:conflict,cox1:5.96; cox2:5.30; maoa:4.80,Resveratrol,Resveratrol,796,Camellia sinensis (L.) O. Kuntze.,HIGH,PMID: 16390204,3,1,,,
IKGXIBQEEMLURG,xo|maoa,xo:0; maoa:0,xo:0; maoa:1,xo:4.28; maoa:5.41,Rutin,Rutin,796,Camellia sinensis (L.) O. Kuntze.,HIGH,PMID: 20183820,3,1,,,
KZNIFHPLKGYRTM,cox2|xo|maoa,cox2:0; xo:1; maoa:0,cox2:1; xo:1; maoa:1,cox2:5.10; xo:6.16; maoa:5.81,apigenin,Apigenin,799,Cannabis SATIVA L.,HIGH,https://doi.org/10.1021/acs.jafc.3c06616,0,1,,,
IZQSVPBOUDKVDZ,xo,0,1,5.60,isorhamnetin,Isorhamnetin,799,Cannabis SATIVA L.,HIGH,https://doi.org/10.1021/acs.jafc.3c06616,0,1,,,
IYRMWMYZSQPJKC,xo,0,1,5.97,kaempferol,Kaempferol,799,Cannabis SATIVA L.,HIGH,https://doi.org/10.1021/acs.jafc.3c06616,1,1,,,
DTOSIQBPPRVQHS,cox1,0,1,5.40,linolenic acid,Linolenic Acid,799,Cannabis SATIVA L.,HIGH,https://doi.org/10.3969/j.issn.2096-2428.2017.01.002,0,1,,,
IKMDFBPHZNJCSN,xo|maoa,xo:0; maoa:0,xo:1; maoa:1,xo:5.62; maoa:5.00,myricetin,Myricetin,799,Cannabis SATIVA L.,HIGH,https://doi.org/10.1021/acs.jafc.3c06616,0,1,,,
IBGBGRVKPALMCQ,cox2,0,0,4.71,protocatecuic aldehyde,"3,4-Dihydroxybenzaldehyde",799,Cannabis SATIVA L.,MEDIUM,https://doi.org/10.1021/acs.jafc.3c06616,0,1,,,
REFJWTPEDVJJIY,cox2|xo|maoa,cox2:0; xo:conflict; maoa:0,cox2:0; xo:1; maoa:1,cox2:4.54; xo:5.55; maoa:5.55,quercetin,Quercetin,799,Cannabis SATIVA L.,HIGH,https://doi.org/10.1021/acs.jafc.3c06616,3,1,,,
DTOSIQBPPRVQHS,cox1,0,1,5.40,Linolenic acid,Linolenic Acid,802,Solenaamplexicaulis(lam.) gandhi.,HIGH,EMPTY,0,1,,,
QJVXKWHHAMZTBY,cox1,0,0,4.44,Syringin,Syringin,810,Sida acuta Burm. f.,HIGH,EMPTY,0,1,,,
KZNIFHPLKGYRTM,cox2|xo|maoa,cox2:0; xo:1; maoa:0,cox2:1; xo:1; maoa:1,cox2:5.10; xo:6.16; maoa:5.81,Apigenin,Apigenin,812,Hibiscus schizopetalus (Mast.) Hook. f.,HIGH,https://doi.org/10.3390/antibiotics9110756,0,1,,,
IYRMWMYZSQPJKC,xo,0,1,5.97,Kaempferol,Kaempferol,812,Hibiscus schizopetalus (Mast.) Hook. f.,HIGH,https://doi.org/10.3390/antibiotics9110756,1,1,,,
DTOSIQBPPRVQHS,cox1,0,1,5.40,Linolenic acid,Linolenic Acid,812,Hibiscus schizopetalus (Mast.) Hook. f.,HIGH,https://doi.org/10.3390/antibiotics9110756,0,1,,,
IKMDFBPHZNJCSN,xo|maoa,xo:0; maoa:0,xo:1; maoa:1,xo:5.62; maoa:5.00,Myricetin,Myricetin,812,Hibiscus schizopetalus (Mast.) Hook. f.,HIGH,https://doi.org/10.3390/antibiotics9110756,0,1,,,
REFJWTPEDVJJIY,cox2|xo|maoa,cox2:0; xo:conflict; maoa:0,cox2:0; xo:1; maoa:1,cox2:4.54; xo:5.55; maoa:5.55,Quercetin,Quercetin,812,Hibiscus schizopetalus (Mast.) Hook. f.,HIGH,https://doi.org/10.3390/antibiotics9110756,3,1,,,
IKGXIBQEEMLURG,xo|maoa,xo:0; maoa:0,xo:0; maoa:1,xo:4.28; maoa:5.41,Rutin,Rutin,812,Hibiscus schizopetalus (Mast.) Hook. f.,HIGH,https://doi.org/10.3390/antibiotics9110756,3,1,,,
IQPNAANSBPBGFQ,xo|maoa,xo:conflict; maoa:0,xo:conflict; maoa:1,xo:5.33; maoa:5.19,Luteolin,Luteolin,819,Melochia corchorifolia L.,HIGH,https://www.researchgate.net/profile/Felix-Chad/publication/390175188_Phytochemical_Profiling_and_Anticancer_Potential_of_Melochia_corchorifolia_Leaf_Extract_A_Molecular_Docking_Study_Targeting_Breast_Cancer_Estrogen_Receptor/links/67e3654972f7f37c3e8e7011/Phytochemical-Profiling-and-Anticancer-Potential-of-Melochia-corchorifolia-Leaf-Extract-A-Molecular-Docking-Study-Targeting-Breast-Cancer-Estrogen-Receptor.pdf,2,1,,,
REFJWTPEDVJJIY,cox2|xo|maoa,cox2:0; xo:conflict; maoa:0,cox2:0; xo:1; maoa:1,cox2:4.54; xo:5.55; maoa:5.55,Quercetin,Quercetin,819,Melochia corchorifolia L.,HIGH,https://www.researchgate.net/profile/Felix-Chad/publication/390175188_Phytochemical_Profiling_and_Anticancer_Potential_of_Melochia_corchorifolia_Leaf_Extract_A_Molecular_Docking_Study_Targeting_Breast_Cancer_Estrogen_Receptor/links/67e3654972f7f37c3e8e7011/Phytochemical-Profiling-and-Anticancer-Potential-of-Melochia-corchorifolia-Leaf-Extract-A-Molecular-Docking-Study-Targeting-Breast-Cancer-Estrogen-Receptor.pdf,3,1,,,
OTAFHZMPRISVEM,maoa,0,0,4.40,Chromone,Chromone,829,Dillenia indica L.,HIGH,https://doi.org/10.21786/bbrc/13.2/81,0,1,,,
IZQSVPBOUDKVDZ,xo,0,1,5.60,Isorhamnetin,Isorhamnetin,843,Bougainvillea spectabilis Willd,HIGH,ISBN:9770972795006,0,1,,,
REFJWTPEDVJJIY,cox2|xo|maoa,cox2:0; xo:conflict; maoa:0,cox2:0; xo:1; maoa:1,cox2:4.54; xo:5.55; maoa:5.55,Quercetin,Quercetin,843,Bougainvillea spectabilis Willd,HIGH,ISBN:9770972795006,3,1,,,
KZNIFHPLKGYRTM,cox2|xo|maoa,cox2:0; xo:1; maoa:0,cox2:1; xo:1; maoa:1,cox2:5.10; xo:6.16; maoa:5.81,Apigenin,Apigenin,865,Cardiospermum HALICACABUML.,HIGH,ISBN:9788172362089,0,1,,,
DTOSIQBPPRVQHS,cox1,0,1,5.40,Linolenic acid,Linolenic Acid,865,Cardiospermum HALICACABUML.,HIGH,"ISBN:9770972795006, ISBN:9788172362089",0,1,,,
IQPNAANSBPBGFQ,xo|maoa,xo:conflict; maoa:0,xo:conflict; maoa:1,xo:5.33; maoa:5.19,Luteolin,Luteolin,865,Cardiospermum HALICACABUML.,HIGH,ISBN:9788172362089,2,1,,,
IKGXIBQEEMLURG,xo|maoa,xo:0; maoa:0,xo:0; maoa:1,xo:4.28; maoa:5.41,Rutin,Rutin,865,Cardiospermum HALICACABUML.,HIGH,PMID:22557189,3,1,,,
DTOSIQBPPRVQHS,cox1,0,1,5.40,"9,12,15-Octadecatrienoic Acid",Linolenic Acid,867,Carica PAPAYA L.,HIGH,"Chemical Compounds Content Determination and a Pharmacognostic Parameter of Pepaya (Carica papaya, Linn.) Leaves Ethanol Extract",0,1,,,
DTOSIQBPPRVQHS,cox1,0,1,5.40,Linolenic acid,Linolenic Acid,867,Carica PAPAYA L.,HIGH,https://doi.org/10.1002/ffj.1248,0,1,,,
REFJWTPEDVJJIY,cox2|xo|maoa,cox2:0; xo:conflict; maoa:0,cox2:0; xo:1; maoa:1,cox2:4.54; xo:5.55; maoa:5.55,Quercetin,Quercetin,867,Carica PAPAYA L.,HIGH,https://doi.org/10.4103/pm.pm_326_20,3,1,,,
QYPPJABKJHAVHS,maoa,0,0,4.00,(4-Aminobutyl)guanidine,Agmatine,872,Cassia FISTULA L.,HIGH,https://doi.org/10.17675/2305-6894-2022-11-3-14,0,1,,,
DTOSIQBPPRVQHS,cox1,0,1,5.40,"9,12,15-Octadecatrienoic acid (alpha.-Linolenic acid)",Linolenic Acid,872,Cassia FISTULA L.,MEDIUM,"https://www.phytojournal.com/archives/
2019/vol8issue2/PartW/8-1-200-428.pdf",0,1,,,
YDQWDHRMZQUTBA,maoa,0,1,5.75,Aloe-emodin,Aloe emodin,872,Cassia FISTULA L.,HIGH,"https://www.cell.com/heliyon/
pdf/S2405-8440(22)01539-0.pdf",0,1,,,
KZNIFHPLKGYRTM,cox2|xo|maoa,cox2:0; xo:1; maoa:0,cox2:1; xo:1; maoa:1,cox2:5.10; xo:6.16; maoa:5.81,Apigenin,Apigenin,872,Cassia FISTULA L.,HIGH,"https://www.cell.com/heliyon/
pdf/S2405-8440(22)01539-0.pdf",0,1,,,
AGNFWIZBEATIAK,maoa,0,0,4.51,Benzenebutanamine,Benzenebutanamine,872,Cassia FISTULA L.,HIGH,https://doi.org/10.3329/BJB.V51I2.60438,0,1,,,
RHMXXJGYXNZAPX,maoa,0,1,5.37,Emodin,Emodin,872,Cassia FISTULA L.,HIGH,https://www.mdpi.com/1420-3049/23/7/1501,0,1,,,
IYRMWMYZSQPJKC,xo,0,1,5.97,Kaempferol,Kaempferol,872,Cassia FISTULA L.,HIGH,"https://www.cell.com/heliyon/
pdf/S2405-8440(22)01539-0.pdf",1,1,,,
IQPNAANSBPBGFQ,xo|maoa,xo:conflict; maoa:0,xo:conflict; maoa:1,xo:5.33; maoa:5.19,Luteolin,Luteolin,872,Cassia FISTULA L.,HIGH,"https://www.cell.com/heliyon/
pdf/S2405-8440(22)01539-0.pdf",2,1,,,
REFJWTPEDVJJIY,cox2|xo|maoa,cox2:0; xo:conflict; maoa:0,cox2:0; xo:1; maoa:1,cox2:4.54; xo:5.55; maoa:5.55,Quercetin,Quercetin,872,Cassia FISTULA L.,HIGH,"https://www.cell.com/heliyon/
pdf/S2405-8440(22)01539-0.pdf",3,1,,,
IKGXIBQEEMLURG,xo|maoa,xo:0; maoa:0,xo:0; maoa:1,xo:4.28; maoa:5.41,Rutin,Rutin,872,Cassia FISTULA L.,HIGH,https://www.mdpi.com/1420-3049/23/7/1501,3,1,,,
YDQWDHRMZQUTBA,maoa,0,1,5.75,Aloe emodin,Aloe emodin,874,Senna occidentalis (L.) Link,HIGH,EMPTY,0,1,,,
KZNIFHPLKGYRTM,cox2|xo|maoa,cox2:0; xo:1; maoa:0,cox2:1; xo:1; maoa:1,cox2:5.10; xo:6.16; maoa:5.81,Apigenin,Apigenin,874,Senna occidentalis (L.) Link,HIGH,EMPTY,0,1,,,
QBPFLULOKWLNNW,maoa,0,0,4.97,Danthron,"1,8-Dihydroxyanthraquinone",874,Senna occidentalis (L.) Link,HIGH,EMPTY,4,1,,,
RHMXXJGYXNZAPX,maoa,0,1,5.37,Emodin,Emodin,874,Senna occidentalis (L.) Link,HIGH,EMPTY,0,1,,,
IQPNAANSBPBGFQ,xo|maoa,xo:conflict; maoa:0,xo:conflict; maoa:1,xo:5.33; maoa:5.19,Luteolin,Luteolin,874,Senna occidentalis (L.) Link,HIGH,EMPTY,2,1,,,
REFJWTPEDVJJIY,cox2|xo|maoa,cox2:0; xo:conflict; maoa:0,cox2:0; xo:1; maoa:1,cox2:4.54; xo:5.55; maoa:5.55,Quercetin,Quercetin,874,Senna occidentalis (L.) Link,HIGH,EMPTY,3,1,,,
RHMXXJGYXNZAPX,maoa,0,1,5.37,Emodin,Emodin,875,Senna sophera (L.) Roxb.,HIGH,EMPTY,0,1,,,
REFJWTPEDVJJIY,cox2|xo|maoa,cox2:0; xo:conflict; maoa:0,cox2:0; xo:1; maoa:1,cox2:4.54; xo:5.55; maoa:5.55,Quercetin,Quercetin,875,Senna sophera (L.) Roxb.,HIGH,EMPTY,3,1,,,
DTOSIQBPPRVQHS,cox1,0,1,5.40,"9,12,15-Octadecatrienoic acid",Linolenic Acid,878,Catharanthus roseus (L.) G.Don,HIGH,https://doi.org/10.22159/ajpcr.2019.v12i3,0,1,,,
DTOSIQBPPRVQHS,cox1,0,1,5.40,Ancistrocladine,Linolenic Acid,883,Celosia ARGENTEA L.,LOW,"ISBN:9770972795006, ISBN:9788185042114",0,1,,,
DTOSIQBPPRVQHS,cox1,0,1,5.40,Linolenic acid,Linolenic Acid,883,Celosia ARGENTEA L.,HIGH,ISBN:9788172363130,0,1,,,
DTOSIQBPPRVQHS,cox1,0,1,5.40,"9,12,15-octadecatrienoic acid,(z,z,z)-",Linolenic Acid,897,Centella ASIATICA (L.) Urban.,HIGH,https://doi.org/10.9734/AJOCS/2020/v8i319046,0,1,,,
ZZIALNLLNHEQPJ,maoa,0,1,5.70,Coumestrol,Coumestrol,897,Centella ASIATICA (L.) Urban.,HIGH,https://doi.org/10.9734/AJOCS/2020/v8i319046,0,1,,,
DTOSIQBPPRVQHS,cox1,0,1,5.40,Linolenic acid,Linolenic Acid,897,Centella ASIATICA (L.) Urban.,HIGH,https://doi.org/10.35248/2167-0412.20.9.346,0,1,,,
REFJWTPEDVJJIY,cox2|xo|maoa,cox2:0; xo:conflict; maoa:0,cox2:0; xo:1; maoa:1,cox2:4.54; xo:5.55; maoa:5.55,quercetin,Quercetin,897,Centella ASIATICA (L.) Urban.,HIGH,https://doi.org/10.1080/1539445X.2023.2243922,3,1,,,
REFJWTPEDVJJIY,cox2|xo|maoa,cox2:0; xo:conflict; maoa:0,cox2:0; xo:1; maoa:1,cox2:4.54; xo:5.55; maoa:5.55,Quercetin,Quercetin,901,Chenopodium ALBUM L.,HIGH,ISBN:9788172363130,3,1,,,
IKGXIBQEEMLURG,xo|maoa,xo:0; maoa:0,xo:0; maoa:1,xo:4.28; maoa:5.41,Rutin,Rutin,901,Chenopodium ALBUM L.,HIGH,PMID:18553886,3,1,,,
SCCDQYPEOIRVGX,cox1,0,1,5.52,Acetyleugenol,Eugenyl Acetate,906,Cinnamomum TAMALA Nees,HIGH,https://doi.org/10.1080/0972060x.2012.10644123,0,1,,,
RHMXXJGYXNZAPX,maoa,0,1,5.37,Emodin,Emodin,906,Cinnamomum TAMALA Nees,HIGH,https://doi.org/10.3390/molecules27092935,0,1,,,
SCCDQYPEOIRVGX,cox1,0,1,5.52,Eugenyl acetate,Eugenyl Acetate,906,Cinnamomum TAMALA Nees,HIGH,https://doi.org/10.1080/0972060X.2018.1497546,0,1,,,
DTOSIQBPPRVQHS,cox1,0,1,5.40,Linolenic acid,Linolenic Acid,906,Cinnamomum TAMALA Nees,HIGH,https://doi.org/10.20944/preprints202403.0797.v1,0,1,,,
IBGBGRVKPALMCQ,cox2,0,0,4.71,Protocatechualdehyde,"3,4-Dihydroxybenzaldehyde",906,Cinnamomum TAMALA Nees,HIGH,https://doi.org/10.3390/molecules27092935,0,1,,,
KZNIFHPLKGYRTM,cox2|xo|maoa,cox2:0; xo:1; maoa:0,cox2:1; xo:1; maoa:1,cox2:5.10; xo:6.16; maoa:5.81,Apigenin,Apigenin,151,Vitex NEGUNDO L.,HIGH,EMPTY,0,1,,,
IYRMWMYZSQPJKC,xo,0,1,5.97,Kaempferol,Kaempferol,151,Vitex NEGUNDO L.,HIGH,EMPTY,1,1,,,
DTOSIQBPPRVQHS,cox1,0,1,5.40,Linolenic acid,Linolenic Acid,151,Vitex NEGUNDO L.,HIGH,EMPTY,0,1,,,
IQPNAANSBPBGFQ,xo|maoa,xo:conflict; maoa:0,xo:conflict; maoa:1,xo:5.33; maoa:5.19,Luteolin,Luteolin,151,Vitex NEGUNDO L.,HIGH,EMPTY,2,1,,,
IKMDFBPHZNJCSN,xo|maoa,xo:0; maoa:0,xo:1; maoa:1,xo:5.62; maoa:5.00,Myricetin,Myricetin,151,Vitex NEGUNDO L.,HIGH,EMPTY,0,1,,,
REFJWTPEDVJJIY,cox2|xo|maoa,cox2:0; xo:conflict; maoa:0,cox2:0; xo:1; maoa:1,cox2:4.54; xo:5.55; maoa:5.55,Quercetin,Quercetin,151,Vitex NEGUNDO L.,HIGH,EMPTY,3,1,,,
LCVACABZTLIWCE,xo,1,1,6.19,Gomezine,nan,203,Tabernaemontana DIVARICATA (L.) R.Br. ex Roem. & Schult.,HIGH,EMPTY,0,1,,,
IYRMWMYZSQPJKC,xo,0,1,5.97,Kaempferol,Kaempferol,203,Tabernaemontana DIVARICATA (L.) R.Br. ex Roem. & Schult.,HIGH,EMPTY,1,1,,,
REFJWTPEDVJJIY,cox2|xo|maoa,cox2:0; xo:conflict; maoa:0,cox2:0; xo:1; maoa:1,cox2:4.54; xo:5.55; maoa:5.55,Quercetin,Quercetin,203,Tabernaemontana DIVARICATA (L.) R.Br. ex Roem. & Schult.,HIGH,EMPTY,3,1,,,
KZNIFHPLKGYRTM,cox2|xo|maoa,cox2:0; xo:1; maoa:0,cox2:1; xo:1; maoa:1,cox2:5.10; xo:6.16; maoa:5.81,Apigenin,Apigenin,207,Syzygium CUMINI (L.) Skeel.,HIGH,https://doi.org/10.1007/s12161-021-02087-0,0,1,,,
SUTUBQHKZRNZRA,cox1|cox2,cox1:0; cox2:0,cox1:0; cox2:0,cox1:4.75; cox2:4.70,Eugenin,Eugenin,207,Syzygium CUMINI (L.) Skeel.,HIGH,EMPTY,0,1,,,
IYRMWMYZSQPJKC,xo,0,1,5.97,Kaempferol,Kaempferol,207,Syzygium CUMINI (L.) Skeel.,HIGH,https://doi.org/10.1007/s13197-017-2651-3,1,1,,,
IKMDFBPHZNJCSN,xo|maoa,xo:0; maoa:0,xo:1; maoa:1,xo:5.62; maoa:5.00,Myricetin,Myricetin,207,Syzygium CUMINI (L.) Skeel.,HIGH,https://doi.org/10.1007/s13197-017-2651-3,0,1,,,
REFJWTPEDVJJIY,cox2|xo|maoa,cox2:0; xo:conflict; maoa:0,cox2:0; xo:1; maoa:1,cox2:4.54; xo:5.55; maoa:5.55,Quercetin,Quercetin,207,Syzygium CUMINI (L.) Skeel.,HIGH,https://doi.org/10.1007/s13197-017-2651-3,3,1,,,
KZNIFHPLKGYRTM,cox2|xo|maoa,cox2:0; xo:1; maoa:0,cox2:1; xo:1; maoa:1,cox2:5.10; xo:6.16; maoa:5.81,apigenin,Apigenin,207,Syzygium CUMINI (L.) Skeel.,HIGH,https://doi.org/10.1007/s13197-017-2651-3,0,1,,,
FAKRSMQSSFJEIM,cox1|cox2,cox1:0; cox2:0,cox1:0; cox2:0,cox1:4.77; cox2:4.92,captopril,Captopril,207,Syzygium CUMINI (L.) Skeel.,HIGH,https://doi.org/10.1007/s13197-017-2651-3,4,1,,,
IKMDFBPHZNJCSN,xo|maoa,xo:0; maoa:0,xo:1; maoa:1,xo:5.62; maoa:5.00,myricetin,Myricetin,207,Syzygium CUMINI (L.) Skeel.,HIGH,https://doi.org/10.1016/j.jff.2017.09.018,0,1,,,
IKGXIBQEEMLURG,xo|maoa,xo:0; maoa:0,xo:0; maoa:1,xo:4.28; maoa:5.41,rutin,Rutin,207,Syzygium CUMINI (L.) Skeel.,HIGH,https://doi.org/10.1016/j.jff.2017.09.018,3,1,,,
REFJWTPEDVJJIY,cox2|xo|maoa,cox2:0; xo:conflict; maoa:0,cox2:0; xo:1; maoa:1,cox2:4.54; xo:5.55; maoa:5.55,Quercetin,Quercetin,232,Solanum MELONGENA L.,HIGH,EMPTY,3,1,,,
QJVXKWHHAMZTBY,cox1,0,0,4.44,Syringin,Syringin,240,Sida ACUTA Burm. f.,HIGH,EMPTY,0,1,,,
DTOSIQBPPRVQHS,cox1,0,1,5.40,Linolenic acid,Linolenic Acid,253,Schleichera OLEOSA (Lour.) Oken,HIGH,EMPTY,0,1,,,
DTOSIQBPPRVQHS,cox1,0,1,5.40,Linolenic acid,Linolenic Acid,257,Saraca ASOCA (Roxb.) De Wilde.,HIGH,EMPTY,0,1,,,
REFJWTPEDVJJIY,cox2|xo|maoa,cox2:0; xo:conflict; maoa:0,cox2:0; xo:1; maoa:1,cox2:4.54; xo:5.55; maoa:5.55,Quercetin,Quercetin,257,Saraca ASOCA (Roxb.) De Wilde.,HIGH,EMPTY,3,1,,,
KIGVXRGRNLQNNI,xo,0,0,4.44,Axillarin,Axillarin,265,Saccharum OFFICINARUM L.,HIGH,EMPTY,0,1,,,
DTOSIQBPPRVQHS,cox1,0,1,5.40,Linolenic acid,Linolenic Acid,265,Saccharum OFFICINARUM L.,HIGH,EMPTY,0,1,,,
