target,target_name,threshold,similarity_bin,bin_range,N,actives,inactives,metric,metric_value,ci_lower,ci_upper,evaluation_type,notes
cox1,COX-1 (PTGS1) [Run (a) As-Is],6,< 0.20,"[0.00, 0.20)",2,1,1,Spearman Rank rho,Unavailable (N < 3 or constant values),N/A,N/A,Descriptive (Insufficient N),Sample size N=2 insufficient for non-parametric rank correlation
cox1,COX-1 (PTGS1) [Run (a) As-Is],6,0.20-<0.30,"[0.20, 0.30)",2,0,2,Spearman Rank rho,Unavailable (N < 3 or constant values),N/A,N/A,Descriptive (Insufficient N),Sample size N=2 insufficient for non-parametric rank correlation
cox1,COX-1 (PTGS1) [Run (a) As-Is],6,0.30-<0.40,"[0.30, 0.40)",8,0,8,Spearman Rank rho,0.6429,N/A,N/A,Descriptive (p-value: 8.56e-02),Descriptive continuous ranking; no AUROC/AUPRC claimed per Stage 7B governance
cox1,COX-1 (PTGS1) [Run (a) As-Is],6,0.40-<0.50,"[0.40, 0.50)",5,0,5,Spearman Rank rho,0.1,N/A,N/A,Descriptive (p-value: 8.73e-01),Descriptive continuous ranking; no AUROC/AUPRC claimed per Stage 7B governance
cox1,COX-1 (PTGS1) [Run (a) As-Is],6,0.50-<0.60,"[0.50, 0.60)",6,1,5,Spearman Rank rho,0.0857,N/A,N/A,Descriptive (p-value: 8.72e-01),Descriptive continuous ranking; no AUROC/AUPRC claimed per Stage 7B governance
cox1,COX-1 (PTGS1) [Run (a) As-Is],6,>= 0.60,"[0.60, 1.00)",8,2,6,Spearman Rank rho,-0.6587,N/A,N/A,Descriptive (p-value: 7.57e-02),Descriptive continuous ranking; no AUROC/AUPRC claimed per Stage 7B governance
cox1,COX-1 (PTGS1) [Run (b) Curated],6,< 0.20,"[0.00, 0.20)",1,0,1,Spearman Rank rho,Unavailable (N < 3 or constant values),N/A,N/A,Descriptive (Insufficient N),Sample size N=1 insufficient for non-parametric rank correlation
cox1,COX-1 (PTGS1) [Run (b) Curated],6,0.20-<0.30,"[0.20, 0.30)",2,0,2,Spearman Rank rho,Unavailable (N < 3 or constant values),N/A,N/A,Descriptive (Insufficient N),Sample size N=2 insufficient for non-parametric rank correlation
cox1,COX-1 (PTGS1) [Run (b) Curated],6,0.30-<0.40,"[0.30, 0.40)",8,0,8,Spearman Rank rho,0.6429,N/A,N/A,Descriptive (p-value: 8.56e-02),Descriptive continuous ranking; no AUROC/AUPRC claimed per Stage 7B governance
cox1,COX-1 (PTGS1) [Run (b) Curated],6,0.40-<0.50,"[0.40, 0.50)",5,0,5,Spearman Rank rho,0.1,N/A,N/A,Descriptive (p-value: 8.73e-01),Descriptive continuous ranking; no AUROC/AUPRC claimed per Stage 7B governance
cox1,COX-1 (PTGS1) [Run (b) Curated],6,0.50-<0.60,"[0.50, 0.60)",5,0,5,Spearman Rank rho,-0.6,N/A,N/A,Descriptive (p-value: 2.85e-01),Descriptive continuous ranking; no AUROC/AUPRC claimed per Stage 7B governance
cox1,COX-1 (PTGS1) [Run (b) Curated],6,>= 0.60,"[0.60, 1.00)",8,2,6,Spearman Rank rho,-0.6587,N/A,N/A,Descriptive (p-value: 7.57e-02),Descriptive continuous ranking; no AUROC/AUPRC claimed per Stage 7B governance
cox1,COX-1 (PTGS1) [Run (a) As-Is],5,< 0.20,"[0.00, 0.20)",2,1,1,Spearman Rank rho,Unavailable (N < 3 or constant values),N/A,N/A,Descriptive (Insufficient N),Sample size N=2 insufficient for non-parametric rank correlation
cox1,COX-1 (PTGS1) [Run (a) As-Is],5,0.20-<0.30,"[0.20, 0.30)",2,1,1,Spearman Rank rho,Unavailable (N < 3 or constant values),N/A,N/A,Descriptive (Insufficient N),Sample size N=2 insufficient for non-parametric rank correlation
cox1,COX-1 (PTGS1) [Run (a) As-Is],5,0.30-<0.40,"[0.30, 0.40)",8,2,6,Spearman Rank rho,0.0476,N/A,N/A,Descriptive (p-value: 9.11e-01),Descriptive continuous ranking; no AUROC/AUPRC claimed per Stage 7B governance
cox1,COX-1 (PTGS1) [Run (a) As-Is],5,0.40-<0.50,"[0.40, 0.50)",5,2,3,Spearman Rank rho,-0.5,N/A,N/A,Descriptive (p-value: 3.91e-01),Descriptive continuous ranking; no AUROC/AUPRC claimed per Stage 7B governance
cox1,COX-1 (PTGS1) [Run (a) As-Is],5,0.50-<0.60,"[0.50, 0.60)",6,2,4,Spearman Rank rho,0.1429,N/A,N/A,Descriptive (p-value: 7.87e-01),Descriptive continuous ranking; no AUROC/AUPRC claimed per Stage 7B governance
cox1,COX-1 (PTGS1) [Run (a) As-Is],5,>= 0.60,"[0.60, 1.00)",8,4,4,Spearman Rank rho,0.0238,N/A,N/A,Descriptive (p-value: 9.55e-01),Descriptive continuous ranking; no AUROC/AUPRC claimed per Stage 7B governance
cox1,COX-1 (PTGS1) [Run (b) Curated],5,< 0.20,"[0.00, 0.20)",1,0,1,Spearman Rank rho,Unavailable (N < 3 or constant values),N/A,N/A,Descriptive (Insufficient N),Sample size N=1 insufficient for non-parametric rank correlation
cox1,COX-1 (PTGS1) [Run (b) Curated],5,0.20-<0.30,"[0.20, 0.30)",2,1,1,Spearman Rank rho,Unavailable (N < 3 or constant values),N/A,N/A,Descriptive (Insufficient N),Sample size N=2 insufficient for non-parametric rank correlation
cox1,COX-1 (PTGS1) [Run (b) Curated],5,0.30-<0.40,"[0.30, 0.40)",8,2,6,Spearman Rank rho,0.0476,N/A,N/A,Descriptive (p-value: 9.11e-01),Descriptive continuous ranking; no AUROC/AUPRC claimed per Stage 7B governance
cox1,COX-1 (PTGS1) [Run (b) Curated],5,0.40-<0.50,"[0.40, 0.50)",5,2,3,Spearman Rank rho,-0.5,N/A,N/A,Descriptive (p-value: 3.91e-01),Descriptive continuous ranking; no AUROC/AUPRC claimed per Stage 7B governance
cox1,COX-1 (PTGS1) [Run (b) Curated],5,0.50-<0.60,"[0.50, 0.60)",5,1,4,Spearman Rank rho,-0.5,N/A,N/A,Descriptive (p-value: 3.91e-01),Descriptive continuous ranking; no AUROC/AUPRC claimed per Stage 7B governance
cox1,COX-1 (PTGS1) [Run (b) Curated],5,>= 0.60,"[0.60, 1.00)",8,4,4,Spearman Rank rho,0.0238,N/A,N/A,Descriptive (p-value: 9.55e-01),Descriptive continuous ranking; no AUROC/AUPRC claimed per Stage 7B governance
cox2,COX-2 (PTGS2) [Run (a) As-Is],6,< 0.20,"[0.00, 0.20)",1,0,1,Spearman Rank rho,Unavailable (N < 3 or constant values),N/A,N/A,Descriptive (Insufficient N),Sample size N=1 insufficient for non-parametric rank correlation
cox2,COX-2 (PTGS2) [Run (a) As-Is],6,0.20-<0.30,"[0.20, 0.30)",0,0,0,Spearman Rank rho,Unavailable (N < 3 or constant values),N/A,N/A,Descriptive (Insufficient N),Sample size N=0 insufficient for non-parametric rank correlation
cox2,COX-2 (PTGS2) [Run (a) As-Is],6,0.30-<0.40,"[0.30, 0.40)",4,1,3,Spearman Rank rho,0.6,N/A,N/A,Descriptive (p-value: 4.00e-01),Descriptive continuous ranking; no AUROC/AUPRC claimed per Stage 7B governance
cox2,COX-2 (PTGS2) [Run (a) As-Is],6,0.40-<0.50,"[0.40, 0.50)",7,0,7,Spearman Rank rho,-0.1429,N/A,N/A,Descriptive (p-value: 7.60e-01),Descriptive continuous ranking; no AUROC/AUPRC claimed per Stage 7B governance
cox2,COX-2 (PTGS2) [Run (a) As-Is],6,0.50-<0.60,"[0.50, 0.60)",5,0,5,Spearman Rank rho,-0.1026,N/A,N/A,Descriptive (p-value: 8.70e-01),Descriptive continuous ranking; no AUROC/AUPRC claimed per Stage 7B governance
cox2,COX-2 (PTGS2) [Run (a) As-Is],6,>= 0.60,"[0.60, 1.00)",6,0,6,Spearman Rank rho,-0.1429,N/A,N/A,Descriptive (p-value: 7.87e-01),Descriptive continuous ranking; no AUROC/AUPRC claimed per Stage 7B governance
cox2,COX-2 (PTGS2) [Run (a) As-Is],5,< 0.20,"[0.00, 0.20)",1,1,0,Spearman Rank rho,Unavailable (N < 3 or constant values),N/A,N/A,Descriptive (Insufficient N),Sample size N=1 insufficient for non-parametric rank correlation
cox2,COX-2 (PTGS2) [Run (a) As-Is],5,0.20-<0.30,"[0.20, 0.30)",0,0,0,Spearman Rank rho,Unavailable (N < 3 or constant values),N/A,N/A,Descriptive (Insufficient N),Sample size N=0 insufficient for non-parametric rank correlation
cox2,COX-2 (PTGS2) [Run (a) As-Is],5,0.30-<0.40,"[0.30, 0.40)",4,1,3,Spearman Rank rho,0.8,N/A,N/A,Descriptive (p-value: 2.00e-01),Descriptive continuous ranking; no AUROC/AUPRC claimed per Stage 7B governance
cox2,COX-2 (PTGS2) [Run (a) As-Is],5,0.40-<0.50,"[0.40, 0.50)",7,1,6,Spearman Rank rho,-0.0714,N/A,N/A,Descriptive (p-value: 8.79e-01),Descriptive continuous ranking; no AUROC/AUPRC claimed per Stage 7B governance
cox2,COX-2 (PTGS2) [Run (a) As-Is],5,0.50-<0.60,"[0.50, 0.60)",5,1,4,Spearman Rank rho,-0.3,N/A,N/A,Descriptive (p-value: 6.24e-01),Descriptive continuous ranking; no AUROC/AUPRC claimed per Stage 7B governance
cox2,COX-2 (PTGS2) [Run (a) As-Is],5,>= 0.60,"[0.60, 1.00)",6,2,4,Spearman Rank rho,-0.0286,N/A,N/A,Descriptive (p-value: 9.57e-01),Descriptive continuous ranking; no AUROC/AUPRC claimed per Stage 7B governance
cox2,COX-2 (PTGS2) [Run (b) Curated],5,< 0.20,"[0.00, 0.20)",1,1,0,Spearman Rank rho,Unavailable (N < 3 or constant values),N/A,N/A,Descriptive (Insufficient N),Sample size N=1 insufficient for non-parametric rank correlation
cox2,COX-2 (PTGS2) [Run (b) Curated],5,0.20-<0.30,"[0.20, 0.30)",0,0,0,Spearman Rank rho,Unavailable (N < 3 or constant values),N/A,N/A,Descriptive (Insufficient N),Sample size N=0 insufficient for non-parametric rank correlation
cox2,COX-2 (PTGS2) [Run (b) Curated],5,0.30-<0.40,"[0.30, 0.40)",4,1,3,Spearman Rank rho,0.8,N/A,N/A,Descriptive (p-value: 2.00e-01),Descriptive continuous ranking; no AUROC/AUPRC claimed per Stage 7B governance
cox2,COX-2 (PTGS2) [Run (b) Curated],5,0.40-<0.50,"[0.40, 0.50)",7,1,6,Spearman Rank rho,-0.0714,N/A,N/A,Descriptive (p-value: 8.79e-01),Descriptive continuous ranking; no AUROC/AUPRC claimed per Stage 7B governance
cox2,COX-2 (PTGS2) [Run (b) Curated],5,0.50-<0.60,"[0.50, 0.60)",4,0,4,Spearman Rank rho,-0.8,N/A,N/A,Descriptive (p-value: 2.00e-01),Descriptive continuous ranking; no AUROC/AUPRC claimed per Stage 7B governance
cox2,COX-2 (PTGS2) [Run (b) Curated],5,>= 0.60,"[0.60, 1.00)",6,2,4,Spearman Rank rho,-0.0286,N/A,N/A,Descriptive (p-value: 9.57e-01),Descriptive continuous ranking; no AUROC/AUPRC claimed per Stage 7B governance
xo,Xanthine Oxidase (XDH),6,< 0.20,"[0.00, 0.20)",0,0,0,AUROC / AUPRC,Unavailable (Degenerate Class Counts),N/A,N/A,Quantitative (Degenerate),Bin contains 0 actives and 0 inactives; discrimination metric mathematically undefined
xo,Xanthine Oxidase (XDH),6,0.20-<0.30,"[0.20, 0.30)",2,1,1,AUROC,1.0,N/A,N/A,Quantitative (Small N),Class counts adequate for discrimination metric
xo,Xanthine Oxidase (XDH),6,0.20-<0.30,"[0.20, 0.30)",2,1,1,AUPRC,1.0,N/A,N/A,Quantitative (Small N),Base active rate in bin: 0.50
xo,Xanthine Oxidase (XDH),6,0.30-<0.40,"[0.30, 0.40)",2,0,2,AUROC / AUPRC,Unavailable (Degenerate Class Counts),N/A,N/A,Quantitative (Degenerate),Bin contains 0 actives and 2 inactives; discrimination metric mathematically undefined
xo,Xanthine Oxidase (XDH),6,0.40-<0.50,"[0.40, 0.50)",4,1,3,AUROC,1.0,N/A,N/A,Quantitative (Small N),Class counts adequate for discrimination metric
xo,Xanthine Oxidase (XDH),6,0.40-<0.50,"[0.40, 0.50)",4,1,3,AUPRC,1.0,N/A,N/A,Quantitative (Small N),Base active rate in bin: 0.25
xo,Xanthine Oxidase (XDH),6,0.50-<0.60,"[0.50, 0.60)",10,2,8,AUROC,1.0,1.0,1.0,Quantitative (Bootstrap 95% CI),Class counts adequate for discrimination metric
xo,Xanthine Oxidase (XDH),6,0.50-<0.60,"[0.50, 0.60)",10,2,8,AUPRC,1.0,1.0,1.0,Quantitative (Bootstrap 95% CI),Base active rate in bin: 0.20
xo,Xanthine Oxidase (XDH),6,>= 0.60,"[0.60, 1.00)",8,1,7,AUROC,0.8571,0.5714,1.0,Quantitative (Bootstrap 95% CI),Class counts adequate for discrimination metric
xo,Xanthine Oxidase (XDH),6,>= 0.60,"[0.60, 1.00)",8,1,7,AUPRC,0.5,0.3333,1.0,Quantitative (Bootstrap 95% CI),Base active rate in bin: 0.12
xo,Xanthine Oxidase (XDH),5,< 0.20,"[0.00, 0.20)",0,0,0,AUROC / AUPRC,Unavailable (Degenerate Class Counts),N/A,N/A,Quantitative (Degenerate),Bin contains 0 actives and 0 inactives; discrimination metric mathematically undefined
xo,Xanthine Oxidase (XDH),5,0.20-<0.30,"[0.20, 0.30)",2,1,1,AUROC,0.0,N/A,N/A,Quantitative (Small N),Class counts adequate for discrimination metric
xo,Xanthine Oxidase (XDH),5,0.20-<0.30,"[0.20, 0.30)",2,1,1,AUPRC,0.5,N/A,N/A,Quantitative (Small N),Base active rate in bin: 0.50
xo,Xanthine Oxidase (XDH),5,0.30-<0.40,"[0.30, 0.40)",2,1,1,AUROC,1.0,N/A,N/A,Quantitative (Small N),Class counts adequate for discrimination metric
xo,Xanthine Oxidase (XDH),5,0.30-<0.40,"[0.30, 0.40)",2,1,1,AUPRC,1.0,N/A,N/A,Quantitative (Small N),Base active rate in bin: 0.50
xo,Xanthine Oxidase (XDH),5,0.40-<0.50,"[0.40, 0.50)",4,2,2,AUROC,1.0,N/A,N/A,Quantitative (Small N),Class counts adequate for discrimination metric
xo,Xanthine Oxidase (XDH),5,0.40-<0.50,"[0.40, 0.50)",4,2,2,AUPRC,1.0,N/A,N/A,Quantitative (Small N),Base active rate in bin: 0.50
xo,Xanthine Oxidase (XDH),5,0.50-<0.60,"[0.50, 0.60)",10,8,2,AUROC,0.8125,0.494,1.0,Quantitative (Bootstrap 95% CI),Class counts adequate for discrimination metric
xo,Xanthine Oxidase (XDH),5,0.50-<0.60,"[0.50, 0.60)",10,8,2,AUPRC,0.9594,0.8143,1.0,Quantitative (Bootstrap 95% CI),Base active rate in bin: 0.80
xo,Xanthine Oxidase (XDH),5,>= 0.60,"[0.60, 1.00)",8,3,5,AUROC,0.8,0.4,1.0,Quantitative (Bootstrap 95% CI),Class counts adequate for discrimination metric
xo,Xanthine Oxidase (XDH),5,>= 0.60,"[0.60, 1.00)",8,3,5,AUPRC,0.7556,0.25,1.0,Quantitative (Bootstrap 95% CI),Base active rate in bin: 0.38
maoa,MAO-A (CHRFAM7A/MAOA),6,< 0.20,"[0.00, 0.20)",0,0,0,AUROC / AUPRC,Unavailable (Degenerate Class Counts),N/A,N/A,Quantitative (Degenerate),Bin contains 0 actives and 0 inactives; discrimination metric mathematically undefined
maoa,MAO-A (CHRFAM7A/MAOA),6,0.20-<0.30,"[0.20, 0.30)",2,1,1,AUROC,1.0,N/A,N/A,Quantitative (Small N),Class counts adequate for discrimination metric
maoa,MAO-A (CHRFAM7A/MAOA),6,0.20-<0.30,"[0.20, 0.30)",2,1,1,AUPRC,1.0,N/A,N/A,Quantitative (Small N),Base active rate in bin: 0.50
maoa,MAO-A (CHRFAM7A/MAOA),6,0.30-<0.40,"[0.30, 0.40)",6,3,3,AUROC,0.6667,0.1111,1.0,Quantitative (Bootstrap 95% CI),Class counts adequate for discrimination metric
maoa,MAO-A (CHRFAM7A/MAOA),6,0.30-<0.40,"[0.30, 0.40)",6,3,3,AUPRC,0.7556,0.25,1.0,Quantitative (Bootstrap 95% CI),Base active rate in bin: 0.50
maoa,MAO-A (CHRFAM7A/MAOA),6,0.40-<0.50,"[0.40, 0.50)",9,1,8,AUROC,0.5,0.125,0.8571,Quantitative (Bootstrap 95% CI),Class counts adequate for discrimination metric
maoa,MAO-A (CHRFAM7A/MAOA),6,0.40-<0.50,"[0.40, 0.50)",9,1,8,AUPRC,0.2,0.125,0.6667,Quantitative (Bootstrap 95% CI),Base active rate in bin: 0.11
maoa,MAO-A (CHRFAM7A/MAOA),6,0.50-<0.60,"[0.50, 0.60)",13,2,11,AUROC,0.7273,0.25,1.0,Quantitative (Bootstrap 95% CI),Class counts adequate for discrimination metric
maoa,MAO-A (CHRFAM7A/MAOA),6,0.50-<0.60,"[0.50, 0.60)",13,2,11,AUPRC,0.625,0.1111,1.0,Quantitative (Bootstrap 95% CI),Base active rate in bin: 0.15
maoa,MAO-A (CHRFAM7A/MAOA),6,>= 0.60,"[0.60, 1.00)",11,5,6,AUROC,0.7,0.3204,1.0,Quantitative (Bootstrap 95% CI),Class counts adequate for discrimination metric
maoa,MAO-A (CHRFAM7A/MAOA),6,>= 0.60,"[0.60, 1.00)",11,5,6,AUPRC,0.7167,0.2944,1.0,Quantitative (Bootstrap 95% CI),Base active rate in bin: 0.45
maoa,MAO-A (CHRFAM7A/MAOA),5,< 0.20,"[0.00, 0.20)",0,0,0,AUROC / AUPRC,Unavailable (Degenerate Class Counts),N/A,N/A,Quantitative (Degenerate),Bin contains 0 actives and 0 inactives; discrimination metric mathematically undefined
maoa,MAO-A (CHRFAM7A/MAOA),5,0.20-<0.30,"[0.20, 0.30)",2,1,1,AUROC,1.0,N/A,N/A,Quantitative (Small N),Class counts adequate for discrimination metric
maoa,MAO-A (CHRFAM7A/MAOA),5,0.20-<0.30,"[0.20, 0.30)",2,1,1,AUPRC,1.0,N/A,N/A,Quantitative (Small N),Base active rate in bin: 0.50
maoa,MAO-A (CHRFAM7A/MAOA),5,0.30-<0.40,"[0.30, 0.40)",6,6,0,AUROC / AUPRC,Unavailable (Degenerate Class Counts),N/A,N/A,Quantitative (Degenerate),Bin contains 6 actives and 0 inactives; discrimination metric mathematically undefined
maoa,MAO-A (CHRFAM7A/MAOA),5,0.40-<0.50,"[0.40, 0.50)",9,3,6,AUROC,0.0556,0.0,0.3,Quantitative (Bootstrap 95% CI),Class counts adequate for discrimination metric
maoa,MAO-A (CHRFAM7A/MAOA),5,0.40-<0.50,"[0.40, 0.50)",9,3,6,AUPRC,0.25,0.1111,0.579,Quantitative (Bootstrap 95% CI),Base active rate in bin: 0.33
maoa,MAO-A (CHRFAM7A/MAOA),5,0.50-<0.60,"[0.50, 0.60)",13,7,6,AUROC,0.2381,0.0,0.6,Quantitative (Bootstrap 95% CI),Class counts adequate for discrimination metric
maoa,MAO-A (CHRFAM7A/MAOA),5,0.50-<0.60,"[0.50, 0.60)",13,7,6,AUPRC,0.5205,0.2229,0.8171,Quantitative (Bootstrap 95% CI),Base active rate in bin: 0.54
maoa,MAO-A (CHRFAM7A/MAOA),5,>= 0.60,"[0.60, 1.00)",11,9,2,AUROC,0.7778,0.3,1.0,Quantitative (Bootstrap 95% CI),Class counts adequate for discrimination metric
maoa,MAO-A (CHRFAM7A/MAOA),5,>= 0.60,"[0.60, 1.00)",11,9,2,AUPRC,0.9468,0.7993,1.0,Quantitative (Bootstrap 95% CI),Base active rate in bin: 0.82
