plant_index,analysis_unit_id,group_size,grouping_reason
1,AU_001,1,singleton
2,AU_002,1,singleton
3,AU_003,1,singleton
4,AU_004,1,singleton
5,AU_005,2,identical_bmppd_query_name
6,AU_006,2,identical_bmppd_query_name
7,AU_007,2,identical_bmppd_query_name
8,AU_008,1,singleton
9,AU_009,1,singleton
10,AU_010,1,singleton
11,AU_011,2,identical_bmppd_query_name
12,AU_012,1,singleton
13,AU_013,2,identical_bmppd_query_name
14,AU_014,2,identical_bmppd_query_name
15,AU_015,1,singleton
16,AU_016,1,singleton
17,AU_017,2,identical_bmppd_query_name
18,AU_018,2,identical_bmppd_query_name
19,AU_019,1,singleton
20,AU_020,1,singleton
21,AU_021,2,identical_bmppd_query_name
22,AU_022,1,singleton
23,AU_023,2,identical_bmppd_query_name
24,AU_024,1,singleton
25,AU_025,1,singleton
26,AU_026,1,singleton
27,AU_027,2,identical_bmppd_query_name
28,AU_028,2,identical_bmppd_query_name
29,AU_029,1,singleton
30,AU_030,1,singleton
31,AU_031,1,singleton
32,AU_032,1,singleton
33,AU_033,2,identical_bmppd_query_name
34,AU_034,2,identical_bmppd_query_name
35,AU_035,1,singleton
36,AU_036,1,singleton
37,AU_037,2,identical_bmppd_query_name
38,AU_038,1,singleton
39,AU_039,1,singleton
40,AU_040,2,identical_bmppd_query_name
41,AU_041,2,identical_bmppd_query_name
42,AU_042,1,singleton
43,AU_043,2,identical_bmppd_query_name
44,AU_044,1,singleton
45,AU_045,2,identical_bmppd_query_name
46,AU_046,1,singleton
47,AU_047,1,singleton
48,AU_048,1,singleton
49,AU_049,2,identical_bmppd_query_name
50,AU_050,1,singleton
51,AU_051,1,singleton
52,AU_052,1,singleton
53,AU_053,1,singleton
54,AU_054,1,singleton
55,AU_055,2,identical_bmppd_query_name
56,AU_056,1,singleton
57,AU_057,1,singleton
58,AU_058,1,singleton
59,AU_059,1,singleton
60,AU_060,1,singleton
61,AU_061,1,singleton
62,AU_062,1,singleton
63,AU_063,1,singleton
64,AU_064,2,identical_bmppd_query_name
65,AU_065,3,identical_bmppd_query_name
66,AU_066,1,singleton
67,AU_067,2,identical_bmppd_query_name
68,AU_068,1,singleton
69,AU_069,1,singleton
70,AU_070,1,singleton
71,AU_071,2,identical_bmppd_query_name
72,AU_072,1,singleton
73,AU_073,1,singleton
74,AU_074,1,singleton
75,AU_075,1,singleton
76,AU_076,1,singleton
77,AU_077,1,singleton
78,AU_078,1,singleton
79,AU_079,1,singleton
80,AU_080,1,singleton
81,AU_081,1,singleton
82,AU_082,1,singleton
83,AU_083,1,singleton
84,AU_084,1,singleton
85,AU_085,1,singleton
86,AU_086,1,singleton
87,AU_087,2,identical_bmppd_query_name
88,AU_088,1,singleton
89,AU_064,2,identical_bmppd_query_name
90,AU_065,3,identical_bmppd_query_name
91,AU_018,2,identical_bmppd_query_name
92,AU_092,1,singleton
93,AU_093,1,singleton
94,AU_094,1,singleton
95,AU_095,1,singleton
96,AU_096,1,singleton
97,AU_097,1,singleton
98,AU_098,1,singleton
99,AU_099,1,singleton
100,AU_100,1,singleton
101,AU_101,1,singleton
102,AU_102,1,singleton
103,AU_103,1,singleton
104,AU_013,2,identical_bmppd_query_name
105,AU_105,1,singleton
106,AU_106,1,singleton
107,AU_107,1,singleton
108,AU_108,1,singleton
109,AU_109,1,singleton
110,AU_110,1,singleton
111,AU_111,1,singleton
112,AU_112,1,singleton
113,AU_113,1,singleton
114,AU_114,1,singleton
115,AU_115,1,singleton
116,AU_116,1,singleton
117,AU_117,1,singleton
118,AU_118,1,singleton
119,AU_119,1,singleton
120,AU_120,1,singleton
121,AU_121,1,singleton
122,AU_122,1,singleton
123,AU_123,1,singleton
124,AU_124,1,singleton
125,AU_125,1,singleton
126,AU_126,1,singleton
127,AU_127,1,singleton
128,AU_128,1,singleton
129,AU_129,1,singleton
130,AU_130,1,singleton
131,AU_131,1,singleton
132,AU_132,1,singleton
133,AU_133,1,singleton
134,AU_134,1,singleton
135,AU_135,1,singleton
136,AU_136,1,singleton
137,AU_137,1,singleton
138,AU_138,1,singleton
139,AU_139,1,singleton
140,AU_140,1,singleton
141,AU_141,1,singleton
142,AU_142,1,singleton
143,AU_143,1,singleton
144,AU_144,1,singleton
145,AU_145,1,singleton
146,AU_146,1,singleton
147,AU_147,1,singleton
148,AU_148,1,singleton
149,AU_149,1,singleton
150,AU_150,1,singleton
151,AU_151,1,singleton
152,AU_152,1,singleton
153,AU_153,1,singleton
154,AU_154,1,singleton
155,AU_155,1,singleton
156,AU_156,1,singleton
157,AU_157,1,singleton
158,AU_158,1,singleton
159,AU_159,1,singleton
160,AU_160,2,identical_bmppd_query_name
161,AU_161,1,singleton
162,AU_162,1,singleton
163,AU_163,1,singleton
164,AU_164,1,singleton
165,AU_165,1,singleton
166,AU_166,1,singleton
167,AU_167,1,singleton
168,AU_168,1,singleton
169,AU_169,1,singleton
170,AU_170,1,singleton
171,AU_171,1,singleton
172,AU_172,1,singleton
173,AU_173,1,singleton
174,AU_174,1,singleton
175,AU_175,1,singleton
176,AU_176,1,singleton
177,AU_177,1,singleton
178,AU_178,1,singleton
179,AU_179,1,singleton
180,AU_180,1,singleton
181,AU_181,1,singleton
182,AU_182,1,singleton
183,AU_183,1,singleton
184,AU_184,1,singleton
185,AU_185,1,singleton
186,AU_186,1,singleton
187,AU_187,1,singleton
188,AU_188,1,singleton
189,AU_189,1,singleton
190,AU_190,1,singleton
191,AU_191,1,singleton
192,AU_192,1,singleton
193,AU_193,1,singleton
194,AU_194,1,singleton
195,AU_195,1,singleton
196,AU_196,1,singleton
197,AU_197,1,singleton
198,AU_198,1,singleton
199,AU_199,1,singleton
200,AU_200,1,singleton
201,AU_201,1,singleton
202,AU_202,1,singleton
203,AU_203,1,singleton
204,AU_204,1,singleton
205,AU_205,1,singleton
206,AU_206,1,singleton
207,AU_207,1,singleton
208,AU_208,1,singleton
209,AU_209,1,singleton
210,AU_210,1,singleton
211,AU_211,1,singleton
212,AU_212,1,singleton
213,AU_213,1,singleton
214,AU_214,1,singleton
215,AU_215,1,singleton
216,AU_216,1,singleton
217,AU_217,1,singleton
218,AU_218,1,singleton
219,AU_219,1,singleton
220,AU_220,1,singleton
221,AU_221,1,singleton
222,AU_222,1,singleton
223,AU_223,1,singleton
224,AU_224,1,singleton
225,AU_225,1,singleton
226,AU_226,1,singleton
227,AU_227,1,singleton
228,AU_228,1,singleton
229,AU_229,1,singleton
230,AU_230,1,singleton
231,AU_231,1,singleton
232,AU_232,1,singleton
233,AU_233,1,singleton
234,AU_234,1,singleton
235,AU_235,1,singleton
236,AU_236,1,singleton
237,AU_237,2,identical_bmppd_query_name
238,AU_238,2,identical_bmppd_query_name
239,AU_239,2,identical_bmppd_query_name
240,AU_240,2,identical_bmppd_query_name
241,AU_241,2,identical_bmppd_query_name
242,AU_242,1,singleton
243,AU_243,1,singleton
244,AU_041,2,identical_bmppd_query_name
245,AU_040,2,identical_bmppd_query_name
246,AU_246,1,singleton
247,AU_049,2,identical_bmppd_query_name
248,AU_067,2,identical_bmppd_query_name
249,AU_249,1,singleton
250,AU_250,1,singleton
251,AU_251,1,singleton
252,AU_252,1,singleton
253,AU_065,3,identical_bmppd_query_name
254,AU_254,1,singleton
255,AU_255,1,singleton
256,AU_256,2,identical_bmppd_query_name
257,AU_034,2,identical_bmppd_query_name
258,AU_258,1,singleton
259,AU_259,1,singleton
260,AU_260,1,singleton
261,AU_261,1,singleton
262,AU_262,1,singleton
263,AU_263,1,singleton
264,AU_264,1,singleton
265,AU_055,2,identical_bmppd_query_name
266,AU_266,1,singleton
267,AU_267,1,singleton
268,AU_268,1,singleton
269,AU_269,1,singleton
270,AU_270,1,singleton
271,AU_271,1,singleton
272,AU_272,1,singleton
273,AU_273,1,singleton
274,AU_274,1,singleton
275,AU_275,1,singleton
276,AU_276,1,singleton
277,AU_277,1,singleton
278,AU_278,1,singleton
279,AU_279,2,identical_bmppd_query_name
280,AU_280,1,singleton
281,AU_281,1,singleton
282,AU_282,1,singleton
283,AU_283,1,singleton
284,AU_284,1,singleton
285,AU_285,1,singleton
286,AU_286,1,singleton
287,AU_287,1,singleton
288,AU_288,1,singleton
289,AU_289,1,singleton
290,AU_290,1,singleton
291,AU_291,1,singleton
292,AU_292,1,singleton
293,AU_293,1,singleton
294,AU_294,1,singleton
295,AU_295,1,singleton
296,AU_296,1,singleton
297,AU_297,1,singleton
298,AU_298,1,singleton
299,AU_299,1,singleton
300,AU_300,1,singleton
301,AU_014,2,identical_bmppd_query_name
302,AU_302,1,singleton
303,AU_303,1,singleton
304,AU_304,1,singleton
305,AU_305,1,singleton
306,AU_306,1,singleton
307,AU_307,1,singleton
308,AU_308,1,singleton
309,AU_309,1,singleton
310,AU_310,1,singleton
311,AU_311,1,singleton
312,AU_312,1,singleton
313,AU_313,1,singleton
314,AU_314,1,singleton
315,AU_315,1,singleton
316,AU_316,1,singleton
317,AU_317,1,singleton
318,AU_318,1,singleton
319,AU_319,1,singleton
320,AU_320,1,singleton
321,AU_321,1,singleton
322,AU_322,1,singleton
323,AU_323,1,singleton
324,AU_324,1,singleton
325,AU_325,1,singleton
326,AU_326,1,singleton
327,AU_327,1,singleton
328,AU_328,1,singleton
329,AU_329,1,singleton
330,AU_330,1,singleton
331,AU_331,1,singleton
332,AU_332,1,singleton
333,AU_333,1,singleton
334,AU_334,1,singleton
335,AU_335,1,singleton
336,AU_336,1,singleton
337,AU_337,1,singleton
338,AU_338,1,singleton
339,AU_339,1,singleton
340,AU_340,1,singleton
341,AU_341,1,singleton
342,AU_342,1,singleton
343,AU_343,1,singleton
344,AU_344,1,singleton
345,AU_345,1,singleton
346,AU_346,1,singleton
347,AU_347,1,singleton
348,AU_348,1,singleton
349,AU_349,1,singleton
350,AU_350,1,singleton
351,AU_351,1,singleton
352,AU_352,2,identical_bmppd_query_name
353,AU_352,2,identical_bmppd_query_name
354,AU_354,1,singleton
355,AU_355,1,singleton
356,AU_356,1,singleton
357,AU_357,1,singleton
358,AU_358,1,singleton
359,AU_359,1,singleton
360,AU_360,1,singleton
361,AU_361,1,singleton
362,AU_362,1,singleton
363,AU_363,1,singleton
364,AU_364,1,singleton
365,AU_365,1,singleton
366,AU_366,1,singleton
367,AU_367,1,singleton
368,AU_368,1,singleton
369,AU_071,2,identical_bmppd_query_name
370,AU_370,1,singleton
371,AU_037,2,identical_bmppd_query_name
372,AU_372,1,singleton
373,AU_007,2,identical_bmppd_query_name
374,AU_027,2,identical_bmppd_query_name
375,AU_375,1,singleton
376,AU_376,1,singleton
377,AU_377,1,singleton
378,AU_378,1,singleton
379,AU_023,2,identical_bmppd_query_name
380,AU_380,1,singleton
381,AU_381,1,singleton
382,AU_382,1,singleton
383,AU_383,1,singleton
384,AU_384,1,singleton
385,AU_011,2,identical_bmppd_query_name
386,AU_386,1,singleton
387,AU_033,2,identical_bmppd_query_name
388,AU_388,1,singleton
389,AU_389,1,singleton
390,AU_390,1,singleton
391,AU_391,1,singleton
392,AU_392,1,singleton
393,AU_045,2,identical_bmppd_query_name
394,AU_394,1,singleton
395,AU_395,1,singleton
396,AU_396,2,identical_bmppd_query_name
397,AU_397,1,singleton
398,AU_398,1,singleton
399,AU_399,1,singleton
400,AU_400,1,singleton
401,AU_401,1,singleton
402,AU_402,1,singleton
403,AU_403,1,singleton
404,AU_404,1,singleton
405,AU_405,1,singleton
406,AU_406,1,singleton
407,AU_407,1,singleton
408,AU_408,1,singleton
409,AU_409,1,singleton
410,AU_410,1,singleton
411,AU_411,1,singleton
412,AU_412,1,singleton
413,AU_413,1,singleton
414,AU_414,1,singleton
415,AU_415,1,singleton
416,AU_416,1,singleton
417,AU_417,1,singleton
418,AU_418,1,singleton
419,AU_419,1,singleton
420,AU_420,1,singleton
421,AU_421,1,singleton
422,AU_422,1,singleton
423,AU_423,1,singleton
424,AU_424,1,singleton
425,AU_425,1,singleton
426,AU_426,1,singleton
427,AU_427,1,singleton
428,AU_428,1,singleton
429,AU_429,1,singleton
430,AU_430,1,singleton
431,AU_431,1,singleton
432,AU_432,1,singleton
433,AU_433,1,singleton
434,AU_434,1,singleton
435,AU_435,1,singleton
436,AU_436,1,singleton
437,AU_437,1,singleton
438,AU_438,1,singleton
439,AU_439,1,singleton
440,AU_440,1,singleton
441,AU_441,1,singleton
442,AU_442,1,singleton
443,AU_443,1,singleton
444,AU_444,1,singleton
445,AU_445,1,singleton
446,AU_446,1,singleton
447,AU_447,1,singleton
448,AU_448,1,singleton
449,AU_043,2,identical_bmppd_query_name
450,AU_450,1,singleton
451,AU_451,1,singleton
452,AU_452,1,singleton
453,AU_453,1,singleton
454,AU_454,1,singleton
455,AU_455,1,singleton
456,AU_456,1,singleton
457,AU_457,1,singleton
458,AU_458,1,singleton
459,AU_459,1,singleton
460,AU_460,1,singleton
461,AU_461,1,singleton
462,AU_462,1,singleton
463,AU_463,1,singleton
464,AU_464,1,singleton
465,AU_465,1,singleton
466,AU_466,1,singleton
467,AU_467,1,singleton
468,AU_468,1,singleton
469,AU_469,1,singleton
470,AU_470,1,singleton
471,AU_471,1,singleton
472,AU_472,1,singleton
473,AU_473,1,singleton
474,AU_474,1,singleton
475,AU_475,1,singleton
476,AU_476,1,singleton
477,AU_477,1,singleton
478,AU_478,1,singleton
479,AU_479,1,singleton
480,AU_480,1,singleton
481,AU_481,1,singleton
482,AU_482,1,singleton
483,AU_483,2,identical_bmppd_query_name
484,AU_484,1,singleton
485,AU_485,1,singleton
486,AU_486,1,singleton
487,AU_487,1,singleton
488,AU_488,1,singleton
489,AU_489,1,singleton
490,AU_490,1,singleton
491,AU_491,1,singleton
492,AU_492,1,singleton
493,AU_493,1,singleton
494,AU_494,1,singleton
495,AU_495,1,singleton
496,AU_496,1,singleton
497,AU_497,1,singleton
498,AU_498,1,singleton
499,AU_499,1,singleton
500,AU_500,1,singleton
501,AU_501,1,singleton
502,AU_502,1,singleton
503,AU_503,1,singleton
504,AU_504,1,singleton
505,AU_505,1,singleton
506,AU_017,2,identical_bmppd_query_name
507,AU_507,1,singleton
508,AU_508,1,singleton
509,AU_509,1,singleton
510,AU_510,1,singleton
511,AU_511,1,singleton
512,AU_512,1,singleton
513,AU_513,1,singleton
514,AU_514,1,singleton
515,AU_515,1,singleton
516,AU_516,1,singleton
517,AU_517,1,singleton
518,AU_518,1,singleton
519,AU_519,1,singleton
520,AU_520,1,singleton
521,AU_521,1,singleton
522,AU_522,1,singleton
523,AU_523,1,singleton
524,AU_087,2,identical_bmppd_query_name
525,AU_525,1,singleton
526,AU_526,1,singleton
527,AU_527,1,singleton
528,AU_528,1,singleton
529,AU_529,1,singleton
530,AU_530,1,singleton
531,AU_531,1,singleton
532,AU_532,1,singleton
533,AU_533,1,singleton
534,AU_534,1,singleton
535,AU_535,1,singleton
536,AU_536,1,singleton
537,AU_537,1,singleton
538,AU_538,1,singleton
539,AU_539,1,singleton
540,AU_540,1,singleton
541,AU_541,1,singleton
542,AU_542,1,singleton
543,AU_543,1,singleton
544,AU_006,2,identical_bmppd_query_name
545,AU_545,1,singleton
546,AU_546,1,singleton
547,AU_547,1,singleton
548,AU_548,1,singleton
549,AU_549,1,singleton
550,AU_550,1,singleton
551,AU_551,2,identical_bmppd_query_name
552,AU_552,1,singleton
553,AU_553,1,singleton
554,AU_554,1,singleton
555,AU_555,1,singleton
556,AU_556,1,singleton
557,AU_557,1,singleton
558,AU_558,1,singleton
559,AU_559,1,singleton
560,AU_560,1,singleton
561,AU_561,1,singleton
562,AU_562,1,singleton
563,AU_563,1,singleton
564,AU_564,1,singleton
565,AU_565,1,singleton
566,AU_566,1,singleton
567,AU_567,1,singleton
568,AU_568,1,singleton
569,AU_569,1,singleton
570,AU_570,1,singleton
571,AU_571,1,singleton
572,AU_572,1,singleton
573,AU_573,1,singleton
574,AU_574,1,singleton
575,AU_575,1,singleton
576,AU_576,1,singleton
577,AU_577,1,singleton
578,AU_578,1,singleton
579,AU_579,1,singleton
580,AU_580,1,singleton
581,AU_581,1,singleton
582,AU_582,2,identical_bmppd_query_name
583,AU_583,1,singleton
584,AU_584,1,singleton
585,AU_585,1,singleton
586,AU_586,1,singleton
587,AU_028,2,identical_bmppd_query_name
588,AU_588,1,singleton
589,AU_589,1,singleton
590,AU_590,1,singleton
591,AU_591,1,singleton
592,AU_592,1,singleton
593,AU_593,1,singleton
594,AU_594,1,singleton
595,AU_595,1,singleton
596,AU_596,2,identical_bmppd_query_name
597,AU_597,1,singleton
598,AU_598,1,singleton
599,AU_599,1,singleton
600,AU_600,1,singleton
601,AU_601,1,singleton
602,AU_602,1,singleton
603,AU_603,1,singleton
604,AU_604,1,singleton
605,AU_605,1,singleton
606,AU_606,1,singleton
607,AU_607,1,singleton
608,AU_608,1,singleton
609,AU_609,1,singleton
610,AU_610,1,singleton
611,AU_611,1,singleton
612,AU_612,1,singleton
613,AU_613,1,singleton
614,AU_614,1,singleton
615,AU_615,1,singleton
616,AU_616,1,singleton
617,AU_617,1,singleton
618,AU_618,1,singleton
619,AU_619,1,singleton
620,AU_620,1,singleton
621,AU_621,1,singleton
622,AU_622,1,singleton
623,AU_623,1,singleton
624,AU_624,1,singleton
625,AU_625,1,singleton
626,AU_626,1,singleton
627,AU_627,1,singleton
628,AU_628,1,singleton
629,AU_629,1,singleton
630,AU_630,1,singleton
631,AU_631,1,singleton
632,AU_632,1,singleton
633,AU_633,1,singleton
634,AU_634,1,singleton
635,AU_635,1,singleton
636,AU_636,1,singleton
637,AU_637,1,singleton
638,AU_638,1,singleton
639,AU_639,1,singleton
640,AU_640,1,singleton
641,AU_641,1,singleton
642,AU_642,1,singleton
643,AU_643,1,singleton
644,AU_644,1,singleton
645,AU_645,1,singleton
646,AU_646,1,singleton
647,AU_647,1,singleton
648,AU_648,1,singleton
649,AU_649,1,singleton
650,AU_650,1,singleton
651,AU_651,1,singleton
652,AU_652,1,singleton
653,AU_653,1,singleton
654,AU_654,1,singleton
655,AU_655,1,singleton
656,AU_656,1,singleton
657,AU_657,1,singleton
658,AU_658,1,singleton
659,AU_659,1,singleton
660,AU_660,1,singleton
661,AU_661,1,singleton
662,AU_662,1,singleton
663,AU_663,1,singleton
664,AU_664,1,singleton
665,AU_665,1,singleton
666,AU_666,1,singleton
667,AU_667,1,singleton
668,AU_668,1,singleton
669,AU_669,1,singleton
670,AU_670,1,singleton
671,AU_671,1,singleton
672,AU_672,1,singleton
673,AU_673,1,singleton
674,AU_674,1,singleton
675,AU_675,1,singleton
676,AU_676,1,singleton
677,AU_677,1,singleton
678,AU_678,1,singleton
679,AU_679,1,singleton
680,AU_680,1,singleton
681,AU_681,1,singleton
682,AU_682,1,singleton
683,AU_683,1,singleton
684,AU_684,1,singleton
685,AU_685,1,singleton
686,AU_686,1,singleton
687,AU_687,1,singleton
688,AU_688,1,singleton
689,AU_689,1,singleton
690,AU_690,1,singleton
691,AU_691,1,singleton
692,AU_692,1,singleton
693,AU_693,1,singleton
694,AU_694,1,singleton
695,AU_695,1,singleton
696,AU_696,1,singleton
697,AU_697,1,singleton
698,AU_698,1,singleton
699,AU_699,1,singleton
700,AU_700,1,singleton
701,AU_701,1,singleton
702,AU_702,1,singleton
703,AU_703,1,singleton
704,AU_704,1,singleton
705,AU_705,1,singleton
706,AU_706,1,singleton
707,AU_707,1,singleton
708,AU_708,1,singleton
709,AU_709,1,singleton
710,AU_710,1,singleton
711,AU_711,1,singleton
712,AU_712,1,singleton
713,AU_713,1,singleton
714,AU_714,1,singleton
715,AU_715,1,singleton
716,AU_716,1,singleton
717,AU_717,1,singleton
718,AU_718,1,singleton
719,AU_719,1,singleton
720,AU_720,1,singleton
721,AU_721,1,singleton
722,AU_722,1,singleton
723,AU_723,1,singleton
724,AU_724,1,singleton
725,AU_725,1,singleton
726,AU_726,1,singleton
727,AU_727,1,singleton
728,AU_728,1,singleton
729,AU_729,1,singleton
730,AU_730,1,singleton
731,AU_731,1,singleton
732,AU_732,1,singleton
733,AU_733,1,singleton
734,AU_734,1,singleton
735,AU_735,1,singleton
736,AU_736,1,singleton
737,AU_737,1,singleton
738,AU_738,1,singleton
739,AU_005,2,identical_bmppd_query_name
740,AU_740,1,singleton
741,AU_741,1,singleton
742,AU_742,1,singleton
743,AU_743,1,singleton
744,AU_744,1,singleton
745,AU_745,1,singleton
746,AU_746,1,singleton
747,AU_747,1,singleton
748,AU_748,1,singleton
749,AU_749,1,singleton
750,AU_750,1,singleton
751,AU_751,1,singleton
752,AU_752,1,singleton
753,AU_753,1,singleton
754,AU_754,1,singleton
755,AU_755,1,singleton
756,AU_756,1,singleton
757,AU_757,1,singleton
758,AU_758,1,singleton
759,AU_759,1,singleton
760,AU_760,1,singleton
761,AU_761,1,singleton
762,AU_762,1,singleton
763,AU_763,1,singleton
764,AU_764,1,singleton
765,AU_021,2,identical_bmppd_query_name
766,AU_766,1,singleton
767,AU_767,1,singleton
768,AU_768,1,singleton
769,AU_769,1,singleton
770,AU_770,1,singleton
771,AU_771,1,singleton
772,AU_772,1,singleton
773,AU_773,1,singleton
774,AU_774,1,singleton
775,AU_775,1,singleton
776,AU_776,1,singleton
777,AU_777,1,singleton
778,AU_778,1,singleton
779,AU_779,1,singleton
780,AU_780,1,singleton
781,AU_781,1,singleton
782,AU_782,1,singleton
783,AU_783,1,singleton
784,AU_784,1,singleton
785,AU_785,1,singleton
786,AU_786,1,singleton
787,AU_787,1,singleton
788,AU_788,1,singleton
789,AU_789,1,singleton
790,AU_790,1,singleton
791,AU_791,1,singleton
792,AU_792,1,singleton
793,AU_793,1,singleton
794,AU_794,1,singleton
795,AU_795,1,singleton
796,AU_796,1,singleton
797,AU_797,1,singleton
798,AU_798,1,singleton
799,AU_799,1,singleton
800,AU_800,1,singleton
801,AU_801,1,singleton
802,AU_802,1,singleton
803,AU_803,1,singleton
804,AU_804,1,singleton
805,AU_805,1,singleton
806,AU_806,1,singleton
807,AU_237,2,identical_bmppd_query_name
808,AU_238,2,identical_bmppd_query_name
809,AU_239,2,identical_bmppd_query_name
810,AU_240,2,identical_bmppd_query_name
811,AU_811,1,singleton
812,AU_812,1,singleton
813,AU_813,1,singleton
814,AU_814,1,singleton
815,AU_815,1,singleton
816,AU_816,1,singleton
817,AU_817,1,singleton
818,AU_818,1,singleton
819,AU_396,2,identical_bmppd_query_name
820,AU_820,1,singleton
821,AU_821,1,singleton
822,AU_822,1,singleton
823,AU_483,2,identical_bmppd_query_name
824,AU_824,1,singleton
825,AU_825,1,singleton
826,AU_241,2,identical_bmppd_query_name
827,AU_582,2,identical_bmppd_query_name
828,AU_828,1,singleton
829,AU_596,2,identical_bmppd_query_name
830,AU_830,1,singleton
831,AU_831,1,singleton
832,AU_832,1,singleton
833,AU_833,1,singleton
834,AU_834,1,singleton
835,AU_835,1,singleton
836,AU_836,1,singleton
837,AU_837,1,singleton
838,AU_838,1,singleton
839,AU_839,1,singleton
840,AU_840,1,singleton
841,AU_841,1,singleton
842,AU_842,1,singleton
843,AU_843,1,singleton
844,AU_844,1,singleton
845,AU_845,1,singleton
846,AU_256,2,identical_bmppd_query_name
847,AU_847,1,singleton
848,AU_848,1,singleton
849,AU_849,1,singleton
850,AU_850,1,singleton
851,AU_851,1,singleton
852,AU_852,1,singleton
853,AU_853,1,singleton
854,AU_854,1,singleton
855,AU_855,1,singleton
856,AU_856,1,singleton
857,AU_857,1,singleton
858,AU_858,1,singleton
859,AU_859,1,singleton
860,AU_860,1,singleton
861,AU_861,1,singleton
862,AU_862,1,singleton
863,AU_863,1,singleton
864,AU_864,1,singleton
865,AU_865,1,singleton
866,AU_866,1,singleton
867,AU_867,1,singleton
868,AU_868,1,singleton
869,AU_869,1,singleton
870,AU_870,1,singleton
871,AU_871,1,singleton
872,AU_872,1,singleton
873,AU_873,1,singleton
874,AU_874,1,singleton
875,AU_875,1,singleton
876,AU_876,2,identical_bmppd_query_name
877,AU_877,1,singleton
878,AU_878,1,singleton
879,AU_879,1,singleton
880,AU_880,1,singleton
881,AU_881,1,singleton
882,AU_882,1,singleton
883,AU_883,1,singleton
884,AU_884,1,singleton
885,AU_885,1,singleton
886,AU_886,1,singleton
887,AU_887,1,singleton
888,AU_888,1,singleton
889,AU_889,1,singleton
890,AU_890,1,singleton
891,AU_876,2,identical_bmppd_query_name
892,AU_892,1,singleton
893,AU_160,2,identical_bmppd_query_name
894,AU_894,1,singleton
895,AU_895,1,singleton
896,AU_896,1,singleton
897,AU_897,1,singleton
898,AU_898,1,singleton
899,AU_899,1,singleton
900,AU_900,1,singleton
901,AU_901,1,singleton
902,AU_902,1,singleton
903,AU_903,1,singleton
904,AU_904,1,singleton
905,AU_905,1,singleton
906,AU_906,1,singleton
907,AU_907,1,singleton
908,AU_908,1,singleton
909,AU_909,1,singleton
910,AU_910,1,singleton
911,AU_551,2,identical_bmppd_query_name
912,AU_279,2,identical_bmppd_query_name
913,AU_913,1,singleton
914,AU_914,1,singleton
915,AU_915,1,singleton
916,AU_916,1,singleton
