sampled_tier,inchikey_connectivity,bmppd_name,pubchem_title_cid,pubchem_title_name,formula_cid,formula_name,layer_cid,layer_name,plants,my_judgement,notes
LOW,ZYGHJZDHTFUPRJ,4-Hydroxybenzoic acid | Coumaric acid | Vanillic acid | beta-Pinene,Coumarin,P-Coumaric Acid,C9H6O2,C9H8O3,ZYGHJZDHTFUPRJ,NGSWKAQJJWESNS,410 (Maesa INDICA Wall.); 497 (Hibiscus SABDARIFFA L.); 623 (Cynodon DACTYLON (L.)Pers.); 675 (Cocos NUCIFERA L.); 685 (Clausena HEPTAPHYLLA (Roxb.) Wight.& Arn.),,
LOW,DWFZBUWUXWZWKD,"3(2H)-Pyridazinone, 6-methyl-",Pyridaben,,C19H25ClN2OS,,DWFZBUWUXWZWKD,,497 (Hibiscus SABDARIFFA L.),,
LOW,HTTJABKRGRZYRN,Tirucallol,2-O-Sulfohexopyranuronosyl-(1->4)-2-deoxy-3-O-sulfo-2-(sulfoamino)hexopyranosyl-(1->4)-2-O-sulfohexopyranuronosyl-(1->4)-2-acetamido-2-deoxy-6-O-sulfohexopyranose,,C26H42N2O37S5,,HTTJABKRGRZYRN,,21 (Benincasa hispida (Thunb.) Cogn.); 765 (Benincasa HISPIDA (Thunb.) Cogn.),,
LOW,DUWPGRAKHMEPCM,Hispidulin,Isobavachalcone,,C20H20O4,,DUWPGRAKHMEPCM,,682 (Clerodendrum INDICUM (L.) Kuntze.),,
LOW,MUZIZEZCKKMZRT,Dithiolane,CID 160377932,,C3H6S2,,MUZIZEZCKKMZRT,,124 (Allium SATIVUM L.),,
LOW,LKQMMFFQYMYQOJ,Bicycloelemene,"Bicyclo(4.1.0)heptane, 3-ethenyl-3,7,7-trimethyl-2-(1-methylethenyl)-, (1R-(1alpha,2alpha,3beta,6alpha))-",,C15H24,,LKQMMFFQYMYQOJ,,628 (Curcuma ZEDOARIA Rosc.); 894 (Desmos chinensislour.); 897 (Centella ASIATICA (L.) Urban.),,
LOW,VEVZSMAEJFVWIL,"1,2-Dioleoyl-3-linoleoyl-rac-glycerol",Cyanidin Chloride,"1,2-Dioleoyl-3-linolein",C15H11O6+,C57H102O6,VEVZSMAEJFVWIL,JTMWOTXEVWLTTO,563 (Entada rheedii Spreng.),,
LOW,SXJVFYZNUGGHRG,7?-hydroxysitosterol,7Beta-hydroxy-beta-sitosterol,,C29H50O2,,SXJVFYZNUGGHRG,,43 (Lagerstroemia speciosa(l.) Pers.); 449 (Lagerstroemia speciosa (L.) Pers.),,
LOW,DWUYGFWOANEJRE,Caryophyllenol | Caryophyllenol II,Caryophyllenol I,"Bicyclo(7.2.0)undecan-5-ol, 10,10-dimethyl-2,6-bis(methylene)-",C15H24O,C15H24O,DWUYGFWOANEJRE,CIIYOYPOMGIECX,619 (Cyperus ROTUNDUS L.); 906 (Cinnamomum TAMALA Nees),,
LOW,ORNBQBCIOKFOEO,Ecdysone,"1-[(3S,8S,10R,13S)-3-hydroxy-10,13-dimethyl-2,3,4,7,8,9,11,12,14,15,16,17-dodecahydro-1H-cyclopenta[a]phenanthren-17-yl]ethanone",,C21H32O2,,ORNBQBCIOKFOEO,,13 (Achyranthes aspera L.); 104 (Achyranthes ASPERA L.),,
LOW,JPEZHEPTQWCTNM,"6-Hydroxy-4-(4-hydroxy-3-methoxyphenyl)-3-hydroxymethyl-7-methoxy-3,4-dihydro-2-naphthaldehyde","7,8,9,9-Tetradehydroisolariciresil",,C20H20O6,,JPEZHEPTQWCTNM,,151 (Vitex NEGUNDO L.),,
LOW,AQGOGICAGOUIGS,Retinol,"(2E)-6-acetyl-2-[(6-bromo-1,3-benzodioxol-5-yl)methylidene]-5-(4-methoxyphenyl)-7-methyl-5H-[1,3]thiazolo[3,2-a]pyrimidin-3(2H)-one",Retinol,C24H19BrN2O5S,C20H30O,AQGOGICAGOUIGS,FPIPGXGPPPQFEQ,637 (Cucurbita MAXIMA Duch.),,
LOW,DYPLDWLIOGXSSE,N-Nitrosoguvacoline,Guvacoline,N-Nitrosoguvacoline,C7H11NO2,C7H10N2O3,DYPLDWLIOGXSSE,NXEUEKXJAAVKCT,731 (Areca CATECHU L.),,
LOW,LCYZOSVRKHROOX,Furanoeremophilane,"3,4a,5-trimethyl-5,6,7,8,8a,9-hexahydro-4H-benzo[][1]benzouran",,C15H22O,,LCYZOSVRKHROOX,,151 (Vitex NEGUNDO L.),,
LOW,MQYXUWHLBZFQQO,"(-)-Butyrospermol | 2-Ethyl-5-methylpyrazine | Arachidic acid | Azuleno(4,5-b)furan-2(3H)-one, decahydro-4,8-dihydroxy-3,6,9-tris(methylene)-, (3aR-(3aalpha,4alpha,6aalpha,8beta,9aalpha,9bbeta))- | Oleanolic acid | alpha-Carotene | beta-Sitosterol",Lupeol,2-Ethyl-5-methylpyrazine,C30H50O,C7H10N2,MQYXUWHLBZFQQO,OXCKCFJIKRGXMM,21 (Benincasa hispida (Thunb.) Cogn.); 563 (Entada rheedii Spreng.); 571 (Elephantopus SCABER L.); 740 (Artocarpus LACUCHA Buch-Ham.); 765 (Benincasa HISPIDA (Thunb.) Cogn.),,
LOW,DYTVUYVLJDSMFA,Psi-Taraxasterol acetate,Urs-20-en-3-yl acetate,,C32H52O2,,DYTVUYVLJDSMFA,,793 (Calotropis GIGANTEA (L.) R. Br.),,
LOW,YPSAOPXJHSESSR,Linoleic acid,,Linoleic Acid,C22H33NO5,C18H32O2,YPSAOPXJHSESSR,OYHQOLUKZRVURQ,637 (Cucurbita MAXIMA Duch.),,
LOW,AGOJRWYSOBLXNH,Kaempferol-3-O-robinobioside,,Biorobin,C54H88O20,C27H30O15,AGOJRWYSOBLXNH,RTATXGUCZHCSNG,637 (Cucurbita MAXIMA Duch.),,
LOW,MYCFGFMJUUNKBN,(E)-sabinene hydrate,trans-Sabinene hydrate acetate,4-Thujanol,C12H20O2,C10H18O,MYCFGFMJUUNKBN,KXSDPILWMGFJMM,70 (Citrus reticulata Blanco),,
LOW,UCMIRNVEIXFBKS,stigmast-5-en-3beta-yl beta-D-glucopyranoside,Beta-Alanine,Sitosteryl glucoside,C3H7NO2,C35H60O6,UCMIRNVEIXFBKS,NPJICTMALKLTFW,9 (Boerhavia diffusa L.),,
LOW,VHBFFQKBGNRLFZ,Flavonol,Flavone,Flavonol,C15H10O2,C15H10O3,VHBFFQKBGNRLFZ,HVQAJTFOCKOKIN,498 (Hibiscus ROSA-SINENSIS L.),,
LOW,IKGXIBQEEMLURG,Nicotiflorin,Rutin,Kaempferol-3-O-Rutinoside,C27H30O16,C27H30O15,IKGXIBQEEMLURG,RTATXGUCZHCSNG,637 (Cucurbita MAXIMA Duch.),,
LOW,HPLHHICRCJYRHY,"1,3-Diphenylurea",Menaquinone 6,,C41H56O2,,HPLHHICRCJYRHY,,675 (Cocos NUCIFERA L.),,
LOW,GHVNFZFCNZKVNT,"Decanoic acid, Ethyl ester",Decanoic Acid,Ethyl caprate,C10H20O2,C12H24O2,GHVNFZFCNZKVNT,RGXWDWUGBIJHDO,525 (Gloriosa SUPERBA L.),,
LOW,DRUIESSIVFYOMK,Palmitic acid,Trichloroacetonitrile,Palmitic Acid,C2Cl3N,C16H32O2,DRUIESSIVFYOMK,IPCSVZSSVZVIGE,731 (Areca CATECHU L.),,
LOW,DQELOVNSWGCVQZ,Spathulenol,3-Tetradecenol,Spathulenol,C14H28O,C15H24O,DQELOVNSWGCVQZ,FRMCCTDTYSRUBE,659 (Crassocephalum CREPIDIOIDES (Benth.) Moore),,
LOW,LOUPRKONTZGTKE,"3,4-dimethoxy-1-methyl-2H-pyridine","(R)-[(2S,5R)-5-ethenyl-1-azabicyclo[2.2.2]octan-2-yl]-(6-methoxyquinolin-4-yl)methanol",,C20H24N2O2,,LOUPRKONTZGTKE,,731 (Areca CATECHU L.),,
LOW,FBPFZTCFMRRESA,Bergenin | D-Mannose,Mannitol,D-Mannose,C6H14O6,C6H12O6,FBPFZTCFMRRESA,WQZGKKKJIJFFOK,121 (Albizia PROCERA (Roxb.) Benth.); 626 (Cuscuta REFLEXA Roxb.),,
LOW,RKHQLCNACMCZQU,kaempferol 3-O-glucoside,Kaempferol 3-(6''-ferulylglucoside),Astragalin,C31H28O14,C21H20O11,RKHQLCNACMCZQU,JPUKWEQWGBDDQB,418 (Lygodium FLEXUOSUM Sw.),,
LOW,HVYWMOMLDIMFJA,Flavoxanthin,Cholesterol,Flavoxanthin,C27H46O,C40H56O3,HVYWMOMLDIMFJA,JRHJXXLCNATYLS,637 (Cucurbita MAXIMA Duch.),,
LOW,YCAQPZXDWPHYBD,3-Carene,trans-3-Caren-2-ol,3-Carene,C10H16O,C10H16,YCAQPZXDWPHYBD,BQOFWKZOCNGFEC,915 (Altingia excelsa Noronha),,
LOW,BVKZGUZCCUSVTD,Cyanidin chloride,Malachite,Cyanidin Chloride,CH2O3,C15H11ClO6,BVKZGUZCCUSVTD,VEVZSMAEJFVWIL,563 (Entada rheedii Spreng.),,
LOW,KJHKTHWMRKYKJE,alpha-Copaene,Lopinavir,alpha-Copaene,C37H48N4O5,C15H24,KJHKTHWMRKYKJE,VLXDPFLIRFYIME,843 (Bougainvillea spectabilis Willd),,
LOW,SRHRAINFNPVRDF,boeravinone F,"[1]Benzopyrano[3,4-b][1]benzopyran-12(6H)-one, 11-hydroxy-6,9-dimethoxy-10-methyl-",Boeravinone F,C19H16O6,C17H10O7,SRHRAINFNPVRDF,IRFJPHPNKCAISA,9 (Boerhavia diffusa L.),,
LOW,DTWUHAOZSGPUHQ,Lawsonicin,"(2S,3R)-3-(hydroxymethyl)-2-[4-(3-hydroxypropyl)-3-methoxyphenyl]-6-methoxy-2,3-dihydro-1-benzofuran-5-ol",,C20H24O6,,DTWUHAOZSGPUHQ,,442 (Lawsonia INERMIS L.),,
LOW,IIOLXIVFODJEDX,1-Triacontanol,3-Cyclohexen-1-yl acetate,1-Triacontanol,C8H12O2,C30H62O,IIOLXIVFODJEDX,REZQBEBOWJAQKS,901 (Chenopodium ALBUM L.),,
LOW,TWXWPPKDQOWNSX,Flavylium,Dicyclohexyl ketone,Anthocyanins,C13H22O,C15H11O+,TWXWPPKDQOWNSX,NWKFECICNXDNOQ,843 (Bougainvillea spectabilis Willd),,
LOW,MKMCJLMBVKHUMS,beta-Sitosterol,Coixol,(-)-beta-Sitosterol,C8H7NO3,C29H50O,MKMCJLMBVKHUMS,KZJWDPNRJALLNS,637 (Cucurbita MAXIMA Duch.),,
LOW,AEDDIBAIWPIIBD,Lycopene,Mangiferin,Lycopene,C19H18O11,C40H56,AEDDIBAIWPIIBD,OAIJSZIZWZSQBC,626 (Cuscuta REFLEXA Roxb.),,
LOW,DUGOZIWVEXMGBE,Piperidineacetic Acid,Focalin,,C14H19NO2,,DUGOZIWVEXMGBE,,70 (Citrus reticulata Blanco),,
LOW,OMIDXVJKZCPKEI,Corodane,"4,7-Methano-5H-inden-5-one, octahydro-",,C10H14O,,OMIDXVJKZCPKEI,,447 (Lantana CAMARA L.),,
LOW,YHHSONZFOIEMCP,Choline phosphate,"N,N,N-trimethyl-2-(phosphonooxy)ethanaminium",,C5H15NO4P+,,YHHSONZFOIEMCP,,619 (Cyperus ROTUNDUS L.),,
LOW,YLRXAIKMLINXQY,Berberine | Pyridoxine | beta-Sitosterol,(+)-Magnoflorine,Berberine,C20H24NO4+,C20H18NO4+,YLRXAIKMLINXQY,YBHILYKTIRIUTE,717 (Anamirta COCCULUS (L.) W. & A.); 731 (Areca CATECHU L.),,
LOW,KTLUHRSHFRODPS,Leucopelargonidin | Procyanidin B2 | beta-Carotene,"Procyanidin B2 3,3'-di-O-gallate","3,4,4',5,7-Flavanpentol",C44H34O20,C15H14O6,KTLUHRSHFRODPS,FSVMLWOLZHGCQX,731 (Areca CATECHU L.),,
LOW,SVYKBKUULVTNPZ,Palmitic acid-methyl ester,"13-Hydroxy-palmitic acid, methyl ester, tBDMS ether",Methyl Palmitate,C23H48O3Si,C17H34O2,SVYKBKUULVTNPZ,FLIACVVOZYBSBS,356 (Nigella SATIVA L),,
LOW,RNKMOGIPOMVCHO,Tri-O-galloyl glucose,"1,3,6-Tri-O-Galloyl-Beta-D-Glucose",Trigalloylglucose,C27H24O18,C27H24O18,RNKMOGIPOMVCHO,UHDJFCOJSFPKML,192 (Terminalia CHEBULA Retz.),,
LOW,IZEUIYYDWBKERE,"6,10,14-Trimethylpentadecan-2-one | Stigmast-5-en-3-yl acetate | Syringic acid",Stigmasterol acetate,Npc155187,C31H50O2,C31H52O2,IZEUIYYDWBKERE,PBWOIPCULUXTNY,21 (Benincasa hispida (Thunb.) Cogn.); 623 (Cynodon DACTYLON (L.)Pers.); 765 (Benincasa HISPIDA (Thunb.) Cogn.),,
LOW,PHNMOKYFOUVECQ,alpha-Amyrin,1-Cyclopropyl-6-fluoro-7-[4-(2-hydroxyethyl)piperazin-1-yl]-4-oxo-quinoline-3-carboxylic acid,Alpha-Amyrin,C19H22FN3O4,C30H50O,PHNMOKYFOUVECQ,FSLPMRQHCOLESF,675 (Cocos NUCIFERA L.),,
LOW,ZYLPVUZBZNMVMR,20-Hydroxyecdysone,"2-[[(2R)-3-hexadecoxy-2-[(11Z,14Z)-icosa-11,14-dienoyl]oxypropoxy]-hydroxyphosphoryl]oxyethyl-trimethylazanium",20-Hydroxyecdysone,C44H87NO7P+,C27H44O7,ZYLPVUZBZNMVMR,LAFYUFZYMDYGLR,9 (Boerhavia diffusa L.),,
LOW,PIMZUZSSNYHVCU,(-)-8-Oxotetrahydropalmatine | Picrotin,Picrotoxinin,8-Oxypalmatine,C15H16O6,C15H18O7,PIMZUZSSNYHVCU,RYEFFICCPKWYML,717 (Anamirta COCCULUS (L.) W. & A.),,
HIGH,FWGYRFWKBWPRJD,"4-Methyl-2,3- dihydrofuran","2,3-Dihydro-4-methylfuran",,C5H8O,,FWGYRFWKBWPRJD,FWGYRFWKBWPRJD,92 (Abelmoschus MOSCHATUS Medik.),,
HIGH,INUKLMSJDZBXBV,Swietenine,Swietenine,,C32H40O9,,INUKLMSJDZBXBV,INUKLMSJDZBXBV,435 (Leucas ASPERA (Willd.) Link.),,
HIGH,RMAHPRNLQIRHIJ,O-Methylisourea hydrogen sulfate | O-methylisourea hydrogen sulfate | o-Methylisourea,"Carbamimidic acid, methyl ester, sulfate (1:1)",,C2H6N2O,,RMAHPRNLQIRHIJ,RMAHPRNLQIRHIJ,497 (Hibiscus SABDARIFFA L.); 498 (Hibiscus ROSA-SINENSIS L.); 872 (Cassia FISTULA L.),,
HIGH,PQNFLJBBNBOBRQ,Indane,Indane,,C9H10,,PQNFLJBBNBOBRQ,PQNFLJBBNBOBRQ,124 (Allium SATIVUM L.),,
HIGH,QIAFMBKCNZACKA,Hippurate | hippuric acid,Hippuric Acid,,C9H9NO3,,QIAFMBKCNZACKA,QIAFMBKCNZACKA,619 (Cyperus ROTUNDUS L.); 799 (Cannabis SATIVA L.),,
HIGH,DFUZNDJMFAJHKC,Ethyl (1- adamantylamino)carbothioylcarbamate,Ethyl (1-adamantylamino)carbothioylcarbamate,,C14H22N2O2S,,DFUZNDJMFAJHKC,DFUZNDJMFAJHKC,504 (Helminthostachys ZEYLANICA L.),,
HIGH,OHOBPOYHROOXEI,Kaempferol 3-glucorhamnoside | Kaempferol-3- neohesperidoside,Kaempferol 3-Neohesperidoside,,C27H30O15,,OHOBPOYHROOXEI,OHOBPOYHROOXEI,425 (Litsea MONOPETALA (Roxb.) Pers.); 499 (Hibiscus MUTABILIS L.),,
HIGH,JXTYHIJFKDXKHG,"2H-1,4-Benzodiazepin-2-one 7-chloro-1,3- dihydro-5-phenyl-1-(trimethylsilyl)","2H-1,4-Benzodiazepin-2-one, 1,3-dihydro-7-chloro-5-phenyl-1-trimethylsilyl-",,C18H19ClN2OSi,,JXTYHIJFKDXKHG,JXTYHIJFKDXKHG,195 (Terminalia ARJUNA (Roxb. ex DC.) Wight & Arn.),,
HIGH,UWXTYOJKSPHFNG,Cyclooctacosane,Cyclooctacosane,,C28H56,,UWXTYOJKSPHFNG,UWXTYOJKSPHFNG,192 (Terminalia CHEBULA Retz.),,
HIGH,BILPUZXRUDPOOF,Stearyl palmitate,Stearyl Palmitate,,C34H68O2,,BILPUZXRUDPOOF,BILPUZXRUDPOOF,498 (Hibiscus ROSA-SINENSIS L.),,
HIGH,OFUGTKAUAMKFPM,Cis-pulegone oxide,"p-Menthan-3-one, 4,8-epoxy-, cis-",,C10H16O2,,OFUGTKAUAMKFPM,OFUGTKAUAMKFPM,624 (Cymbopogon CITRATUS (DC.) Stapf.),,
HIGH,QWRTXOOFEHOROQ,Palustrol,Palustrol,,C15H26O,,QWRTXOOFEHOROQ,QWRTXOOFEHOROQ,632 (Curcuma ANGUSTIFOLIA Roxb.); 794 (Calotropis PROCERA (Aiton) Dryand.),,
HIGH,PBWOIPCULUXTNY,Sitosterol acetate | Stigmast-5-en-3-yl acetate,Beta-Sitosteryl Acetate,,C31H52O2,,PBWOIPCULUXTNY,PBWOIPCULUXTNY,43 (Lagerstroemia speciosa(l.) Pers.); 151 (Vitex NEGUNDO L.); 449 (Lagerstroemia speciosa (L.) Pers.),,
HIGH,LTEKQAPRXFBRNN,4-Piperidinemethanamine,4-(Aminomethyl)piperidine,,C6H14N2,,LTEKQAPRXFBRNN,LTEKQAPRXFBRNN,447 (Lantana CAMARA L.),,
HIGH,UIMAEYMKYMNCGW,limonen-10-ol,Menthadienol,,C10H16O,,UIMAEYMKYMNCGW,UIMAEYMKYMNCGW,70 (Citrus reticulata Blanco),,
HIGH,HZHJGFRDKJPQPV,"2,6-Dimethyl-1,7-octadiene-3,6-diol | 2,6-Dimethylocta-1,7-diene-3,6-diol","1,7-Octadiene-3,6-diol, 2,6-dimethyl-",,C10H18O2,,HZHJGFRDKJPQPV,HZHJGFRDKJPQPV,715 (Anacardium OCCIDENTALE L.); 867 (Carica PAPAYA L.),,
HIGH,DTHIOPUFUOMHAY,"3,6-Octadien-1-ol, 3,7-dimethyl-, (Z)-",Isogeraniol,,C10H18O,,DTHIOPUFUOMHAY,DTHIOPUFUOMHAY,497 (Hibiscus SABDARIFFA L.),,
HIGH,CYALIXCZDDIKKE,"Isosorbide, 2TBDMS derivative","Isosorbide, 2TBDMS derivative",,C18H38O4Si2,,CYALIXCZDDIKKE,CYALIXCZDDIKKE,794 (Calotropis PROCERA (Aiton) Dryand.),,
HIGH,DRUKNYVQGHETPO,"Nonanedioic acid, dimethyl ester",Dimethyl Azelate,,C11H20O4,,DRUKNYVQGHETPO,DRUKNYVQGHETPO,867 (Carica PAPAYA L.),,
HIGH,SLGAYYOOVPWBEU,"1,2,4-Thiadiazole-3,5-diamine",Amtizol,,C2H4N4S,,SLGAYYOOVPWBEU,SLGAYYOOVPWBEU,749 (Azadirachta INDICA A. Juss.),,
HIGH,FZIBCCGGICGWBP,Methyl 3-methyl-2-butenoate,Methyl 3-methyl-2-butenoate,,C6H10O2,,FZIBCCGGICGWBP,FZIBCCGGICGWBP,867 (Carica PAPAYA L.),,
HIGH,WXTMDXOMEHJXQO,Gentisic acid | gentisic acid,"2,5-Dihydroxybenzoic acid",,C7H6O4,,WXTMDXOMEHJXQO,WXTMDXOMEHJXQO,124 (Allium SATIVUM L.); 405 (Manihot ESCULENTA Crantz.); 497 (Hibiscus SABDARIFFA L.); 498 (Hibiscus ROSA-SINENSIS L.); 906 (Cinnamomum TAMALA Nees),,
HIGH,UDESWCQJPWPMKY,"3-Chloropropionic acid, heptadecyl ester | Heptadecyl 3-chloropropanoate",Heptadecyl 3-chloropropanoate,,C20H39ClO2,,UDESWCQJPWPMKY,UDESWCQJPWPMKY,195 (Terminalia ARJUNA (Roxb. ex DC.) Wight & Arn.); 525 (Gloriosa SUPERBA L.),,
HIGH,USMNOWBWPHYOEA,?-thujone | Cis-Thujone | Thujone | beta-Thujone | cis-Thujone | cis-thujone,Thujone,,C10H16O,,USMNOWBWPHYOEA,USMNOWBWPHYOEA,346 (Ocimum tenuiflorum L.); 407 (Mangifera INDICA L.); 423 (Luffa ACUTANGULA (L.) Roxb.); 447 (Lantana CAMARA L.); 497 (Hibiscus SABDARIFFA L.); 624 (Cymbopogon CITRATUS (DC.) Stapf.); 632 (Curcuma ANGUSTIFOLIA Roxb.); 661 (Coriandrum SATIVUM L.); 749 (Azadirachta INDICA A. Juss.),,
HIGH,BLGXFZZNTVWLAY,Yohimbine | yohimbine,Yohimbine,,C21H26N2O3,,BLGXFZZNTVWLAY,BLGXFZZNTVWLAY,78 (Holarrhena pubescens Wall.ex G.Don); 878 (Catharanthus roseus (L.) G.Don),,
HIGH,WAAGDSRYOTWUKB,"Tricyclo[5.2.2.0(1,6)]undecan-3-ol, 2-methylene-6,8,8-trimethyl-",Npc7084,,C15H24O,,WAAGDSRYOTWUKB,WAAGDSRYOTWUKB,114 (Aegle MARMELOS (L.) Corr.); 497 (Hibiscus SABDARIFFA L.); 897 (Centella ASIATICA (L.) Urban.),,
HIGH,CFWBDIIKUDFYDS,Gossypetin 3-O-glucoside,Gossypetin 3'-O-glucoside,,C21H20O13,,CFWBDIIKUDFYDS,CFWBDIIKUDFYDS,497 (Hibiscus SABDARIFFA L.),,
HIGH,JJOJFIHJIRWASH,Eicosanedioic acid,Eicosanedioic Acid,,C20H38O4,,JJOJFIHJIRWASH,JJOJFIHJIRWASH,906 (Cinnamomum TAMALA Nees),,
HIGH,PESKGJQREUXSRR,Cholestan-3-one,Cholestan-3-one,,C27H46O,,PESKGJQREUXSRR,PESKGJQREUXSRR,878 (Catharanthus roseus (L.) G.Don),,
HIGH,PANBRUWVURLWGY,(E )-2-undecenal | (E)-2-Undecenal | (E)-2-undecenal | 2-Undecenal,(E)-2-Undecenal,,C11H20O,,PANBRUWVURLWGY,PANBRUWVURLWGY,70 (Citrus reticulata Blanco); 200 (Tamarindus INDICA L.); 497 (Hibiscus SABDARIFFA L.); 624 (Cymbopogon CITRATUS (DC.) Stapf.); 661 (Coriandrum SATIVUM L.); 687 (Citrus maxima (Burm.) Merr.); 796 (Camellia sinensis (L.) O. Kuntze.),,
HIGH,QAIPRVGONGVQAS,Caffeic Acid | Caffeic acid | caffeic acid,Caffeic Acid,,C9H8O4,,QAIPRVGONGVQAS,QAIPRVGONGVQAS,27 (Moringa oleifera Lam.); 43 (Lagerstroemia speciosa(l.) Pers.); 70 (Citrus reticulata Blanco); 78 (Holarrhena pubescens Wall.ex G.Don); 95 (Abutilon INDICUM (L.) Sweet); 113 (Haldina cordifolia (Roxb.) Ridsdale); 116 (Ageratum CONYZOIDES L.); 124 (Allium SATIVUM L.); 207 (Syzygium CUMINI (L.) Skeel.); 356 (Nigella SATIVA L); 368 (Murraya PANICULATA (L.) Jacq.); 374 (Moringa OLEIFERA Lamk.); 386 (Mimusops ELENGI L.); 396 (Melochia CORCHORIFOLIA L.); 410 (Maesa INDICA Wall.); 423 (Luffa ACUTANGULA (L.) Roxb.); 449 (Lagerstroemia speciosa (L.) Pers.); 491 (Hopea ODORATA Roxb.); 497 (Hibiscus SABDARIFFA L.); 499 (Hibiscus MUTABILIS L.); 515 (Grewia asiatica L.); 525 (Gloriosa SUPERBA L.); 619 (Cyperus ROTUNDUS L.); 624 (Cymbopogon CITRATUS (DC.) Stapf.); 687 (Citrus maxima (Burm.) Merr.); 786 (Caesalpinia BONDUC (L.) Roxb.); 799 (Cannabis SATIVA L.); 819 (Melochia corchorifolia L.); 867 (Carica PAPAYA L.); 872 (Cassia FISTULA L.),,
HIGH,YNQLUTRBYVCPMQ,Ethyl Benzene | Ethylbenzene | ethylbenzene,Ethylbenzene,,C8H10,,YNQLUTRBYVCPMQ,YNQLUTRBYVCPMQ,192 (Terminalia CHEBULA Retz.); 200 (Tamarindus INDICA L.); 356 (Nigella SATIVA L); 407 (Mangifera INDICA L.); 715 (Anacardium OCCIDENTALE L.); 748 (Averrhoa CARAMBOLA L.); 793 (Calotropis GIGANTEA (L.) R. Br.); 867 (Carica PAPAYA L.),,
HIGH,XLSMFKSTNGKWQX,"1-Hydroxy-2-propanone | 2-Propanone, 1-hydroxy | 2-Propanone, 1-hydroxy- | Hydroxyacetone | hydroxyacetone",Hydroxyacetone,,C3H6O2,,XLSMFKSTNGKWQX,XLSMFKSTNGKWQX,124 (Allium SATIVUM L.); 200 (Tamarindus INDICA L.); 405 (Manihot ESCULENTA Crantz.); 497 (Hibiscus SABDARIFFA L.); 629 (Curcuma LONGA L.),,
HIGH,HQKQRXZEXPXXIG,Cedryl acetate,Cedryl Acetate,,C17H28O2,,HQKQRXZEXPXXIG,HQKQRXZEXPXXIG,75 (Ferula foetida (Bunge) Regel),,
HIGH,LFWQUGCYGMCTQW,"Tricyclo[4.3.1.1(3,8)]undecane",Homoadamantane,,C11H18,,LFWQUGCYGMCTQW,LFWQUGCYGMCTQW,749 (Azadirachta INDICA A. Juss.),,
HIGH,FTFPXINQVCVDEY,"4',5-Dihydroxy-7,8-dimethoxyflavone","4',5-Dihydroxy-7,8-dimethoxyflavone",,C17H14O6,,FTFPXINQVCVDEY,FTFPXINQVCVDEY,70 (Citrus reticulata Blanco),,
HIGH,RUMOYJJNUMEFDD,(S)-(-)-Perillaldehyde | Perilla aldehyde | Perillaaldehyde | Perillaldehyde | perillaldehyde,"Perillaldehyde, (-)-",,C10H14O,,RUMOYJJNUMEFDD,RUMOYJJNUMEFDD,70 (Citrus reticulata Blanco); 624 (Cymbopogon CITRATUS (DC.) Stapf.); 635 (Cuminum CYMINUM L.); 687 (Citrus maxima (Burm.) Merr.),,
HIGH,XCIXKGXIYUWCLL,Cyclopentanol,Cyclopentanol,,C5H10O,,XCIXKGXIYUWCLL,XCIXKGXIYUWCLL,748 (Averrhoa CARAMBOLA L.),,
HIGH,WOYWLLHHWAMFCB,2-ethylhexyl acetate,2-Ethylhexyl Acetate,,C10H20O2,,WOYWLLHHWAMFCB,WOYWLLHHWAMFCB,435 (Leucas ASPERA (Willd.) Link.),,
HIGH,MBKUYULYIBPFSF,A1-Barrigenol,A1-Barrigenol,,C30H50O5,,MBKUYULYIBPFSF,MBKUYULYIBPFSF,796 (Camellia sinensis (L.) O. Kuntze.),,
HIGH,BAYUSCHCCGXLAY,3'-Methoxyacetophenone,3-Methoxyacetophenone,,C9H10O2,,BAYUSCHCCGXLAY,BAYUSCHCCGXLAY,94 (Abrus PRECATORIUS L.),,
HIGH,DTCCTIQRPGSLPT,(E)-2-Pentenal | (E)-2-pentenal | (E)-2-pentenal D | (Z)-2-pentenal | trans-2-Pentenal,(e)-2-Pentenal-d,,C5H8O,,DTCCTIQRPGSLPT,DTCCTIQRPGSLPT,70 (Citrus reticulata Blanco); 200 (Tamarindus INDICA L.); 346 (Ocimum tenuiflorum L.); 407 (Mangifera INDICA L.); 497 (Hibiscus SABDARIFFA L.); 687 (Citrus maxima (Burm.) Merr.),,
HIGH,MBZBBVTYLUNZPJ,15-Norcaryophyllen-3-one,15-Norcaryophyllen-3-one,,C14H22O,,MBZBBVTYLUNZPJ,MBZBBVTYLUNZPJ,128 (Zingiber ZERUMBET (L.) Roscoe ex Sm.),,
HIGH,ISYWECDDZWTKFF,Nonadecanoic acid,Nonadecanoic Acid,,C19H38O2,,ISYWECDDZWTKFF,ISYWECDDZWTKFF,867 (Carica PAPAYA L.); 906 (Cinnamomum TAMALA Nees),,
HIGH,RSDDHGSKLOSQFK,"2H-1-Benzopyran-2-one, 7-[(3,7-dimethyl-2,6-octadienyl) oxy]-, (E)- | 7-geranyloxycoumarin | Auraptene",Auraptene,,C19H22O3,,RSDDHGSKLOSQFK,RSDDHGSKLOSQFK,114 (Aegle MARMELOS (L.) Corr.); 687 (Citrus maxima (Burm.) Merr.),,
HIGH,GNRIZKKCNOBBMO,Mangostin,Mangostin,,C24H26O6,,GNRIZKKCNOBBMO,GNRIZKKCNOBBMO,78 (Holarrhena pubescens Wall.ex G.Don),,
HIGH,AVBRYQRTMPHARE,"Formic acid, octyl ester",Octyl formate,,C9H18O2,,AVBRYQRTMPHARE,AVBRYQRTMPHARE,70 (Citrus reticulata Blanco),,
HIGH,DCXXMTOCNZCJGO,Glyceryl tristearate,Tristearin,,C57H110O6,,DCXXMTOCNZCJGO,DCXXMTOCNZCJGO,867 (Carica PAPAYA L.),,
HIGH,UHQZGHLWHFIZHF,3-ethenyl-Cyclooctene,3-Ethenylcyclooctene,,C10H16,,UHQZGHLWHFIZHF,UHQZGHLWHFIZHF,505 (Heliotropium INDICUM L.),,
HIGH,ACFCPKXNISJZKZ,dehydroionene,Dehydroionene,,C13H18,,ACFCPKXNISJZKZ,ACFCPKXNISJZKZ,407 (Mangifera INDICA L.),,
