rank,plant_index,plant_name,plant_family,target,target_name,threshold,total_compounds,strict_domain_count,strict_domain_percentage,predicted_active_count,predicted_active_fraction,mean_probability,max_probability,top_candidate_CID,top_candidate_name,top_candidate_probability,top_candidate_similarity,confidence_summary,selection_notes
1,332,Passiflora FOETIDA L.,Passifloraceae,cox1,COX-1 (PTGS1),6,70,3,4.29,3,1.0,0.6539,0.7967,4133,Methyl salicylate,0.7967,0.4167,"HIGH=3, MED=0, LOW=0",Prioritized at T=6 with strict-domain coverage >= 3 (3 compounds in domain)
2,74,Carum carvi L.,Apiaceae,cox1,COX-1 (PTGS1),6,130,5,3.85,4,0.8,0.435,0.6767,1549045,Trans-methyl isoeugenol,0.585,0.6333,"HIGH=7, MED=0, LOW=0",Prioritized at T=6 with strict-domain coverage >= 3 (5 compounds in domain)
3,508,Hedyotis SCANDENS Roxb.,Rubiaceae,cox1,COX-1 (PTGS1),6,34,4,11.76,3,0.75,0.5275,0.7117,1017,"1,2-Benzenedicarboxylic acid",0.7117,0.4062,"HIGH=3, MED=1, LOW=0",Prioritized at T=6 with strict-domain coverage >= 3 (4 compounds in domain)
4,806,Sida rhombifolia L.,Malvaceae,cox1,COX-1 (PTGS1),6,18,4,22.22,3,0.75,0.4646,0.7967,442935,"(3S)-3-hydroxy-2,3-dihydro-1H-pyrrolo[2,1-b]quinazolin-9-one",0.63,0.4286,"HIGH=4, MED=0, LOW=0",Prioritized at T=6 with strict-domain coverage >= 3 (4 compounds in domain)
5,1,Piper betle L.,Piperaceae,cox1,COX-1 (PTGS1),6,103,4,3.88,3,0.75,0.4284,0.6717,938,Nicotinic acid,0.545,0.4359,"HIGH=4, MED=0, LOW=0",Prioritized at T=6 with strict-domain coverage >= 3 (4 compounds in domain)
6,671,Colocasia ESCULENTA (L.) Schott.,Araceae,cox1,COX-1 (PTGS1),6,67,11,16.42,8,0.7273,0.5215,0.86,3102,Benzophenone,0.86,0.5,"HIGH=11, MED=0, LOW=0",Prioritized at T=6 with strict-domain coverage >= 3 (11 compounds in domain)
7,407,Mangifera INDICA L.,Anacardiaceae,cox1,COX-1 (PTGS1),6,423,30,7.09,21,0.7,0.4894,0.86,3102,Benzophenone,0.86,0.5,"HIGH=33, MED=2, LOW=0",Prioritized at T=6 with strict-domain coverage >= 3 (30 compounds in domain)
8,462,Jasminum SAMBAC (L.) Ait.,Oleaceae,cox1,COX-1 (PTGS1),6,153,16,10.46,11,0.6875,0.4919,0.86,3102,Benzophenone,0.86,0.5,"HIGH=33, MED=0, LOW=0",Prioritized at T=6 with strict-domain coverage >= 3 (16 compounds in domain)
9,307,Piper NIGRUM L.,Piperaceae,cox1,COX-1 (PTGS1),6,242,8,3.31,5,0.625,0.4744,0.805,9231,Azulene,0.79,0.4091,"HIGH=8, MED=0, LOW=0",Prioritized at T=6 with strict-domain coverage >= 3 (8 compounds in domain)
10,721,Annona RETICULATA L.,Annonaceae,cox1,COX-1 (PTGS1),6,99,8,8.08,5,0.625,0.4629,0.86,3102,Benzophenone,0.86,0.5,"HIGH=10, MED=0, LOW=0",Prioritized at T=6 with strict-domain coverage >= 3 (8 compounds in domain)
11,632,Curcuma ANGUSTIFOLIA Roxb.,Zingiberaceae,cox1,COX-1 (PTGS1),6,314,13,4.14,8,0.6154,0.4635,0.7,6943,o-Cumenol,0.6867,0.5909,"HIGH=13, MED=0, LOW=0",Prioritized at T=6 with strict-domain coverage >= 3 (13 compounds in domain)
12,299,Plumeria RUBRA L.,Apocynaceae,cox1,COX-1 (PTGS1),6,141,19,13.48,11,0.5789,0.4828,0.8617,338,Salicylic acid,0.8617,0.4242,"HIGH=19, MED=0, LOW=0",Prioritized at T=6 with strict-domain coverage >= 3 (19 compounds in domain)
13,68,Citrus limon (L.) Osbeck,Rutaceae,cox1,COX-1 (PTGS1),6,246,14,5.69,8,0.5714,0.3914,0.805,7150,Methyl benzoate,0.6183,0.4167,"HIGH=15, MED=0, LOW=0",Prioritized at T=6 with strict-domain coverage >= 3 (14 compounds in domain)
14,346,Ocimum tenuiflorum L.,Lamiaceae,cox1,COX-1 (PTGS1),6,203,7,3.45,4,0.5714,0.4181,0.805,996,Phenol,0.675,0.4348,"HIGH=6, MED=1, LOW=1",Prioritized at T=6 with strict-domain coverage >= 3 (7 compounds in domain)
15,794,Calotropis PROCERA (Aiton) Dryand.,Asclepiadaceae,cox1,COX-1 (PTGS1),6,118,7,5.93,4,0.5714,0.3998,0.7117,1017,"1,2-Benzenedicarboxylic acid",0.7117,0.4062,"HIGH=8, MED=0, LOW=0",Prioritized at T=6 with strict-domain coverage >= 3 (7 compounds in domain)
1,697,Alocasia INDICA (Roxb.) Schott.,Araceae,cox2,COX-2 (PTGS2),6,30,4,13.33,2,0.5,0.2746,0.5378,253581,"1H indole, 5 methyl-2, 3 diphenyl",0.515,0.7436,"HIGH=3, MED=1, LOW=0",Prioritized at T=6 with strict-domain coverage >= 3 (4 compounds in domain)
2,806,Sida rhombifolia L.,Malvaceae,cox2,COX-2 (PTGS2),6,18,3,16.67,1,0.3333,0.2731,0.5833,442935,"(3S)-3-hydroxy-2,3-dihydro-1H-pyrrolo[2,1-b]quinazolin-9-one",0.4767,0.4286,"HIGH=3, MED=0, LOW=0",Prioritized at T=6 with strict-domain coverage >= 3 (3 compounds in domain)
3,425,Litsea MONOPETALA (Roxb.) Pers.,Lauraceae,cox2,COX-2 (PTGS2),6,27,7,25.93,2,0.2857,0.2776,0.5133,637760,trans-chalcone,0.5133,0.4,"HIGH=7, MED=0, LOW=0",Prioritized at T=6 with strict-domain coverage >= 3 (7 compounds in domain)
4,192,Terminalia CHEBULA Retz.,Combretaceae,cox2,COX-2 (PTGS2),6,345,37,10.72,10,0.2703,0.2576,0.7267,250397,chebulagic acid,0.7267,0.9114,"HIGH=36, MED=2, LOW=2",Prioritized at T=6 with strict-domain coverage >= 3 (37 compounds in domain)
5,283,Punica GRANATUM L.,Punicaeae,cox2,COX-2 (PTGS2),6,114,15,13.16,4,0.2667,0.27,0.5858,10033935,Ellagitannin,0.5858,0.5,"HIGH=15, MED=0, LOW=0",Prioritized at T=6 with strict-domain coverage >= 3 (15 compounds in domain)
6,221,Spondias PINNATA (L.f.) Kurz.,Anacardiaceae,cox2,COX-2 (PTGS2),6,13,4,30.77,1,0.25,0.2675,0.5267,3001497,Geraniin,0.5267,0.5,"HIGH=4, MED=0, LOW=0",Prioritized at T=6 with strict-domain coverage >= 3 (4 compounds in domain)
7,316,. PHYLLANTHUS EMBLICA L. (Euphorbiaceae),Euphorbiaceae,cox2,COX-2 (PTGS2),6,48,17,35.42,4,0.2353,0.2448,0.7267,250397,chebulagic acid,0.7267,0.9114,"HIGH=17, MED=0, LOW=0",Prioritized at T=6 with strict-domain coverage >= 3 (17 compounds in domain)
8,38,Pterocarpus SANTALINUS L. f.,Fabaceae,cox2,COX-2 (PTGS2),6,30,9,30.0,2,0.2222,0.2193,0.3867,5281727,Pterostilbene,0.3867,0.8889,"HIGH=10, MED=0, LOW=0",Prioritized at T=6 with strict-domain coverage >= 3 (9 compounds in domain)
9,61,Mallotus philippensis (Lam.) Muell.-Arg.,Euphorbiaceae,cox2,COX-2 (PTGS2),6,46,11,23.91,2,0.1818,0.2212,0.5133,637760,trans-chalcone,0.5133,0.4,"HIGH=10, MED=1, LOW=0",Prioritized at T=6 with strict-domain coverage >= 3 (11 compounds in domain)
10,60,Macaranga peltata (Roxb.)Muell.-Arg.,Euphorbiaceae,cox2,COX-2 (PTGS2),6,24,8,33.33,1,0.125,0.2628,0.4867,73568,Corilagin,0.4867,0.5059,"HIGH=7, MED=0, LOW=1",Prioritized at T=6 with strict-domain coverage >= 3 (8 compounds in domain)
11,196,Tephrosia PURPUREA (L.) Pers.,Fabaceae,cox2,COX-2 (PTGS2),6,49,8,16.33,1,0.125,0.24,0.5,6917586,Tephrone,0.41,0.4035,"HIGH=9, MED=0, LOW=0",Prioritized at T=6 with strict-domain coverage >= 3 (8 compounds in domain)
12,77,Strychnos potatorum L. f.,Loganiaceae,cox2,COX-2 (PTGS2),6,37,8,21.62,1,0.125,0.1676,0.6967,441983,Angustine,0.6967,0.5273,"HIGH=8, MED=0, LOW=0",Prioritized at T=6 with strict-domain coverage >= 3 (8 compounds in domain)
13,287,Psidium GUAJAVA L.,Myrtaceae,cox2,COX-2 (PTGS2),6,407,49,12.04,6,0.1224,0.1881,0.5833,78172774,Guavin B,0.55,0.4316,"HIGH=49, MED=0, LOW=0",Prioritized at T=6 with strict-domain coverage >= 3 (49 compounds in domain)
14,68,Citrus limon (L.) Osbeck,Rutaceae,cox2,COX-2 (PTGS2),6,246,25,10.16,3,0.12,0.156,0.4667,145659,Sinensetin,0.4,0.4681,"HIGH=25, MED=0, LOW=0",Prioritized at T=6 with strict-domain coverage >= 3 (25 compounds in domain)
15,114,Aegle MARMELOS (L.) Corr.,Rutaceae,cox2,COX-2 (PTGS2),6,236,17,7.2,2,0.1176,0.1696,0.6633,75018,"5,6-dimethoxy-1-indanone",0.6633,0.4222,"HIGH=15, MED=3, LOW=0",Prioritized at T=6 with strict-domain coverage >= 3 (17 compounds in domain)
1,38,Pterocarpus SANTALINUS L. f.,Fabaceae,xo,Xanthine Oxidase (XDH),6,30,4,13.33,2,0.5,0.2833,0.4333,5281727,Pterostilbene,0.4333,0.5135,"HIGH=4, MED=0, LOW=0",Prioritized at T=6 with strict-domain coverage >= 3 (4 compounds in domain)
2,43,Lagerstroemia speciosa(l.) Pers.,Lythraceae,xo,Xanthine Oxidase (XDH),6,82,5,6.1,2,0.4,0.2677,0.5517,6844,1-hydroxy-2-naphthoic acid,0.5517,0.4,"HIGH=4, MED=1, LOW=0",Prioritized at T=6 with strict-domain coverage >= 3 (5 compounds in domain)
3,449,Lagerstroemia speciosa (L.) Pers.,Lythraceae,xo,Xanthine Oxidase (XDH),6,82,5,6.1,2,0.4,0.2677,0.5517,6844,1-hydroxy-2-naphthoic acid,0.5517,0.4,"HIGH=4, MED=1, LOW=0",Prioritized at T=6 with strict-domain coverage >= 3 (5 compounds in domain)
4,867,Carica PAPAYA L.,Caricaceae,xo,Xanthine Oxidase (XDH),6,355,6,1.69,2,0.3333,0.293,0.6583,135,4-Hydroxybenzoic acid,0.5233,0.5926,"HIGH=5, MED=1, LOW=0",Prioritized at T=6 with strict-domain coverage >= 3 (6 compounds in domain)
5,503,Hemidesmus INDICUS (L.) R. Br.,Asclepiadaceae,xo,Xanthine Oxidase (XDH),6,51,6,11.76,2,0.3333,0.2783,0.7083,75231,4-Methoxysalicylic acid,0.7083,0.5111,"HIGH=4, MED=1, LOW=1",Prioritized at T=6 with strict-domain coverage >= 3 (6 compounds in domain)
6,77,Strychnos potatorum L. f.,Loganiaceae,xo,Xanthine Oxidase (XDH),6,37,3,8.11,1,0.3333,0.3911,0.7083,75231,4-Methoxysalicylic acid,0.7083,0.5111,"HIGH=3, MED=0, LOW=0",Prioritized at T=6 with strict-domain coverage >= 3 (3 compounds in domain)
7,4,Papaver somniferum L.,Papaveraceae,xo,Xanthine Oxidase (XDH),6,118,3,2.54,1,0.3333,0.3055,0.5483,135,4-Hydroxybenzoic acid,0.5233,0.5926,"HIGH=3, MED=0, LOW=0",Prioritized at T=6 with strict-domain coverage >= 3 (3 compounds in domain)
8,683,Cleome VISCOSA L.,Capparidaceae,xo,Xanthine Oxidase (XDH),6,25,3,12.0,1,0.3333,0.27,0.6983,439246,Naringenin,0.4017,0.7556,"HIGH=3, MED=0, LOW=0",Prioritized at T=6 with strict-domain coverage >= 3 (3 compounds in domain)
9,612,Dalbergia STIPULACEA Roxb.,Fabaceae,xo,Xanthine Oxidase (XDH),6,12,3,25.0,1,0.3333,0.2422,0.4317,638278,Isoliquiritigenin,0.4317,0.5833,"HIGH=2, MED=1, LOW=0",Prioritized at T=6 with strict-domain coverage >= 3 (3 compounds in domain)
10,356,Nigella SATIVA L,Ranunculaceae,xo,Xanthine Oxidase (XDH),6,121,17,14.05,5,0.2941,0.2868,0.5783,135,4-Hydroxybenzoic acid,0.5233,0.5926,"HIGH=16, MED=0, LOW=1",Prioritized at T=6 with strict-domain coverage >= 3 (17 compounds in domain)
11,405,Manihot ESCULENTA Crantz.,Euphorbiaceae,xo,Xanthine Oxidase (XDH),6,87,16,18.39,4,0.25,0.2314,0.5233,135,4-Hydroxybenzoic acid,0.5233,0.5926,"HIGH=16, MED=0, LOW=0",Prioritized at T=6 with strict-domain coverage >= 3 (16 compounds in domain)
12,748,Averrhoa CARAMBOLA L.,Averrhoaceae,xo,Xanthine Oxidase (XDH),6,201,4,1.99,1,0.25,0.3709,0.5867,7478,Anisic acid,0.5867,0.6452,"HIGH=4, MED=0, LOW=0",Prioritized at T=6 with strict-domain coverage >= 3 (4 compounds in domain)
13,579,Drynaria QUERCIFOLIA (L.) J. Sm.,Drynariaceae,xo,Xanthine Oxidase (XDH),6,83,4,4.82,1,0.25,0.23,0.6967,72,Protocatechuic acid,0.445,0.4545,"HIGH=4, MED=0, LOW=0",Prioritized at T=6 with strict-domain coverage >= 3 (4 compounds in domain)
14,906,Cinnamomum TAMALA Nees,Lauraceae,xo,Xanthine Oxidase (XDH),6,244,10,4.1,2,0.2,0.297,0.5233,135,4-Hydroxybenzoic acid,0.5233,0.5926,"HIGH=11, MED=1, LOW=0",Prioritized at T=6 with strict-domain coverage >= 3 (10 compounds in domain)
15,203,Tabernaemontana DIVARICATA (L.) R.Br. ex Roem. & Schult.,Apocynaceae,xo,Xanthine Oxidase (XDH),6,49,5,10.2,1,0.2,0.2933,0.4933,72,Protocatechuic acid,0.445,0.4545,"HIGH=5, MED=0, LOW=0",Prioritized at T=6 with strict-domain coverage >= 3 (5 compounds in domain)
1,313,Phyllanthus URINARIA L.,Euphorbiaceae,maoa,MAO-A (CHRFAM7A/MAOA),6,17,5,29.41,4,0.8,0.4117,0.5333,5280863,Kaempferol,0.5333,0.75,"HIGH=5, MED=0, LOW=0",Prioritized at T=6 with strict-domain coverage >= 3 (5 compounds in domain)
2,35,Clitoria ternatea L.,Fabaceae,maoa,MAO-A (CHRFAM7A/MAOA),6,31,8,25.81,6,0.75,0.4256,0.5333,5280863,Kaempferol,0.5333,0.75,"HIGH=4, MED=1, LOW=4",Prioritized at T=6 with strict-domain coverage >= 3 (8 compounds in domain)
3,418,Lygodium FLEXUOSUM Sw.,Lygodiaceae,maoa,MAO-A (CHRFAM7A/MAOA),6,11,3,27.27,2,0.6667,0.4361,0.5333,5280863,Kaempferol,0.5333,0.75,"HIGH=3, MED=0, LOW=0",Prioritized at T=6 with strict-domain coverage >= 3 (3 compounds in domain)
4,705,Amaranthus SPINOSUS L.,Amaranthaceae,maoa,MAO-A (CHRFAM7A/MAOA),6,17,3,17.65,2,0.6667,0.4058,0.5333,5280863,Kaempferol,0.5333,0.75,"HIGH=3, MED=0, LOW=0",Prioritized at T=6 with strict-domain coverage >= 3 (3 compounds in domain)
5,603,Derris TRIFOLIATA Lour.,Fabeceae,maoa,MAO-A (CHRFAM7A/MAOA),6,45,10,22.22,6,0.6,0.4536,0.87,5281691,Rhamnetin,0.87,0.8095,"HIGH=10, MED=0, LOW=0",Prioritized at T=6 with strict-domain coverage >= 3 (10 compounds in domain)
6,761,Bauhinia PURPUREA L.,Caesalpinaeae,maoa,MAO-A (CHRFAM7A/MAOA),6,40,5,12.5,3,0.6,0.3513,0.4967,5280343,Quercetin,0.4967,0.6744,"HIGH=5, MED=1, LOW=0",Prioritized at T=6 with strict-domain coverage >= 3 (5 compounds in domain)
7,34,Saraca asoca (Roxb.) Wild.,Caesalpiniaceae,maoa,MAO-A (CHRFAM7A/MAOA),6,27,7,25.93,4,0.5714,0.3895,0.4967,5280343,Quercetin,0.4967,0.6744,"HIGH=7, MED=0, LOW=0",Prioritized at T=6 with strict-domain coverage >= 3 (7 compounds in domain)
8,257,Saraca ASOCA (Roxb.) De Wilde.,Fabaceae,maoa,MAO-A (CHRFAM7A/MAOA),6,27,7,25.93,4,0.5714,0.3895,0.4967,5280343,Quercetin,0.4967,0.6744,"HIGH=7, MED=0, LOW=0",Prioritized at T=6 with strict-domain coverage >= 3 (7 compounds in domain)
9,683,Cleome VISCOSA L.,Capparidaceae,maoa,MAO-A (CHRFAM7A/MAOA),6,25,4,16.0,2,0.5,0.3822,0.6183,44259089,Kaempferide 3-glucuronide,0.6183,0.5667,"HIGH=4, MED=0, LOW=0",Prioritized at T=6 with strict-domain coverage >= 3 (4 compounds in domain)
10,28,Diospyros malabarica(desr.) Kostel.,Ebenaceaea,maoa,MAO-A (CHRFAM7A/MAOA),6,30,4,13.33,2,0.5,0.305,0.4578,5317765,Dihydroflavonol glycoside,0.4417,0.5263,"HIGH=1, MED=2, LOW=1",Prioritized at T=6 with strict-domain coverage >= 3 (4 compounds in domain)
11,587,Diospyros MALABARICA (Desr.) Kostel,Ebenaceae,maoa,MAO-A (CHRFAM7A/MAOA),6,30,4,13.33,2,0.5,0.305,0.4578,5317765,Dihydroflavonol glycoside,0.4417,0.5263,"HIGH=1, MED=2, LOW=1",Prioritized at T=6 with strict-domain coverage >= 3 (4 compounds in domain)
12,354,Nyctanthes ARBOR-TRISTIS L.,Oleaceae,maoa,MAO-A (CHRFAM7A/MAOA),6,40,4,10.0,2,0.5,0.3009,0.48,5318767,Kaempferol 3-O-rutinoside,0.465,0.4058,"HIGH=5, MED=0, LOW=0",Prioritized at T=6 with strict-domain coverage >= 3 (4 compounds in domain)
13,812,Hibiscus schizopetalus (Mast.) Hook. f.,Malvaceae,maoa,MAO-A (CHRFAM7A/MAOA),6,67,21,31.34,9,0.4286,0.3394,0.5333,5280863,Kaempferol,0.5333,0.75,"HIGH=16, MED=3, LOW=2",Prioritized at T=6 with strict-domain coverage >= 3 (21 compounds in domain)
14,196,Tephrosia PURPUREA (L.) Pers.,Fabaceae,maoa,MAO-A (CHRFAM7A/MAOA),6,49,14,28.57,6,0.4286,0.3624,0.5406,10978265,"2-Phenylfuro[2,3-h]chromen-4-one",0.5406,0.5349,"HIGH=15, MED=0, LOW=0",Prioritized at T=6 with strict-domain coverage >= 3 (14 compounds in domain)
15,396,Melochia CORCHORIFOLIA L.,Sterculiaceae,maoa,MAO-A (CHRFAM7A/MAOA),6,32,7,21.88,3,0.4286,0.3297,0.4994,5281693,robunin,0.4994,0.4265,"HIGH=4, MED=2, LOW=1",Prioritized at T=6 with strict-domain coverage >= 3 (7 compounds in domain)
