inchikey_connectivity,n_chembl_molregno,chembl_ids,chembl_natural_product_flag,n_activity_all,n_activity_usable,n_activity_strict
GCAIEHBYLQNGAF,1,CHEMBL1087008,True,8,0,0
MJSGKSOAYQWXBA,0,,False,0,0,0
CYQFCXCEBYINGO,3,CHEMBL465|CHEMBL4845760|CHEMBL4862731,True,476,92,67
YMNFLKTYCUPAKF,0,,False,0,0,0
KJPUWZVESPGSAG,0,,False,0,0,0
PTJFJXLGRSTECQ,1,CHEMBL1593789,True,1,0,0
SHDPRTQPPWIEJG,0,,False,0,0,0
PPDFQRAASCRJAH,0,,False,0,0,0
ANOXEUSGZWSCQL,3,CHEMBL1711244|CHEMBL1983719|CHEMBL443389,True,83,4,0
UEQUQVLFIPOEMF,3,CHEMBL1329927|CHEMBL252719|CHEMBL6437,True,1259,155,112
QHPQWRBYOIRBIT,1,CHEMBL16217,False,41,2,1
CFHLWYSOOMXQBY,0,,False,0,0,0
FGQLGYBGTRHODR,0,,False,0,0,0
UTCJVDFLMODHQX,0,,False,0,0,0
ZAGUSKAXELYWCE,0,,False,0,0,0
UCONUSSAWGCZMV,1,CHEMBL465718,True,46,7,6
XVOLIFYNNVCOPB,0,,False,0,0,0
NXXYKOUNUYWIHA,1,CHEMBL30106,True,18,2,0
GTJOHISYCKPIMT,0,,False,0,0,0
ODSSDTBFHAYYMD,2,CHEMBL1097034|CHEMBL453802,True,42,5,0
GUMSHIGGVOJLBP,1,CHEMBL3184988,True,0,0,0
FRISMOQHTLZZRP,0,,False,0,0,0
IAYPIBMASNFSPL,1,CHEMBL1743219,True,4,0,0
LGTLDEUQCOJGFP,1,CHEMBL3188009,True,0,0,0
RAKJVIPCCGXHHS,1,CHEMBL350475,True,96,5,4
ANVAOWXLWRTKGA,0,,False,0,0,0
ZYRLCOGVOHEKBK,0,,False,0,0,0
NDOBLXUMYKEAGT,0,,False,0,0,0
HGOZECVJNYXKMC,0,,False,0,0,0
XXFACTAYGKKOQB,0,,False,0,0,0
XOAUNGGNONXOND,0,,False,0,0,0
CWZLMWSCLBFCBY,2,CHEMBL255035|CHEMBL501251,True,33,0,0
GQGAUUMVOCWEFW,1,CHEMBL250269,True,4,1,0
WBNNEYYTBIRMIS,0,,False,0,0,0
SRISWFJLVRCABV,0,,False,0,0,0
TUXHHVJPGQUPCF,1,CHEMBL2007424,True,63,0,0
IGCLXUHNXACQQD,0,,False,0,0,0
LGIKFBYSSJHCQR,0,,False,0,0,0
GQYZDAIERJIQDI,0,,False,0,0,0
BNXZHVUCNYMNOS,0,,False,0,0,0
POVUXBMNAVCSAW,0,,False,0,0,0
VXRAIAAMNNTQES,0,,False,0,0,0
XXHDAWYDNSXJQM,0,,False,0,0,0
SFVUIUUSVAMYPP,0,,False,0,0,0
DUYRYUZIBGFLDD,1,CHEMBL455046,True,4,0,0
XBNHWTBTLQIXHU,0,,False,0,0,0
QSOLQDIOEJREPU,0,,False,0,0,0
YOVSPTNQHMDJAG,1,CHEMBL2287242,True,2,0,0
KAYVDASZRFLFRZ,2,CHEMBL483708|CHEMBL525259,True,29,2,0
YMTINGFKWWXKFG,1,CHEMBL672,True,4678,64,44
RHGHBLSDPQFOTE,0,,False,0,0,0
AVHGSHJBWASVAK,0,,False,0,0,0
PPZSOILKWHVNNS,1,CHEMBL259121,False,2,0,0
FPRDBFWVOJWDMI,0,,False,0,0,0
VLJLXEKIAALSJE,0,,False,0,0,0
QXJJAJKLJQGYSE,0,,False,0,0,0
VKGZCEJTCKHMRL,0,,False,0,0,0
DZVIFFMYEULLBY,1,CHEMBL391767,True,3,0,0
QKMSLFRFGOTVEJ,0,,False,0,0,0
QOTWPVNGSQSOPI,0,,False,0,0,0
FOCAIPNHDGQZST,0,,False,0,0,0
CRKGQMSUXYSVOM,0,,False,0,0,0
IUNYGQONJQTULL,0,,False,0,0,0
TUSIZTVSUSBSQI,1,CHEMBL1730107,True,1,0,0
VAFRUJRAAHLCFZ,0,,False,0,0,0
GHOKWGTUZJEAQD,3,CHEMBL1594|CHEMBL1741144|CHEMBL2110806,True,32,0,0
NXCIJRYHLFBLML,0,,False,0,0,0
JLSZBVZNFYZXGA,0,,False,0,0,0
UEAPAHNNFSZHMW,1,CHEMBL601020,True,6,4,3
IBKQQKPQRYUGBJ,1,CHEMBL228050,True,2,2,0
ARVSCQUZFFSNKF,0,,False,0,0,0
SLSIBLKBHNKZTB,1,CHEMBL21396,True,137,6,0
XIMPCXFLDSKALH,0,,False,0,0,0
BLFLHTDGUMLULY,0,,False,0,0,0
CGZITCMVSSNQPE,0,,False,0,0,0
HCRBXQFHJMCTLF,0,,False,0,0,0
VITWKRWSBFUVDT,0,,False,0,0,0
MFLLSCKTQGKMDL,0,,False,0,0,0
NMWHNQAIHFWROQ,1,CHEMBL3797863,True,15,0,0
WUGMRIBZSVSJNP,1,CHEMBL91792,True,8,2,2
FMIPNAUMSPFTHK,1,CHEMBL5269599,True,2,0,0
HTZWHTQVHWHSHN,0,,False,0,0,0
OUWOVSUGDPWIBY,0,,False,0,0,0
CIBAPVLFORANSS,1,CHEMBL1770684,True,4,0,0
KHZSFBNUQVEEQR,1,CHEMBL1998369,True,66,1,0
PXGPZRZJDURYRY,0,,False,0,0,0
LHNXGCVOSABRQP,0,,False,0,0,0
XUINKEIPBTYUJP,0,,False,0,0,0
ZJFZKWFGTZZRRT,0,,False,0,0,0
NGZZLIAPDNPURO,0,,False,0,0,0
VHWTVINEPPOCLA,0,,False,0,0,0
XKKCQTLDIPIRQD,3,CHEMBL2114051|CHEMBL23970|CHEMBL444314,False,76,7,1
LNMQRPPRQDGUDR,1,CHEMBL3561313,False,0,0,0
BMJHAAZDURGGSC,2,CHEMBL551313|CHEMBL559294,True,65,7,7
IKGXIBQEEMLURG,7,CHEMBL1436093|CHEMBL1532989|CHEMBL226335|CHEMBL310754|CHEMBL32579|CHEMBL3735346|CHEMBL4762618,True,476,57,22
CIZIOEKXALVGDF,0,,False,0,0,0
MMFCJPPRCYDLLZ,1,CHEMBL507518,True,27,0,0
DBMXKPOCXQNWOQ,1,CHEMBL5282324,True,1,1,0
ZVOLCUVKHLEPEV,1,CHEMBL413552,True,40,13,10
GFGMLAPKOCNOJK,0,,False,0,0,0
GFJIQNADMLPFOW,1,CHEMBL2287241,True,1,0,0
PPTMWEDTYQRQBC,0,,False,0,0,0
CYHOTEDWAOHQLA,2,CHEMBL552007|CHEMBL558710,True,21,3,2
PYNOHHMFQYUSDD,0,,False,0,0,0
FBQXFNAUEZWOIJ,0,,False,0,0,0
PMCPDNGTLRPFQQ,0,,False,0,0,0
OXEIAZBURAREAS,0,,False,0,0,0
IJFXRHURBJZNAO,1,CHEMBL65369,True,39,8,6
CCCMONHAUSKTEQ,1,CHEMBL3187417,True,0,0,0
FJGNTEKSQVNVTJ,0,,False,0,0,0
YQYPBVVXPDWKMV,0,,False,0,0,0
WAEOXIOXMKNFLQ,0,,False,0,0,0
JCIFZANQIXZLGH,0,,False,0,0,0
VBFPOKFDDDQSGP,0,,False,0,0,0
OMSUIQOIVADKIM,0,,False,0,0,0
AHXXIALEMINDAW,1,CHEMBL3929528,True,2,1,0
XJPBRODHZKDRCB,0,,False,0,0,0
USDOQCCMRDNVAH,1,CHEMBL3120653,True,1,0,0
YJVXDRHQRLHFGY,0,,False,0,0,0
UERQNAZBAUOZKO,0,,False,0,0,0
LCYXQUJDODZYIJ,1,CHEMBL3109299,True,1,0,0
NITFNAYSGQWPSY,0,,False,0,0,0
HIGQPQRQIQDZMP,2,CHEMBL1369384|CHEMBL2268549,True,110,4,4
SMQUZDBALVYZAC,1,CHEMBL108925,True,47,2,2
IZEUIYYDWBKERE,1,CHEMBL2237045,True,2,0,0
NJLNIOKPXKKALD,0,,False,0,0,0
LIRQQKZNKBTPRG,0,,False,0,0,0
ZYHFSUXBIVWHCX,0,,False,0,0,0
NFVSFLUJRHRSJG,0,,False,0,0,0
AVFNYXHRDYAHNF,1,CHEMBL1078436,True,17,6,0
IUBSYMUCCVWXPE,3,CHEMBL13|CHEMBL148306|CHEMBL1741004,True,1582,31,27
OKORHWXYDBSYNO,1,CHEMBL251624,True,5,0,0
ZSBWUNDRDHVNJL,1,CHEMBL4097891,True,1,0,0
AFPLNGZPBSKHHQ,2,CHEMBL1567436|CHEMBL3186547,True,66,0,0
JMOFRLILFOJJEZ,0,,False,0,0,0
IECBDTGWSQNQID,0,,False,0,0,0
MLRYPOCSLBIUHY,1,CHEMBL2228468,True,1,0,0
JJIHLJJYMXLCOY,0,,False,0,0,0
AFBPFSWMIHJQDM,1,CHEMBL170781,True,9,0,0
OZAJLXWKZVWFJS,0,,False,0,0,0
VKJLHZZPVLQJKG,2,CHEMBL1902552|CHEMBL2361872,True,5,0,0
ZELMDXUEWHBWPN,0,,False,0,0,0
YZLMIVGAAHMMQN,0,,False,0,0,0
JZBCTZLGKSYRSF,1,CHEMBL328856,True,1,0,0
AHLPHDHHMVZTML,3,CHEMBL103686|CHEMBL2009502|CHEMBL446143,True,50,0,0
FEWLNYSYJNLUOO,1,CHEMBL1232817,True,1,0,0
HYBLHNGOEIJQDA,0,,False,0,0,0
ZIEAVLBEUVSHIU,0,,False,0,0,0
PQCYCHFQWMNQRJ,0,,False,0,0,0
DFEKLJOGUPRZDV,0,,False,0,0,0
KWFAQPWLROZBAY,0,,False,0,0,0
MFDFERRIHVXMIY,1,CHEMBL569,True,841,1,0
FCQSIIVNJCMJLB,2,CHEMBL3926423|CHEMBL3962650,True,12,0,0
YEMNTFVVXRRILD,0,,False,0,0,0
WJTCGQSWYFHTAC,1,CHEMBL452651,False,4,0,0
FCXPVFLEDIQLLO,0,,False,0,0,0
GDTXICBNEOEPAZ,0,,False,0,0,0
VEVZCONIUDBCDC,1,CHEMBL3184763,False,0,0,0
KGWPFPWQIUAJPK,0,,False,0,0,0
MGPBMQMFPKAALA,0,,False,0,0,0
YPJUNDFVDDCYIH,1,CHEMBL367680,False,1,0,0
XLTBPTGNNLIKRW,0,,False,0,0,0
JJIDUNHDYJESJA,0,,False,0,0,0
ZALYXKJOOUDZCC,0,,False,0,0,0
HNZKNOLXYOCLIC,0,,False,0,0,0
URLKBWYHVLBVBO,1,CHEMBL31561,True,15,2,2
WQIRCLDVWQIBLO,2,CHEMBL4280185|CHEMBL465590,True,8,0,0
CTMXPIJTHHSEEF,0,,False,0,0,0
FLZGFQFYDGHWLR,0,,False,0,0,0
BGGIZHKHJBQRTI,2,CHEMBL444453|CHEMBL449686,True,65,26,0
AUHZEENZYGFFBQ,1,CHEMBL1797281,True,1,0,0
JIJQKFPGBBEJNF,1,CHEMBL3798269,True,4,0,0
JUEHHXVLFOIJJJ,0,,False,0,0,0
QVDPWQVOSKJUES,0,,False,0,0,0
YFQPDKABPCMKCA,0,,False,0,0,0
KRIMXCDMVRMCTC,0,,False,0,0,0
LUZUHPHTXSGDDD,1,CHEMBL327394,True,1,0,0
NBUWNZPAMFDSKZ,0,,False,0,0,0
AVOLBYOSCILFLL,1,CHEMBL3188746,True,0,0,0
WMAHWHYQGFDCIQ,0,,False,0,0,0
BXXSGWWNGQIJGI,0,,False,0,0,0
FFGCRXVYUSRRQO,0,,False,0,0,0
YPZQHCLBLRWNMJ,0,,False,0,0,0
YFCGDEUVHLPRCZ,0,,False,0,0,0
SDXAWLJRERMRKF,1,CHEMBL1828957,False,3,0,0
ACWQBUSCFPJUPN,1,CHEMBL53493,True,35,0,0
BMCOIOWWHJTOPU,0,,False,0,0,0
VITZNDKHSIWPSR,1,CHEMBL1086558,True,1,1,1
UCMIRNVEIXFBKS,1,CHEMBL297569,True,39,7,6
WIBFFTLQMKKBLZ,1,CHEMBL3183174,True,0,0,0
VOLGAXAGEUPBDM,0,,False,0,0,0
VMDXHYHOJPKFEK,1,CHEMBL324514,True,21,0,0
GZEWTNFOWIUNRR,0,,False,0,0,0
MAIIZFGSYSUIIV,0,,False,0,0,0
YUPNHTWYVBHLMG,4,CHEMBL1094242|CHEMBL2023569|CHEMBL5175192|CHEMBL6147500,True,7,0,0
FXHGMKSSBGDXIY,1,CHEMBL18104,True,13,0,0
SOTUFGKJQVSOCT,2,CHEMBL1078839|CHEMBL178219,True,9,1,1
VVQRGNLNINKWNE,0,,False,0,0,0
XUDAGNVXWJRKJD,0,,False,0,0,0
YWQJKAJFLCNHPB,1,CHEMBL468658,True,5,4,0
