inchikey_connectivity,molregno,chembl_id,activity_id,assay_id,assay_chembl_id,assay_type,confidence_score,target_chembl_id,target_pref_name,target_type,organism,standard_type,standard_relation,standard_value,standard_units,pchembl_value,doc_id,is_strict
UEQUQVLFIPOEMF,573,CHEMBL6437,74762,3749,CHEMBL620750,B,8,CHEMBL3223,5-hydroxytryptamine receptor 7,SINGLE PROTEIN,Rattus norvegicus,Ki,=,100.0,nM,7.0,17066,True
UEQUQVLFIPOEMF,573,CHEMBL6437,74763,3615,CHEMBL618118,B,9,CHEMBL3371,5-hydroxytryptamine receptor 6,SINGLE PROTEIN,Homo sapiens,Ki,=,55.0,nM,7.26,17066,True
UEQUQVLFIPOEMF,573,CHEMBL6437,74764,3791,CHEMBL619866,B,8,CHEMBL3155,5-hydroxytryptamine receptor 7,SINGLE PROTEIN,Homo sapiens,Ki,=,8010.0,nM,5.1,17066,True
UEQUQVLFIPOEMF,573,CHEMBL6437,81911,184434,CHEMBL789206,F,9,CHEMBL304,Norepinephrine transporter,SINGLE PROTEIN,Rattus norvegicus,Ki,=,26.0,nM,7.58,8324,True
UEQUQVLFIPOEMF,573,CHEMBL6437,145924,194258,CHEMBL795985,F,5,CHEMBL1907610,Adrenergic receptor alpha-1,PROTEIN FAMILY,Rattus norvegicus,Kd,=,3890.45,nM,5.41,8229,False
UEQUQVLFIPOEMF,573,CHEMBL6437,145925,194261,CHEMBL795987,F,5,CHEMBL2093864,Adrenergic receptor alpha-2,PROTEIN FAMILY,Rattus norvegicus,Kd,=,2137.96,nM,5.67,8229,False
UEQUQVLFIPOEMF,573,CHEMBL6437,145926,33552,CHEMBL647811,F,8,CHEMBL229,Alpha-1A adrenergic receptor,SINGLE PROTEIN,Homo sapiens,Kd,=,251.19,nM,6.6,8229,True
UEQUQVLFIPOEMF,573,CHEMBL6437,145928,164466,CHEMBL770732,B,4,CHEMBL1907610,Adrenergic receptor alpha-1,PROTEIN FAMILY,Rattus norvegicus,IC50,=,380.0,nM,6.42,8229,False
UEQUQVLFIPOEMF,573,CHEMBL6437,145929,164468,CHEMBL770734,B,4,CHEMBL2093864,Adrenergic receptor alpha-2,PROTEIN FAMILY,Rattus norvegicus,IC50,=,210.0,nM,6.68,8229,False
UEQUQVLFIPOEMF,573,CHEMBL6437,210052,3786,CHEMBL619862,B,8,CHEMBL3155,5-hydroxytryptamine receptor 7,SINGLE PROTEIN,Homo sapiens,Ki,=,63.1,nM,7.2,17342,True
UEQUQVLFIPOEMF,573,CHEMBL6437,233443,83428,CHEMBL694918,B,9,CHEMBL3943,Histamine H1 receptor,SINGLE PROTEIN,Cavia porcellus,Ki,=,0.8511,nM,9.07,13024,True
UEQUQVLFIPOEMF,573,CHEMBL6437,240667,33090,CHEMBL643582,B,0,CHEMBL612545,Unchecked,UNCHECKED,,Kd,=,43.0,nM,7.37,7919,False
UEQUQVLFIPOEMF,573,CHEMBL6437,240668,33029,CHEMBL643954,B,0,CHEMBL612545,Unchecked,UNCHECKED,,Kd,=,19.0,nM,7.72,7919,False
UEQUQVLFIPOEMF,573,CHEMBL6437,257076,796,CHEMBL615400,B,4,CHEMBL2095159,Serotonin 1 (5-HT1) receptor,PROTEIN FAMILY,Rattus norvegicus,Ki,=,1100.0,nM,5.96,9098,False
UEQUQVLFIPOEMF,573,CHEMBL6437,257077,1800,CHEMBL616773,B,8,CHEMBL3459,5-hydroxytryptamine receptor 1B,SINGLE PROTEIN,Rattus norvegicus,Ki,=,4700.0,nM,5.33,9098,True
UEQUQVLFIPOEMF,573,CHEMBL6437,257078,1848,CHEMBL616819,B,8,CHEMBL225,5-hydroxytryptamine receptor 2C,SINGLE PROTEIN,Homo sapiens,Ki,=,10.0,nM,8.0,9098,True
UEQUQVLFIPOEMF,573,CHEMBL6437,257079,2374,CHEMBL617447,B,4,CHEMBL2093870,Serotonin 2 (5-HT2) receptor,PROTEIN FAMILY,Rattus norvegicus,Ki,=,10.0,nM,8.0,9098,False
UEQUQVLFIPOEMF,573,CHEMBL6437,257080,2371,CHEMBL617444,B,4,CHEMBL2093870,Serotonin 2 (5-HT2) receptor,PROTEIN FAMILY,Rattus norvegicus,Ki,=,1.4,nM,8.85,9098,False
UEQUQVLFIPOEMF,573,CHEMBL6437,353709,139742,CHEMBL743995,B,8,CHEMBL277,Muscarinic acetylcholine receptor M5,SINGLE PROTEIN,Rattus norvegicus,IC50,=,1900.0,nM,5.72,8334,True
UEQUQVLFIPOEMF,573,CHEMBL6437,353710,87243,CHEMBL699079,B,0,CHEMBL612545,Unchecked,UNCHECKED,,IC50,=,14.0,nM,7.85,8334,False
UEQUQVLFIPOEMF,573,CHEMBL6437,363843,216139,CHEMBL816957,B,4,CHEMBL2093864,Adrenergic receptor alpha-2,PROTEIN FAMILY,Rattus norvegicus,Ki,=,76.0,nM,7.12,9449,False
UEQUQVLFIPOEMF,573,CHEMBL6437,363844,216142,CHEMBL816960,F,4,CHEMBL2093864,Adrenergic receptor alpha-2,PROTEIN FAMILY,Rattus norvegicus,Kd,=,158.49,nM,6.8,9449,False
UEQUQVLFIPOEMF,573,CHEMBL6437,372346,202547,CHEMBL806152,B,4,CHEMBL2096682,"Sodium channel alpha subunits; brain (Types I, II, III)",PROTEIN FAMILY,Homo sapiens,IC50,=,5500.0,nM,5.26,8523,False
UEQUQVLFIPOEMF,573,CHEMBL6437,386970,2508,CHEMBL617395,B,8,CHEMBL224,5-hydroxytryptamine receptor 2A,SINGLE PROTEIN,Homo sapiens,IC50,=,10.47,nM,7.98,5104,True
UEQUQVLFIPOEMF,573,CHEMBL6437,386971,2739,CHEMBL617298,B,8,CHEMBL225,5-hydroxytryptamine receptor 2C,SINGLE PROTEIN,Homo sapiens,IC50,=,7.413,nM,8.13,5104,True
UEQUQVLFIPOEMF,573,CHEMBL6437,386972,84540,CHEMBL857171,B,8,CHEMBL231,Histamine H1 receptor,SINGLE PROTEIN,Homo sapiens,IC50,=,3.388,nM,8.47,5104,True
UEQUQVLFIPOEMF,573,CHEMBL6437,386975,33868,CHEMBL643741,B,8,CHEMBL229,Alpha-1A adrenergic receptor,SINGLE PROTEIN,Homo sapiens,IC50,=,407.38,nM,6.39,5104,True
UEQUQVLFIPOEMF,573,CHEMBL6437,386976,33197,CHEMBL640498,B,8,CHEMBL1867,Alpha-2A adrenergic receptor,SINGLE PROTEIN,Homo sapiens,IC50,=,20.89,nM,7.68,5104,True
UEQUQVLFIPOEMF,573,CHEMBL6437,386977,33660,CHEMBL649241,B,8,CHEMBL1916,Alpha-2C adrenergic receptor,SINGLE PROTEIN,Homo sapiens,IC50,=,42.66,nM,7.37,5104,True
UEQUQVLFIPOEMF,573,CHEMBL6437,386979,1744,CHEMBL616851,B,8,CHEMBL1983,5-hydroxytryptamine receptor 1D,SINGLE PROTEIN,Homo sapiens,IC50,=,380.19,nM,6.42,5104,True
UEQUQVLFIPOEMF,573,CHEMBL6437,386981,3704,CHEMBL857077,B,8,CHEMBL3155,5-hydroxytryptamine receptor 7,SINGLE PROTEIN,Homo sapiens,IC50,=,114.82,nM,6.94,5104,True
UEQUQVLFIPOEMF,573,CHEMBL6437,386982,60810,CHEMBL674963,B,8,CHEMBL339,D(2) dopamine receptor,SINGLE PROTEIN,Rattus norvegicus,IC50,=,3548.13,nM,5.45,5104,True
UEQUQVLFIPOEMF,573,CHEMBL6437,386983,61645,CHEMBL857158,B,8,CHEMBL217,D(2) dopamine receptor,SINGLE PROTEIN,Homo sapiens,IC50,=,7079.46,nM,5.15,5104,True
UEQUQVLFIPOEMF,573,CHEMBL6437,386984,62450,CHEMBL679222,B,8,CHEMBL234,D(3) dopamine receptor,SINGLE PROTEIN,Homo sapiens,IC50,=,3890.45,nM,5.41,5104,True
UEQUQVLFIPOEMF,573,CHEMBL6437,386985,60840,CHEMBL857162,B,8,CHEMBL219,D(4) dopamine receptor,SINGLE PROTEIN,Homo sapiens,IC50,=,3311.31,nM,5.48,5104,True
UEQUQVLFIPOEMF,573,CHEMBL6437,689262,31420,CHEMBL645294,F,0,CHEMBL612545,Unchecked,UNCHECKED,,IC50,=,190.0,nM,6.72,7163,False
UEQUQVLFIPOEMF,573,CHEMBL6437,689263,178786,CHEMBL783631,F,1,CHEMBL376,Rattus norvegicus,ORGANISM,Rattus norvegicus,IC50,=,36000.0,nM,4.44,7163,False
UEQUQVLFIPOEMF,573,CHEMBL6437,689264,178787,CHEMBL783632,F,1,CHEMBL376,Rattus norvegicus,ORGANISM,Rattus norvegicus,IC50,=,35000.0,nM,4.46,7163,False
UEQUQVLFIPOEMF,573,CHEMBL6437,730790,62387,CHEMBL672340,B,8,CHEMBL339,D(2) dopamine receptor,SINGLE PROTEIN,Rattus norvegicus,Ki,=,828.0,nM,6.08,9443,True
UEQUQVLFIPOEMF,573,CHEMBL6437,730791,216007,CHEMBL820509,B,4,CHEMBL1907610,Adrenergic receptor alpha-1,PROTEIN FAMILY,Rattus norvegicus,Ki,=,99.0,nM,7.0,9443,False
UEQUQVLFIPOEMF,573,CHEMBL6437,730792,216141,CHEMBL816959,B,4,CHEMBL2093864,Adrenergic receptor alpha-2,PROTEIN FAMILY,Rattus norvegicus,Ki,=,62.0,nM,7.21,9443,False
UEQUQVLFIPOEMF,573,CHEMBL6437,730793,201198,CHEMBL802162,B,4,CHEMBL2095159,Serotonin 1 (5-HT1) receptor,PROTEIN FAMILY,Rattus norvegicus,Ki,=,580.0,nM,6.24,9443,False
UEQUQVLFIPOEMF,573,CHEMBL6437,730794,2343,CHEMBL617417,B,4,CHEMBL2093870,Serotonin 2 (5-HT2) receptor,PROTEIN FAMILY,Rattus norvegicus,Ki,=,1.1,nM,8.96,9443,False
UEQUQVLFIPOEMF,573,CHEMBL6437,750831,1846,CHEMBL616817,B,8,CHEMBL225,5-hydroxytryptamine receptor 2C,SINGLE PROTEIN,Homo sapiens,Ki,=,3.8,nM,8.42,14331,True
UEQUQVLFIPOEMF,573,CHEMBL6437,780590,33160,CHEMBL642945,B,8,CHEMBL319,Alpha-1A adrenergic receptor,SINGLE PROTEIN,Rattus norvegicus,IC50,=,0.07,nM,10.15,15067,True
UEQUQVLFIPOEMF,573,CHEMBL6437,780592,31421,CHEMBL645295,B,0,CHEMBL612545,Unchecked,UNCHECKED,,Ki,=,65.0,nM,7.19,15067,False
UEQUQVLFIPOEMF,573,CHEMBL6437,780593,31422,CHEMBL645296,B,0,CHEMBL612545,Unchecked,UNCHECKED,,Ki,=,71.0,nM,7.15,15067,False
UEQUQVLFIPOEMF,573,CHEMBL6437,780594,85065,CHEMBL692776,F,9,CHEMBL2882,Histamine H2 receptor,SINGLE PROTEIN,Cavia porcellus,IC50,=,880.0,nM,6.06,15067,True
UEQUQVLFIPOEMF,573,CHEMBL6437,795380,2363,CHEMBL617437,B,5,CHEMBL2093870,Serotonin 2 (5-HT2) receptor,PROTEIN FAMILY,Rattus norvegicus,Ki,=,5.1,nM,8.29,15453,False
UEQUQVLFIPOEMF,573,CHEMBL6437,812987,3109,CHEMBL620587,B,4,CHEMBL2111333,Serotonin 3 receptor (5HT3),PROTEIN FAMILY,Mus musculus,Ki,=,252.0,nM,6.6,10369,False
UEQUQVLFIPOEMF,573,CHEMBL6437,887649,194026,CHEMBL858335,F,1,CHEMBL376,Rattus norvegicus,ORGANISM,Rattus norvegicus,IC50,=,11.75,nM,7.93,9069,False
UEQUQVLFIPOEMF,573,CHEMBL6437,887650,194028,CHEMBL802686,F,1,CHEMBL376,Rattus norvegicus,ORGANISM,Rattus norvegicus,Ki,=,3.04,nM,8.52,9069,False
UEQUQVLFIPOEMF,573,CHEMBL6437,887651,194027,CHEMBL802685,F,1,CHEMBL376,Rattus norvegicus,ORGANISM,Rattus norvegicus,IC50,=,26.92,nM,7.57,9069,False
UEQUQVLFIPOEMF,573,CHEMBL6437,887652,194029,CHEMBL802687,F,1,CHEMBL376,Rattus norvegicus,ORGANISM,Rattus norvegicus,Ki,=,13.46,nM,7.87,9069,False
UEQUQVLFIPOEMF,573,CHEMBL6437,901784,33036,CHEMBL648051,B,0,CHEMBL612545,Unchecked,UNCHECKED,,Ki,=,17.0,nM,7.77,8351,False
UEQUQVLFIPOEMF,573,CHEMBL6437,1034118,63054,CHEMBL673621,B,8,CHEMBL339,D(2) dopamine receptor,SINGLE PROTEIN,Rattus norvegicus,Ki,=,1000.0,nM,6.0,16532,True
UEQUQVLFIPOEMF,573,CHEMBL6437,1034123,2679,CHEMBL617927,B,8,CHEMBL322,5-hydroxytryptamine receptor 2A,SINGLE PROTEIN,Rattus norvegicus,Ki,=,1.5,nM,8.82,16532,True
UEQUQVLFIPOEMF,573,CHEMBL6437,1034124,2840,CHEMBL872921,B,8,CHEMBL324,5-hydroxytryptamine receptor 2C,SINGLE PROTEIN,Rattus norvegicus,Ki,=,1.4,nM,8.85,16532,True
UEQUQVLFIPOEMF,573,CHEMBL6437,1034125,3007,CHEMBL620448,B,6,CHEMBL2094116,Serotonin 3 (5-HT3) receptor,PROTEIN COMPLEX,Rattus norvegicus,Ki,=,70.0,nM,7.16,16532,False
UEQUQVLFIPOEMF,573,CHEMBL6437,1034126,32555,CHEMBL645690,B,4,CHEMBL1907610,Adrenergic receptor alpha-1,PROTEIN FAMILY,Rattus norvegicus,Ki,=,28.0,nM,7.55,16532,False
UEQUQVLFIPOEMF,573,CHEMBL6437,1034128,84406,CHEMBL694463,B,0,CHEMBL612545,Unchecked,UNCHECKED,,Ki,=,4.2,nM,8.38,16532,False
UEQUQVLFIPOEMF,573,CHEMBL6437,1034130,142632,CHEMBL746900,B,8,CHEMBL304,Norepinephrine transporter,SINGLE PROTEIN,Rattus norvegicus,IC50,=,22.0,nM,7.66,16532,True
UEQUQVLFIPOEMF,573,CHEMBL6437,1034131,198046,CHEMBL804188,B,8,CHEMBL313,Sodium-dependent serotonin transporter,SINGLE PROTEIN,Rattus norvegicus,IC50,=,2900.0,nM,5.54,16532,True
UEQUQVLFIPOEMF,573,CHEMBL6437,1079955,62772,CHEMBL676299,B,8,CHEMBL3138,D(3) dopamine receptor,SINGLE PROTEIN,Rattus norvegicus,Ki,=,1524.0,nM,5.82,11822,True
UEQUQVLFIPOEMF,573,CHEMBL6437,1168037,33031,CHEMBL643956,B,8,CHEMBL4744,Alpha-2A adrenergic receptor,SINGLE PROTEIN,Bos taurus,Ki,=,17.0,nM,7.77,7856,True
UEQUQVLFIPOEMF,573,CHEMBL6437,1168038,33092,CHEMBL643584,B,8,CHEMBL4892,Alpha-1A adrenergic receptor,SINGLE PROTEIN,Bos taurus,Ki,=,43.0,nM,7.37,7856,True
UEQUQVLFIPOEMF,573,CHEMBL6437,1168039,32605,CHEMBL642132,F,4,CHEMBL2093864,Adrenergic receptor alpha-2,PROTEIN FAMILY,Rattus norvegicus,Kd,=,53.7,nM,7.27,7856,False
UEQUQVLFIPOEMF,573,CHEMBL6437,1168040,33001,CHEMBL643858,F,4,CHEMBL1907610,Adrenergic receptor alpha-1,PROTEIN FAMILY,Rattus norvegicus,Kd,=,57.54,nM,7.24,7856,False
UEQUQVLFIPOEMF,573,CHEMBL6437,1174788,33212,CHEMBL643237,B,8,CHEMBL224,5-hydroxytryptamine receptor 2A,SINGLE PROTEIN,Homo sapiens,IC50,=,20.89,nM,7.68,5105,True
UEQUQVLFIPOEMF,573,CHEMBL6437,1174790,1016,CHEMBL616219,B,8,CHEMBL214,5-hydroxytryptamine receptor 1A,SINGLE PROTEIN,Homo sapiens,IC50,=,398.11,nM,6.4,5105,True
UEQUQVLFIPOEMF,573,CHEMBL6437,1174792,3101,CHEMBL620394,B,4,CHEMBL2094132,Serotonin 3 (5-HT3) receptor,PROTEIN COMPLEX GROUP,Homo sapiens,IC50,=,1412.54,nM,5.85,5105,False
UEQUQVLFIPOEMF,573,CHEMBL6437,1185780,2600,CHEMBL617468,B,8,CHEMBL322,5-hydroxytryptamine receptor 2A,SINGLE PROTEIN,Rattus norvegicus,Ki,=,2.5,nM,8.6,17211,True
UEQUQVLFIPOEMF,573,CHEMBL6437,1207839,3771,CHEMBL619052,B,8,CHEMBL3223,5-hydroxytryptamine receptor 7,SINGLE PROTEIN,Rattus norvegicus,Ki,=,63.1,nM,7.2,3680,True
UEQUQVLFIPOEMF,573,CHEMBL6437,1518472,302949,CHEMBL841784,B,9,CHEMBL265,D(1A) dopamine receptor,SINGLE PROTEIN,Rattus norvegicus,Ki,=,1420.0,nM,5.85,21559,True
UEQUQVLFIPOEMF,573,CHEMBL6437,1518473,303083,CHEMBL828756,B,9,CHEMBL1867,Alpha-2A adrenergic receptor,SINGLE PROTEIN,Homo sapiens,Ki,=,4.8,nM,8.32,21559,True
UEQUQVLFIPOEMF,573,CHEMBL6437,1518474,303084,CHEMBL828757,B,9,CHEMBL1916,Alpha-2C adrenergic receptor,SINGLE PROTEIN,Homo sapiens,Ki,=,3.8,nM,8.42,21559,True
UEQUQVLFIPOEMF,573,CHEMBL6437,1518481,303146,CHEMBL829120,B,9,CHEMBL217,D(2) dopamine receptor,SINGLE PROTEIN,Homo sapiens,Ki,=,2197.0,nM,5.66,21559,True
UEQUQVLFIPOEMF,573,CHEMBL6437,1518482,303244,CHEMBL827209,B,9,CHEMBL234,D(3) dopamine receptor,SINGLE PROTEIN,Homo sapiens,Ki,=,2841.0,nM,5.55,21559,True
UEQUQVLFIPOEMF,573,CHEMBL6437,1518483,303104,CHEMBL829614,B,9,CHEMBL224,5-hydroxytryptamine receptor 2A,SINGLE PROTEIN,Homo sapiens,Ki,=,4.3,nM,8.37,21559,True
UEQUQVLFIPOEMF,573,CHEMBL6437,1518484,303243,CHEMBL827208,B,9,CHEMBL3155,5-hydroxytryptamine receptor 7,SINGLE PROTEIN,Homo sapiens,Ki,=,56.0,nM,7.25,21559,True
UEQUQVLFIPOEMF,573,CHEMBL6437,1518485,303163,CHEMBL829975,B,9,CHEMBL225,5-hydroxytryptamine receptor 2C,SINGLE PROTEIN,Homo sapiens,Ki,=,4.4,nM,8.36,21559,True
UEQUQVLFIPOEMF,573,CHEMBL6437,1518583,303056,CHEMBL828882,B,9,CHEMBL304,Norepinephrine transporter,SINGLE PROTEIN,Rattus norvegicus,Ki,=,101.0,nM,7.0,21559,True
UEQUQVLFIPOEMF,573,CHEMBL6437,1518584,303185,CHEMBL829679,B,9,CHEMBL231,Histamine H1 receptor,SINGLE PROTEIN,Homo sapiens,Ki,=,1.7,nM,8.77,21559,True
UEQUQVLFIPOEMF,573,CHEMBL6437,1518585,303085,CHEMBL876375,B,5,CHEMBL1907610,Adrenergic receptor alpha-1,PROTEIN FAMILY,Rattus norvegicus,Ki,=,74.0,nM,7.13,21559,False
UEQUQVLFIPOEMF,573,CHEMBL6437,2930086,589733,CHEMBL1061237,B,8,CHEMBL214,5-hydroxytryptamine receptor 1A,SINGLE PROTEIN,Homo sapiens,Kd,=,398.11,nM,6.4,48735,True
UEQUQVLFIPOEMF,573,CHEMBL6437,6379462,770978,CHEMBL1838217,B,9,CHEMBL322,5-hydroxytryptamine receptor 2A,SINGLE PROTEIN,Rattus norvegicus,Ki,=,5.0,nM,8.3,59071,True
UEQUQVLFIPOEMF,573,CHEMBL6437,7749806,774696,CHEMBL1909085,B,9,CHEMBL319,Alpha-1A adrenergic receptor,SINGLE PROTEIN,Rattus norvegicus,IC50,=,224.0,nM,6.65,59306,True
UEQUQVLFIPOEMF,573,CHEMBL6437,7749807,774696,CHEMBL1909085,B,9,CHEMBL319,Alpha-1A adrenergic receptor,SINGLE PROTEIN,Rattus norvegicus,Ki,=,91.0,nM,7.04,59306,True
UEQUQVLFIPOEMF,573,CHEMBL6437,7749808,774697,CHEMBL1909086,B,9,CHEMBL315,Alpha-1B adrenergic receptor,SINGLE PROTEIN,Rattus norvegicus,IC50,=,119.0,nM,6.92,59306,True
UEQUQVLFIPOEMF,573,CHEMBL6437,7749809,774697,CHEMBL1909086,B,9,CHEMBL315,Alpha-1B adrenergic receptor,SINGLE PROTEIN,Rattus norvegicus,Ki,=,66.0,nM,7.18,59306,True
UEQUQVLFIPOEMF,573,CHEMBL6437,7749810,774698,CHEMBL1909087,B,8,CHEMBL223,Alpha-1D adrenergic receptor,SINGLE PROTEIN,Homo sapiens,IC50,=,83.0,nM,7.08,59306,True
UEQUQVLFIPOEMF,573,CHEMBL6437,7749811,774698,CHEMBL1909087,B,8,CHEMBL223,Alpha-1D adrenergic receptor,SINGLE PROTEIN,Homo sapiens,Ki,=,41.0,nM,7.39,59306,True
UEQUQVLFIPOEMF,573,CHEMBL6437,7749812,774699,CHEMBL1909088,B,8,CHEMBL1867,Alpha-2A adrenergic receptor,SINGLE PROTEIN,Homo sapiens,IC50,=,43.0,nM,7.37,59306,True
UEQUQVLFIPOEMF,573,CHEMBL6437,7749813,774699,CHEMBL1909088,B,8,CHEMBL1867,Alpha-2A adrenergic receptor,SINGLE PROTEIN,Homo sapiens,Ki,=,16.0,nM,7.8,59306,True
UEQUQVLFIPOEMF,573,CHEMBL6437,7749814,774700,CHEMBL1909089,B,8,CHEMBL1942,Alpha-2B adrenergic receptor,SINGLE PROTEIN,Homo sapiens,IC50,=,52.0,nM,7.28,59306,True
UEQUQVLFIPOEMF,573,CHEMBL6437,7749815,774700,CHEMBL1909089,B,8,CHEMBL1942,Alpha-2B adrenergic receptor,SINGLE PROTEIN,Homo sapiens,Ki,=,24.0,nM,7.62,59306,True
UEQUQVLFIPOEMF,573,CHEMBL6437,7749816,774701,CHEMBL1909090,B,8,CHEMBL1916,Alpha-2C adrenergic receptor,SINGLE PROTEIN,Homo sapiens,IC50,=,179.0,nM,6.75,59306,True
UEQUQVLFIPOEMF,573,CHEMBL6437,7749817,774701,CHEMBL1909090,B,8,CHEMBL1916,Alpha-2C adrenergic receptor,SINGLE PROTEIN,Homo sapiens,Ki,=,26.0,nM,7.58,59306,True
UEQUQVLFIPOEMF,573,CHEMBL6437,7749824,774705,CHEMBL1909094,B,8,CHEMBL222,Sodium-dependent noradrenaline transporter,SINGLE PROTEIN,Homo sapiens,IC50,=,163.0,nM,6.79,59306,True
UEQUQVLFIPOEMF,573,CHEMBL6437,7749825,774705,CHEMBL1909094,B,8,CHEMBL222,Sodium-dependent noradrenaline transporter,SINGLE PROTEIN,Homo sapiens,Ki,=,161.0,nM,6.79,59306,True
UEQUQVLFIPOEMF,573,CHEMBL6437,7751893,774750,CHEMBL1909139,B,8,CHEMBL2056,D(1A) dopamine receptor,SINGLE PROTEIN,Homo sapiens,IC50,=,543.0,nM,6.26,59306,True
UEQUQVLFIPOEMF,573,CHEMBL6437,7751894,774750,CHEMBL1909139,B,8,CHEMBL2056,D(1A) dopamine receptor,SINGLE PROTEIN,Homo sapiens,Ki,=,271.0,nM,6.57,59306,True
UEQUQVLFIPOEMF,573,CHEMBL6437,7751927,774767,CHEMBL1909156,B,8,CHEMBL231,Histamine H1 receptor,SINGLE PROTEIN,Homo sapiens,IC50,=,1.506,nM,8.82,59306,True
UEQUQVLFIPOEMF,573,CHEMBL6437,7751928,774767,CHEMBL1909156,B,8,CHEMBL231,Histamine H1 receptor,SINGLE PROTEIN,Homo sapiens,Ki,=,0.175,nM,9.76,59306,True
UEQUQVLFIPOEMF,573,CHEMBL6437,7751929,774768,CHEMBL1909157,B,8,CHEMBL1941,Histamine H2 receptor,SINGLE PROTEIN,Homo sapiens,IC50,=,1008.0,nM,6.0,59306,True
UEQUQVLFIPOEMF,573,CHEMBL6437,7751930,774768,CHEMBL1909157,B,8,CHEMBL1941,Histamine H2 receptor,SINGLE PROTEIN,Homo sapiens,Ki,=,992.0,nM,6.0,59306,True
UEQUQVLFIPOEMF,573,CHEMBL6437,7751933,774770,CHEMBL1909159,B,0,CHEMBL612545,Unchecked,UNCHECKED,,IC50,=,124.0,nM,6.91,59306,False
UEQUQVLFIPOEMF,573,CHEMBL6437,7751934,774770,CHEMBL1909159,B,0,CHEMBL612545,Unchecked,UNCHECKED,,Ki,=,83.0,nM,7.08,59306,False
UEQUQVLFIPOEMF,573,CHEMBL6437,7751955,774649,CHEMBL1909170,B,8,CHEMBL216,Muscarinic acetylcholine receptor M1,SINGLE PROTEIN,Homo sapiens,IC50,=,1423.0,nM,5.85,59306,True
UEQUQVLFIPOEMF,573,CHEMBL6437,7751956,774649,CHEMBL1909170,B,8,CHEMBL216,Muscarinic acetylcholine receptor M1,SINGLE PROTEIN,Homo sapiens,Ki,=,343.0,nM,6.46,59306,True
UEQUQVLFIPOEMF,573,CHEMBL6437,7751957,774650,CHEMBL1909171,B,8,CHEMBL211,Muscarinic acetylcholine receptor M2,SINGLE PROTEIN,Homo sapiens,IC50,=,1078.0,nM,5.97,59306,True
UEQUQVLFIPOEMF,573,CHEMBL6437,7751958,774650,CHEMBL1909171,B,8,CHEMBL211,Muscarinic acetylcholine receptor M2,SINGLE PROTEIN,Homo sapiens,Ki,=,383.0,nM,6.42,59306,True
UEQUQVLFIPOEMF,573,CHEMBL6437,7751959,774651,CHEMBL1909172,B,8,CHEMBL245,Muscarinic acetylcholine receptor M3,SINGLE PROTEIN,Homo sapiens,IC50,=,1405.0,nM,5.85,59306,True
UEQUQVLFIPOEMF,573,CHEMBL6437,7751960,774651,CHEMBL1909172,B,8,CHEMBL245,Muscarinic acetylcholine receptor M3,SINGLE PROTEIN,Homo sapiens,Ki,=,298.0,nM,6.53,59306,True
UEQUQVLFIPOEMF,573,CHEMBL6437,7751961,774652,CHEMBL1909173,B,8,CHEMBL1821,Muscarinic acetylcholine receptor M4,SINGLE PROTEIN,Homo sapiens,IC50,=,2066.0,nM,5.68,59306,True
UEQUQVLFIPOEMF,573,CHEMBL6437,7751962,774652,CHEMBL1909173,B,8,CHEMBL1821,Muscarinic acetylcholine receptor M4,SINGLE PROTEIN,Homo sapiens,Ki,=,288.0,nM,6.54,59306,True
UEQUQVLFIPOEMF,573,CHEMBL6437,7751963,774653,CHEMBL1909174,B,8,CHEMBL2035,Muscarinic acetylcholine receptor M5,SINGLE PROTEIN,Homo sapiens,IC50,=,320.0,nM,6.5,59306,True
UEQUQVLFIPOEMF,573,CHEMBL6437,7751964,774653,CHEMBL1909174,B,8,CHEMBL2035,Muscarinic acetylcholine receptor M5,SINGLE PROTEIN,Homo sapiens,Ki,=,230.0,nM,6.64,59306,True
UEQUQVLFIPOEMF,573,CHEMBL6437,7754029,774688,CHEMBL1909209,B,8,CHEMBL273,5-hydroxytryptamine receptor 1A,SINGLE PROTEIN,Rattus norvegicus,IC50,=,872.0,nM,6.06,59306,True
UEQUQVLFIPOEMF,573,CHEMBL6437,7754030,774688,CHEMBL1909209,B,8,CHEMBL273,5-hydroxytryptamine receptor 1A,SINGLE PROTEIN,Rattus norvegicus,Ki,=,498.0,nM,6.3,59306,True
UEQUQVLFIPOEMF,573,CHEMBL6437,7754033,774690,CHEMBL1909211,B,8,CHEMBL224,5-hydroxytryptamine receptor 2A,SINGLE PROTEIN,Homo sapiens,IC50,=,1.764,nM,8.75,59306,True
UEQUQVLFIPOEMF,573,CHEMBL6437,7754034,774690,CHEMBL1909211,B,8,CHEMBL224,5-hydroxytryptamine receptor 2A,SINGLE PROTEIN,Homo sapiens,Ki,=,0.504,nM,9.3,59306,True
UEQUQVLFIPOEMF,573,CHEMBL6437,7754035,774715,CHEMBL1909104,B,8,CHEMBL1833,5-hydroxytryptamine receptor 2B,SINGLE PROTEIN,Homo sapiens,IC50,=,7.295,nM,8.14,59306,True
UEQUQVLFIPOEMF,573,CHEMBL6437,7754036,774715,CHEMBL1909104,B,8,CHEMBL1833,5-hydroxytryptamine receptor 2B,SINGLE PROTEIN,Homo sapiens,Ki,=,4.642,nM,8.33,59306,True
UEQUQVLFIPOEMF,573,CHEMBL6437,7754037,774716,CHEMBL1909105,B,8,CHEMBL225,5-hydroxytryptamine receptor 2C,SINGLE PROTEIN,Homo sapiens,IC50,=,1.158,nM,8.94,59306,True
UEQUQVLFIPOEMF,573,CHEMBL6437,7754038,774716,CHEMBL1909105,B,8,CHEMBL225,5-hydroxytryptamine receptor 2C,SINGLE PROTEIN,Homo sapiens,Ki,=,0.606,nM,9.22,59306,True
UEQUQVLFIPOEMF,573,CHEMBL6437,7754039,774717,CHEMBL1909106,B,0,CHEMBL612545,Unchecked,UNCHECKED,,IC50,=,2746.0,nM,5.56,59306,False
UEQUQVLFIPOEMF,573,CHEMBL6437,7754040,774717,CHEMBL1909106,B,0,CHEMBL612545,Unchecked,UNCHECKED,,Ki,=,617.0,nM,6.21,59306,False
UEQUQVLFIPOEMF,573,CHEMBL6437,7754043,774719,CHEMBL1909108,B,8,CHEMBL3371,5-hydroxytryptamine receptor 6,SINGLE PROTEIN,Homo sapiens,IC50,=,85.0,nM,7.07,59306,True
UEQUQVLFIPOEMF,573,CHEMBL6437,7754044,774719,CHEMBL1909108,B,8,CHEMBL3371,5-hydroxytryptamine receptor 6,SINGLE PROTEIN,Homo sapiens,Ki,=,40.0,nM,7.4,59306,True
UEQUQVLFIPOEMF,573,CHEMBL6437,7754045,774720,CHEMBL1909109,B,8,CHEMBL228,Sodium-dependent serotonin transporter,SINGLE PROTEIN,Homo sapiens,IC50,=,2068.0,nM,5.68,59306,True
UEQUQVLFIPOEMF,573,CHEMBL6437,7754046,774720,CHEMBL1909109,B,8,CHEMBL228,Sodium-dependent serotonin transporter,SINGLE PROTEIN,Homo sapiens,Ki,=,1098.0,nM,5.96,59306,True
UEQUQVLFIPOEMF,573,CHEMBL6437,7754051,774723,CHEMBL1909112,B,0,CHEMBL612545,Unchecked,UNCHECKED,,IC50,=,4194.0,nM,5.38,59306,False
UEQUQVLFIPOEMF,573,CHEMBL6437,7754052,774723,CHEMBL1909112,B,0,CHEMBL612545,Unchecked,UNCHECKED,,Ki,=,3826.0,nM,5.42,59306,False
UEQUQVLFIPOEMF,573,CHEMBL6437,12472566,911805,CHEMBL3058396,B,9,CHEMBL322,5-hydroxytryptamine receptor 2A,SINGLE PROTEIN,Rattus norvegicus,Ki,=,3.5,nM,8.46,69870,True
UEQUQVLFIPOEMF,573,CHEMBL6437,12562179,923872,CHEMBL3082407,B,9,CHEMBL2366519,G-protein coupled receptor,SINGLE PROTEIN,Apis mellifera,IC50,=,73000.0,nM,4.14,71105,True
UEQUQVLFIPOEMF,573,CHEMBL6437,12668537,946114,CHEMBL2343042,B,9,CHEMBL225,5-hydroxytryptamine receptor 2C,SINGLE PROTEIN,Homo sapiens,Ki,=,1.738,nM,8.76,72405,True
UEQUQVLFIPOEMF,573,CHEMBL6437,12668554,946115,CHEMBL2343043,B,9,CHEMBL224,5-hydroxytryptamine receptor 2A,SINGLE PROTEIN,Homo sapiens,Ki,=,26.92,nM,7.57,72405,True
UEQUQVLFIPOEMF,573,CHEMBL6437,12668585,946125,CHEMBL2343053,F,9,CHEMBL225,5-hydroxytryptamine receptor 2C,SINGLE PROTEIN,Homo sapiens,Ki,=,8.128,nM,8.09,72405,True
UEQUQVLFIPOEMF,573,CHEMBL6437,12668589,946126,CHEMBL2343054,F,9,CHEMBL224,5-hydroxytryptamine receptor 2A,SINGLE PROTEIN,Homo sapiens,Ki,=,8.128,nM,8.09,72405,True
UEQUQVLFIPOEMF,573,CHEMBL6437,12671368,946114,CHEMBL2343042,B,9,CHEMBL225,5-hydroxytryptamine receptor 2C,SINGLE PROTEIN,Homo sapiens,Ki,=,1.7,nM,8.77,72405,True
UEQUQVLFIPOEMF,573,CHEMBL6437,12671388,946115,CHEMBL2343043,B,9,CHEMBL224,5-hydroxytryptamine receptor 2A,SINGLE PROTEIN,Homo sapiens,Ki,=,27.0,nM,7.57,72405,True
UEQUQVLFIPOEMF,573,CHEMBL6437,12671436,946125,CHEMBL2343053,F,9,CHEMBL225,5-hydroxytryptamine receptor 2C,SINGLE PROTEIN,Homo sapiens,Ki,=,8.0,nM,8.1,72405,True
UEQUQVLFIPOEMF,573,CHEMBL6437,12671440,946126,CHEMBL2343054,F,9,CHEMBL224,5-hydroxytryptamine receptor 2A,SINGLE PROTEIN,Homo sapiens,Ki,=,8.1,nM,8.09,72405,True
UEQUQVLFIPOEMF,573,CHEMBL6437,18080617,1667662,CHEMBL4017550,A,9,CHEMBL6020,Bile salt export pump,SINGLE PROTEIN,Homo sapiens,IC50,=,46820.0,nM,4.33,104626,False
UEQUQVLFIPOEMF,573,CHEMBL6437,18278517,1709458,CHEMBL4119507,B,9,CHEMBL224,5-hydroxytryptamine receptor 2A,SINGLE PROTEIN,Homo sapiens,Ki,=,2.2,nM,8.66,106209,True
UEQUQVLFIPOEMF,573,CHEMBL6437,18488449,1752169,CHEMBL4186929,B,9,CHEMBL224,5-hydroxytryptamine receptor 2A,SINGLE PROTEIN,Homo sapiens,Ki,=,2.0,nM,8.7,107897,True
UEQUQVLFIPOEMF,573,CHEMBL6437,18530155,1760125,CHEMBL4195133,B,9,CHEMBL224,5-hydroxytryptamine receptor 2A,SINGLE PROTEIN,Homo sapiens,Ki,=,3.2,nM,8.49,108294,True
UEQUQVLFIPOEMF,573,CHEMBL6437,18746559,1791143,CHEMBL4263062,B,9,CHEMBL224,5-hydroxytryptamine receptor 2A,SINGLE PROTEIN,Homo sapiens,Ki,=,1.2,nM,8.92,109638,True
UEQUQVLFIPOEMF,573,CHEMBL6437,19098489,1867022,CHEMBL4367997,B,9,CHEMBL224,5-hydroxytryptamine receptor 2A,SINGLE PROTEIN,Homo sapiens,Ki,=,2.8,nM,8.55,112078,True
UEQUQVLFIPOEMF,573,CHEMBL6437,22472195,2031242,CHEMBL4685400,B,9,CHEMBL224,5-hydroxytryptamine receptor 2A,SINGLE PROTEIN,Homo sapiens,Ki,=,1.905,nM,8.72,117851,True
UEQUQVLFIPOEMF,573,CHEMBL6437,22833870,2063307,CHEMBL4718560,B,9,CHEMBL322,5-hydroxytryptamine receptor 2A,SINGLE PROTEIN,Rattus norvegicus,Ki,=,18.4,nM,7.74,118933,True
UEQUQVLFIPOEMF,573,CHEMBL6437,25629990,2354258,CHEMBL5365371,B,9,CHEMBL1833,5-hydroxytryptamine receptor 2B,SINGLE PROTEIN,Homo sapiens,Ki,=,9.0,nM,8.05,127696,True
UEQUQVLFIPOEMF,573,CHEMBL6437,26025191,2476849,CHEMBL5581342,B,9,CHEMBL3371,5-hydroxytryptamine receptor 6,SINGLE PROTEIN,Homo sapiens,Ki,=,42.0,nM,7.38,130065,True
IUBSYMUCCVWXPE,789,CHEMBL13,42758,39346,CHEMBL655650,F,9,CHEMBL5471,Beta-1 adrenergic receptor,SINGLE PROTEIN,Cavia porcellus,Kd,=,14.79,nM,7.83,7725,True
IUBSYMUCCVWXPE,789,CHEMBL13,42759,38000,CHEMBL651634,F,9,CHEMBL5414,Beta-2 adrenergic receptor,SINGLE PROTEIN,Cavia porcellus,Kd,=,162.18,nM,6.79,7725,True
IUBSYMUCCVWXPE,789,CHEMBL13,849639,1512,CHEMBL616344,B,8,CHEMBL273,5-hydroxytryptamine receptor 1A,SINGLE PROTEIN,Rattus norvegicus,Ki,=,10000.0,nM,5.0,13343,True
IUBSYMUCCVWXPE,789,CHEMBL13,1001716,37552,CHEMBL647633,F,8,CHEMBL3252,Beta-1 adrenergic receptor,SINGLE PROTEIN,Rattus norvegicus,Kd,=,22.91,nM,7.64,9370,True
IUBSYMUCCVWXPE,789,CHEMBL13,1001720,37659,CHEMBL651252,F,8,CHEMBL3252,Beta-1 adrenergic receptor,SINGLE PROTEIN,Rattus norvegicus,Kd,=,22.91,nM,7.64,9370,True
IUBSYMUCCVWXPE,789,CHEMBL13,1001721,39342,CHEMBL655646,F,9,CHEMBL5471,Beta-1 adrenergic receptor,SINGLE PROTEIN,Cavia porcellus,Kd,=,724.44,nM,6.14,9370,True
IUBSYMUCCVWXPE,789,CHEMBL13,1116437,215874,CHEMBL821284,B,4,CHEMBL2095166,Adrenergic receptor beta,PROTEIN FAMILY,Rattus norvegicus,IC50,=,500.0,nM,6.3,2091,False
IUBSYMUCCVWXPE,789,CHEMBL13,1116438,216165,CHEMBL815336,F,9,CHEMBL5471,Beta-1 adrenergic receptor,SINGLE PROTEIN,Cavia porcellus,IC50,=,190.0,nM,6.72,2091,True
IUBSYMUCCVWXPE,789,CHEMBL13,1116439,216176,CHEMBL820268,F,9,CHEMBL5471,Beta-1 adrenergic receptor,SINGLE PROTEIN,Cavia porcellus,IC50,=,320.0,nM,6.5,2091,True
IUBSYMUCCVWXPE,789,CHEMBL13,1422553,305983,CHEMBL832148,A,9,CHEMBL289,Cytochrome P450 2D6,SINGLE PROTEIN,Homo sapiens,IC50,=,24000.0,nM,4.62,20624,False
IUBSYMUCCVWXPE,789,CHEMBL13,1720577,362745,CHEMBL868152,F,9,CHEMBL3252,Beta-1 adrenergic receptor,SINGLE PROTEIN,Rattus norvegicus,Ki,=,398.11,nM,6.4,31264,True
IUBSYMUCCVWXPE,789,CHEMBL13,1720578,362746,CHEMBL868153,F,9,CHEMBL3252,Beta-1 adrenergic receptor,SINGLE PROTEIN,Rattus norvegicus,Ki,=,2511.89,nM,5.6,31264,True
IUBSYMUCCVWXPE,789,CHEMBL13,1720580,362747,CHEMBL868154,F,9,CHEMBL3252,Beta-1 adrenergic receptor,SINGLE PROTEIN,Rattus norvegicus,Ki,=,5011.87,nM,5.3,31264,True
IUBSYMUCCVWXPE,789,CHEMBL13,1720582,362748,CHEMBL868155,F,9,CHEMBL3252,Beta-1 adrenergic receptor,SINGLE PROTEIN,Rattus norvegicus,Ki,=,630.96,nM,6.2,31264,True
IUBSYMUCCVWXPE,789,CHEMBL13,1720583,362749,CHEMBL868156,F,9,CHEMBL3252,Beta-1 adrenergic receptor,SINGLE PROTEIN,Rattus norvegicus,Ki,=,2511.89,nM,5.6,31264,True
IUBSYMUCCVWXPE,789,CHEMBL13,2439760,485913,CHEMBL1013916,B,0,CHEMBL612545,Unchecked,UNCHECKED,,Ki,=,45.0,nM,7.35,40613,False
IUBSYMUCCVWXPE,789,CHEMBL13,7758322,774702,CHEMBL1909091,B,8,CHEMBL213,Beta-1 adrenergic receptor,SINGLE PROTEIN,Homo sapiens,IC50,=,176.0,nM,6.75,59306,True
IUBSYMUCCVWXPE,789,CHEMBL13,7758323,774702,CHEMBL1909091,B,8,CHEMBL213,Beta-1 adrenergic receptor,SINGLE PROTEIN,Homo sapiens,Ki,=,102.0,nM,6.99,59306,True
IUBSYMUCCVWXPE,789,CHEMBL13,7758324,774703,CHEMBL1909092,B,8,CHEMBL210,Beta-2 adrenergic receptor,SINGLE PROTEIN,Homo sapiens,IC50,=,2573.0,nM,5.59,59306,True
IUBSYMUCCVWXPE,789,CHEMBL13,7758325,774703,CHEMBL1909092,B,8,CHEMBL210,Beta-2 adrenergic receptor,SINGLE PROTEIN,Homo sapiens,Ki,=,1769.0,nM,5.75,59306,True
IUBSYMUCCVWXPE,789,CHEMBL13,15461591,1485701,CHEMBL3541093,A,9,CHEMBL3491,Cytochrome P450 2J2,SINGLE PROTEIN,Homo sapiens,IC50,=,4870.0,nM,5.31,91918,False
IUBSYMUCCVWXPE,789,CHEMBL13,15644290,1502284,CHEMBL3591363,B,9,CHEMBL213,Beta-1 adrenergic receptor,SINGLE PROTEIN,Homo sapiens,Kd,=,15.85,nM,7.8,92693,True
IUBSYMUCCVWXPE,789,CHEMBL13,19255915,1900547,CHEMBL4402769,B,9,CHEMBL213,Beta-1 adrenergic receptor,SINGLE PROTEIN,Homo sapiens,Ki,=,55.0,nM,7.26,113266,True
IUBSYMUCCVWXPE,789,CHEMBL13,19255927,1900546,CHEMBL4402768,B,9,CHEMBL210,Beta-2 adrenergic receptor,SINGLE PROTEIN,Homo sapiens,Ki,=,220.0,nM,6.66,113266,True
IUBSYMUCCVWXPE,789,CHEMBL13,19255943,1900545,CHEMBL4402767,B,9,CHEMBL3440,Beta-1 adrenergic receptor,SINGLE PROTEIN,Mus musculus,Ki,=,49.0,nM,7.31,113266,True
IUBSYMUCCVWXPE,789,CHEMBL13,19403972,1923009,CHEMBL4425965,B,9,CHEMBL210,Beta-2 adrenergic receptor,SINGLE PROTEIN,Homo sapiens,Kd,=,15500.0,nM,4.81,114051,True
IUBSYMUCCVWXPE,789,CHEMBL13,19403983,1923008,CHEMBL4425964,B,9,CHEMBL210,Beta-2 adrenergic receptor,SINGLE PROTEIN,Homo sapiens,Kd,=,130.0,nM,6.89,114051,True
CYQFCXCEBYINGO,4496,CHEMBL465,152416,46624,CHEMBL658880,B,8,CHEMBL3571,Cannabinoid receptor 1,SINGLE PROTEIN,Rattus norvegicus,IC50,=,5.8,nM,8.24,12998,True
CYQFCXCEBYINGO,4496,CHEMBL465,152417,135581,CHEMBL740973,F,1,CHEMBL375,Mus musculus,ORGANISM,Mus musculus,IC50,=,4.0,nM,8.4,12998,False
CYQFCXCEBYINGO,4496,CHEMBL465,518599,46140,CHEMBL660013,B,4,CHEMBL2111385,Cannabinoid receptor,PROTEIN FAMILY,Rattus norvegicus,IC50,=,5.8,nM,8.24,1616,False
CYQFCXCEBYINGO,4496,CHEMBL465,518600,129720,CHEMBL737752,F,1,CHEMBL375,Mus musculus,ORGANISM,Mus musculus,IC50,=,4.0,nM,8.4,1616,False
CYQFCXCEBYINGO,4496,CHEMBL465,529628,46806,CHEMBL659693,B,8,CHEMBL3571,Cannabinoid receptor 1,SINGLE PROTEIN,Rattus norvegicus,Ki,=,47.6,nM,7.32,13570,True
CYQFCXCEBYINGO,4496,CHEMBL465,529629,47000,CHEMBL658969,B,8,CHEMBL5373,Cannabinoid receptor 2,SINGLE PROTEIN,Mus musculus,Ki,=,39.3,nM,7.41,13570,True
CYQFCXCEBYINGO,4496,CHEMBL465,642191,46146,CHEMBL660019,B,4,CHEMBL2111385,Cannabinoid receptor,PROTEIN FAMILY,Rattus norvegicus,IC50,=,218.0,nM,6.66,10844,False
CYQFCXCEBYINGO,4496,CHEMBL465,657642,46612,CHEMBL659663,B,8,CHEMBL3037,Cannabinoid receptor 1,SINGLE PROTEIN,Mus musculus,Ki,=,41.0,nM,7.39,14172,True
CYQFCXCEBYINGO,4496,CHEMBL465,706205,46635,CHEMBL658891,B,8,CHEMBL3571,Cannabinoid receptor 1,SINGLE PROTEIN,Rattus norvegicus,Ki,=,66.5,nM,7.18,14128,True
CYQFCXCEBYINGO,4496,CHEMBL465,706206,46805,CHEMBL659692,B,8,CHEMBL3571,Cannabinoid receptor 1,SINGLE PROTEIN,Rattus norvegicus,Ki,=,80.3,nM,7.09,14128,True
CYQFCXCEBYINGO,4496,CHEMBL465,706207,46987,CHEMBL658956,B,8,CHEMBL253,Cannabinoid receptor 2,SINGLE PROTEIN,Homo sapiens,Ki,=,32.2,nM,7.49,14128,True
CYQFCXCEBYINGO,4496,CHEMBL465,706208,46617,CHEMBL658203,F,8,CHEMBL3571,Cannabinoid receptor 1,SINGLE PROTEIN,Rattus norvegicus,EC50,=,11.0,nM,7.96,14128,True
CYQFCXCEBYINGO,4496,CHEMBL465,901677,46287,CHEMBL657995,B,4,CHEMBL2111385,Cannabinoid receptor,PROTEIN FAMILY,Rattus norvegicus,Ki,=,46.0,nM,7.34,11258,False
CYQFCXCEBYINGO,4496,CHEMBL465,912516,46293,CHEMBL661062,B,4,CHEMBL2096981,Cannabinoid receptor,PROTEIN FAMILY,Homo sapiens,Ki,=,41.0,nM,7.39,1068,False
CYQFCXCEBYINGO,4496,CHEMBL465,1215573,46457,CHEMBL657904,B,8,CHEMBL218,Cannabinoid receptor 1,SINGLE PROTEIN,Homo sapiens,Ki,=,28.5,nM,7.54,5854,True
CYQFCXCEBYINGO,4496,CHEMBL465,1215574,46989,CHEMBL658958,B,8,CHEMBL253,Cannabinoid receptor 2,SINGLE PROTEIN,Homo sapiens,Ki,=,25.0,nM,7.6,5854,True
CYQFCXCEBYINGO,4496,CHEMBL465,1238830,46830,CHEMBL875683,B,8,CHEMBL218,Cannabinoid receptor 1,SINGLE PROTEIN,Homo sapiens,Ki,=,41.0,nM,7.39,13614,True
CYQFCXCEBYINGO,4496,CHEMBL465,1238831,46976,CHEMBL658878,B,8,CHEMBL253,Cannabinoid receptor 2,SINGLE PROTEIN,Homo sapiens,Ki,=,36.0,nM,7.44,13614,True
CYQFCXCEBYINGO,4496,CHEMBL465,1477850,302852,CHEMBL828768,B,9,CHEMBL3571,Cannabinoid receptor 1,SINGLE PROTEIN,Rattus norvegicus,Ki,=,41.0,nM,7.39,20667,True
CYQFCXCEBYINGO,4496,CHEMBL465,1493271,302414,CHEMBL828818,B,8,CHEMBL3571,Cannabinoid receptor 1,SINGLE PROTEIN,Rattus norvegicus,Ki,=,37.0,nM,7.43,21380,True
CYQFCXCEBYINGO,4496,CHEMBL465,1493272,302415,CHEMBL828819,B,0,CHEMBL612545,Unchecked,UNCHECKED,,Ki,=,20.0,nM,7.7,21380,False
CYQFCXCEBYINGO,4496,CHEMBL465,1670384,327124,CHEMBL864630,F,9,CHEMBL3571,Cannabinoid receptor 1,SINGLE PROTEIN,Rattus norvegicus,EC50,=,199.53,nM,6.7,30443,True
CYQFCXCEBYINGO,4496,CHEMBL465,1969427,447529,CHEMBL896543,B,9,CHEMBL5373,Cannabinoid receptor 2,SINGLE PROTEIN,Mus musculus,Ki,=,9.2,nM,8.04,36793,True
CYQFCXCEBYINGO,4496,CHEMBL465,1969447,447525,CHEMBL895424,B,9,CHEMBL253,Cannabinoid receptor 2,SINGLE PROTEIN,Homo sapiens,Ki,=,3.3,nM,8.48,36793,True
CYQFCXCEBYINGO,4496,CHEMBL465,1969448,447526,CHEMBL895425,B,9,CHEMBL218,Cannabinoid receptor 1,SINGLE PROTEIN,Homo sapiens,Ki,=,17.0,nM,7.77,36793,True
CYQFCXCEBYINGO,4496,CHEMBL465,2460817,554819,CHEMBL953972,B,9,CHEMBL253,Cannabinoid receptor 2,SINGLE PROTEIN,Homo sapiens,Ki,=,41.0,nM,7.39,44405,True
CYQFCXCEBYINGO,4496,CHEMBL465,2461949,554820,CHEMBL953973,B,9,CHEMBL218,Cannabinoid receptor 1,SINGLE PROTEIN,Homo sapiens,Ki,=,2.9,nM,8.54,44405,True
CYQFCXCEBYINGO,4496,CHEMBL465,2461951,554821,CHEMBL953974,F,9,CHEMBL253,Cannabinoid receptor 2,SINGLE PROTEIN,Homo sapiens,EC50,=,1.5,nM,8.82,44405,True
CYQFCXCEBYINGO,4496,CHEMBL465,3301089,633021,CHEMBL1118246,F,9,CHEMBL5160,Transient receptor potential cation channel subfamily A member 1,SINGLE PROTEIN,Rattus norvegicus,EC50,=,230.0,nM,6.64,51267,True
CYQFCXCEBYINGO,4496,CHEMBL465,7979616,794282,CHEMBL1932155,B,9,CHEMBL218,Cannabinoid receptor 1,SINGLE PROTEIN,Homo sapiens,IC50,=,2.8,nM,8.55,60401,True
CYQFCXCEBYINGO,4496,CHEMBL465,7979620,794283,CHEMBL1932156,B,9,CHEMBL253,Cannabinoid receptor 2,SINGLE PROTEIN,Homo sapiens,IC50,=,9.5,nM,8.02,60401,True
CYQFCXCEBYINGO,4496,CHEMBL465,8042686,804069,CHEMBL1952464,B,9,CHEMBL218,Cannabinoid receptor 1,SINGLE PROTEIN,Homo sapiens,Ki,=,10.0,nM,8.0,61171,True
CYQFCXCEBYINGO,4496,CHEMBL465,8042716,804070,CHEMBL1952635,F,9,CHEMBL218,Cannabinoid receptor 1,SINGLE PROTEIN,Homo sapiens,EC50,=,17.0,nM,7.77,61171,True
CYQFCXCEBYINGO,4496,CHEMBL465,13321888,963372,CHEMBL2388869,B,9,CHEMBL253,Cannabinoid receptor 2,SINGLE PROTEIN,Homo sapiens,Ki,=,71.6,nM,7.14,73821,True
CYQFCXCEBYINGO,4496,CHEMBL465,13321921,963375,CHEMBL2388872,B,9,CHEMBL218,Cannabinoid receptor 1,SINGLE PROTEIN,Homo sapiens,Ki,=,3.88,nM,8.41,73821,True
CYQFCXCEBYINGO,4496,CHEMBL465,13321922,963376,CHEMBL2388873,B,9,CHEMBL2384898,N-arachidonyl glycine receptor,SINGLE PROTEIN,Homo sapiens,EC50,=,4610.0,nM,5.34,73821,True
CYQFCXCEBYINGO,4496,CHEMBL465,13321987,963381,CHEMBL2388878,B,9,CHEMBL1075322,G-protein coupled receptor 55,SINGLE PROTEIN,Homo sapiens,IC50,=,14200.0,nM,4.85,73821,True
CYQFCXCEBYINGO,4496,CHEMBL465,14532540,1330001,CHEMBL3222509,B,9,CHEMBL2384898,N-arachidonyl glycine receptor,SINGLE PROTEIN,Homo sapiens,EC50,=,960.0,nM,6.02,82042,True
CYQFCXCEBYINGO,4496,CHEMBL465,14532543,1330002,CHEMBL3222510,B,9,CHEMBL1075322,G-protein coupled receptor 55,SINGLE PROTEIN,Homo sapiens,EC50,=,14200.0,nM,4.85,82042,True
CYQFCXCEBYINGO,4496,CHEMBL465,14622557,1345088,CHEMBL3252948,B,0,CHEMBL612545,Unchecked,UNCHECKED,,Ki,=,302.0,nM,6.52,82686,False
CYQFCXCEBYINGO,4496,CHEMBL465,14999673,1453154,CHEMBL3364788,B,9,CHEMBL218,Cannabinoid receptor 1,SINGLE PROTEIN,Homo sapiens,Ki,=,22.0,nM,7.66,90626,True
CYQFCXCEBYINGO,4496,CHEMBL465,14999688,1453155,CHEMBL3364789,B,9,CHEMBL253,Cannabinoid receptor 2,SINGLE PROTEIN,Homo sapiens,Ki,=,46.0,nM,7.34,90626,True
CYQFCXCEBYINGO,4496,CHEMBL465,14999703,1453156,CHEMBL3364790,F,9,CHEMBL253,Cannabinoid receptor 2,SINGLE PROTEIN,Homo sapiens,EC50,=,12.3,nM,7.91,90626,True
CYQFCXCEBYINGO,4496,CHEMBL465,14999717,1453158,CHEMBL3364792,F,9,CHEMBL218,Cannabinoid receptor 1,SINGLE PROTEIN,Homo sapiens,EC50,=,77.5,nM,7.11,90626,True
CYQFCXCEBYINGO,4496,CHEMBL465,15224240,1472240,CHEMBL3419046,F,1,CHEMBL400,MDA-MB-231,CELL-LINE,Homo sapiens,IC50,=,5000.0,nM,5.3,91509,False
CYQFCXCEBYINGO,4496,CHEMBL465,15241390,1474520,CHEMBL3423809,B,9,CHEMBL5845,Glycine receptor subunit alpha-1,SINGLE PROTEIN,Homo sapiens,EC50,=,1300.0,nM,5.89,91666,True
CYQFCXCEBYINGO,4496,CHEMBL465,15448413,1481943,CHEMBL3541169,B,9,CHEMBL3037,Cannabinoid receptor 1,SINGLE PROTEIN,Mus musculus,Ki,=,15.3,nM,7.82,91946,True
CYQFCXCEBYINGO,4496,CHEMBL465,15463743,1487564,CHEMBL3531531,A,9,CHEMBL3401,Nuclear receptor subfamily 1 group I member 2,SINGLE PROTEIN,Homo sapiens,EC50,=,31600.0,nM,4.5,91997,False
CYQFCXCEBYINGO,4496,CHEMBL465,15463787,1487565,CHEMBL3531532,A,9,CHEMBL3401,Nuclear receptor subfamily 1 group I member 2,SINGLE PROTEIN,Homo sapiens,EC50,=,12600.0,nM,4.9,91997,False
CYQFCXCEBYINGO,4496,CHEMBL465,15465479,1487572,CHEMBL3531878,A,9,CHEMBL3401,Nuclear receptor subfamily 1 group I member 2,SINGLE PROTEIN,Homo sapiens,EC50,=,12600.0,nM,4.9,91997,False
CYQFCXCEBYINGO,4496,CHEMBL465,15626768,1500630,CHEMBL3587760,B,9,CHEMBL218,Cannabinoid receptor 1,SINGLE PROTEIN,Homo sapiens,Ki,=,18.0,nM,7.75,92562,True
CYQFCXCEBYINGO,4496,CHEMBL465,17780811,1642100,CHEMBL3888823,B,8,CHEMBL3037,Cannabinoid receptor 1,SINGLE PROTEIN,Mus musculus,EC50,=,77.0,nM,7.11,102588,True
CYQFCXCEBYINGO,4496,CHEMBL465,18036514,1659130,CHEMBL4008742,F,9,CHEMBL234,D(3) dopamine receptor,SINGLE PROTEIN,Homo sapiens,EC50,=,10.2,nM,7.99,104319,True
CYQFCXCEBYINGO,4496,CHEMBL465,18157614,1684880,CHEMBL4035359,A,0,CHEMBL612545,Unchecked,UNCHECKED,,Ki,=,2470.0,nM,5.61,105213,False
CYQFCXCEBYINGO,4496,CHEMBL465,18913385,1821732,CHEMBL4321392,A,1,CHEMBL394,HCT-116,CELL-LINE,Homo sapiens,IC50,=,42000.0,nM,4.38,110709,False
CYQFCXCEBYINGO,4496,CHEMBL465,18913386,1821733,CHEMBL4321393,A,1,CHEMBL614212,OVCAR,CELL-LINE,Homo sapiens,IC50,=,63000.0,nM,4.2,110709,False
CYQFCXCEBYINGO,4496,CHEMBL465,18913387,1821734,CHEMBL4321394,A,1,CHEMBL392,A549,CELL-LINE,Homo sapiens,IC50,=,45000.0,nM,4.35,110709,False
CYQFCXCEBYINGO,4496,CHEMBL465,18913388,1821735,CHEMBL4321395,A,1,CHEMBL387,MCF7,CELL-LINE,Homo sapiens,IC50,=,57000.0,nM,4.24,110709,False
CYQFCXCEBYINGO,4496,CHEMBL465,18913389,1821736,CHEMBL4321396,A,1,CHEMBL390,PC-3,CELL-LINE,Homo sapiens,IC50,=,65000.0,nM,4.19,110709,False
CYQFCXCEBYINGO,4496,CHEMBL465,18913390,1821737,CHEMBL4321397,A,1,CHEMBL395,HepG2,CELL-LINE,Homo sapiens,IC50,=,59000.0,nM,4.23,110709,False
CYQFCXCEBYINGO,4496,CHEMBL465,18913391,1821738,CHEMBL4321398,A,1,CHEMBL614910,SH-SY5Y,CELL-LINE,Homo sapiens,IC50,=,50000.0,nM,4.3,110709,False
CYQFCXCEBYINGO,4496,CHEMBL465,19067505,1859866,CHEMBL4360722,B,5,CHEMBL2111385,Cannabinoid receptor,PROTEIN FAMILY,Rattus norvegicus,Ki,=,82.0,nM,7.09,111891,False
CYQFCXCEBYINGO,4496,CHEMBL465,19115084,1870443,CHEMBL4371610,F,9,CHEMBL5373,Cannabinoid receptor 2,SINGLE PROTEIN,Mus musculus,EC50,=,7.3,nM,8.14,112218,True
CYQFCXCEBYINGO,4496,CHEMBL465,23296355,2131319,CHEMBL4840834,F,9,CHEMBL218,Cannabinoid receptor 1,SINGLE PROTEIN,Homo sapiens,EC50,=,43.0,nM,7.37,121211,True
CYQFCXCEBYINGO,4496,CHEMBL465,23296360,2131321,CHEMBL4840836,B,9,CHEMBL2243,Fatty-acid amide hydrolase 1,SINGLE PROTEIN,Homo sapiens,IC50,=,43600.0,nM,4.36,121211,True
CYQFCXCEBYINGO,4496,CHEMBL465,23296366,2131323,CHEMBL4840838,B,9,CHEMBL2189127,Monoacylglycerol lipase ABHD6,SINGLE PROTEIN,Homo sapiens,IC50,=,48200.0,nM,4.32,121211,True
CYQFCXCEBYINGO,4496,CHEMBL465,23296369,2131324,CHEMBL4840839,B,9,CHEMBL5516,Lysophosphatidylserine lipase ABHD12,SINGLE PROTEIN,Homo sapiens,IC50,=,11600.0,nM,4.94,121211,True
CYQFCXCEBYINGO,4496,CHEMBL465,23302989,2132824,CHEMBL4842434,B,9,CHEMBL4835,L-lactate dehydrogenase A chain,SINGLE PROTEIN,Homo sapiens,Ki,=,14000.0,nM,4.85,121287,True
CYQFCXCEBYINGO,4496,CHEMBL465,24507786,2169907,CHEMBL5054966,F,1,CHEMBL364,Plasmodium falciparum,ORGANISM,Plasmodium falciparum,IC50,=,790.0,nM,6.1,122264,False
CYQFCXCEBYINGO,4496,CHEMBL465,24507789,2169908,CHEMBL5054967,F,1,CHEMBL364,Plasmodium falciparum,ORGANISM,Plasmodium falciparum,IC50,=,720.0,nM,6.14,122264,False
CYQFCXCEBYINGO,4496,CHEMBL465,24507792,2169909,CHEMBL5054968,B,3,CHEMBL613898,Hemozoin,MACROMOLECULE,Plasmodium falciparum,IC50,=,11300.0,nM,4.95,122264,False
CYQFCXCEBYINGO,4496,CHEMBL465,25073082,2292808,CHEMBL5253448,B,9,CHEMBL1075319,Transient receptor potential cation channel subfamily M member 8,SINGLE PROTEIN,Homo sapiens,IC50,=,160.0,nM,6.8,125798,True
CYQFCXCEBYINGO,4496,CHEMBL465,25843336,2425684,CHEMBL5504232,F,9,CHEMBL2384898,N-arachidonyl glycine receptor,SINGLE PROTEIN,Homo sapiens,EC50,=,3370.0,nM,5.47,128847,True
CYQFCXCEBYINGO,4496,CHEMBL465,25843642,2425693,CHEMBL5504241,F,9,CHEMBL3259470,G-protein coupled receptor 183,SINGLE PROTEIN,Homo sapiens,EC50,=,38.0,nM,7.42,128847,True
CYQFCXCEBYINGO,4496,CHEMBL465,25843659,2425700,CHEMBL5504248,F,9,CHEMBL218,Cannabinoid receptor 1,SINGLE PROTEIN,Homo sapiens,EC50,=,6.73,nM,8.17,128847,True
CYQFCXCEBYINGO,4496,CHEMBL465,25843663,2425702,CHEMBL5504250,F,9,CHEMBL253,Cannabinoid receptor 2,SINGLE PROTEIN,Homo sapiens,EC50,=,1.42,nM,8.85,128847,True
CYQFCXCEBYINGO,4496,CHEMBL465,25917768,2446947,CHEMBL5527147,F,9,CHEMBL218,Cannabinoid receptor 1,SINGLE PROTEIN,Homo sapiens,EC50,=,269.0,nM,6.57,129291,True
CYQFCXCEBYINGO,4496,CHEMBL465,25917772,2446949,CHEMBL5527149,F,9,CHEMBL253,Cannabinoid receptor 2,SINGLE PROTEIN,Homo sapiens,EC50,=,327.0,nM,6.49,129291,True
CYQFCXCEBYINGO,4496,CHEMBL465,25933716,2451128,CHEMBL5531586,B,0,CHEMBL612545,Unchecked,UNCHECKED,,IC50,=,2700.0,nM,5.57,129379,False
CYQFCXCEBYINGO,4496,CHEMBL465,25938281,2452413,CHEMBL5533697,B,9,CHEMBL3691,Autotaxin,SINGLE PROTEIN,Homo sapiens,EC50,=,460.0,nM,6.34,129405,True
CYQFCXCEBYINGO,4496,CHEMBL465,29092155,2607501,CHEMBL6083333,B,9,CHEMBL253,Cannabinoid receptor 2,SINGLE PROTEIN,Homo sapiens,Ki,=,30.0,nM,7.52,136328,True
MFDFERRIHVXMIY,16581,CHEMBL569,10854176,813012,CHEMBL2020474,F,1,CHEMBL3879801,NON-PROTEIN TARGET,NON-MOLECULAR,,EC50,=,14.0,nM,7.85,61594,False
QHPQWRBYOIRBIT,17047,CHEMBL16217,12624357,934264,CHEMBL2320010,F,1,CHEMBL387,MCF7,CELL-LINE,Homo sapiens,EC50,=,870.0,nM,6.06,71776,False
QHPQWRBYOIRBIT,17047,CHEMBL16217,22849503,2067855,CHEMBL4723108,B,9,CHEMBL1973,Tyrosinase,SINGLE PROTEIN,Homo sapiens,IC50,=,10000.0,nM,5.0,119037,True
SLSIBLKBHNKZTB,28014,CHEMBL21396,2152510,476662,CHEMBL933780,F,1,CHEMBL3879801,NON-PROTEIN TARGET,NON-MOLECULAR,,IC50,=,19150.0,nM,4.72,39319,False
SLSIBLKBHNKZTB,28014,CHEMBL21396,2152532,476661,CHEMBL933779,F,1,CHEMBL3879801,NON-PROTEIN TARGET,NON-MOLECULAR,,IC50,=,13240.0,nM,4.88,39319,False
SLSIBLKBHNKZTB,28014,CHEMBL21396,2309194,508854,CHEMBL1003847,F,1,CHEMBL364,Plasmodium falciparum,ORGANISM,Plasmodium falciparum,IC50,=,47500.0,nM,4.32,41289,False
SLSIBLKBHNKZTB,28014,CHEMBL21396,2309201,508855,CHEMBL1003848,F,1,CHEMBL364,Plasmodium falciparum,ORGANISM,Plasmodium falciparum,IC50,=,59000.0,nM,4.23,41289,False
SLSIBLKBHNKZTB,28014,CHEMBL21396,2908408,587330,CHEMBL1040393,F,1,CHEMBL3879801,NON-PROTEIN TARGET,NON-MOLECULAR,,IC50,=,51300.0,nM,4.29,48329,False
SLSIBLKBHNKZTB,28014,CHEMBL21396,2908409,587331,CHEMBL1040394,F,1,CHEMBL613710,Neutrophil,CELL-LINE,,IC50,=,35500.0,nM,4.45,48329,False
YMTINGFKWWXKFG,28331,CHEMBL672,133674,153392,CHEMBL763845,F,8,CHEMBL239,Peroxisome proliferator-activated receptor alpha,SINGLE PROTEIN,Homo sapiens,EC50,=,41000.0,nM,4.39,17140,True
YMTINGFKWWXKFG,28331,CHEMBL672,133675,153235,CHEMBL764647,F,8,CHEMBL239,Peroxisome proliferator-activated receptor alpha,SINGLE PROTEIN,Homo sapiens,EC50,=,50000.0,nM,4.3,17140,True
YMTINGFKWWXKFG,28331,CHEMBL672,133676,153705,CHEMBL759331,F,8,CHEMBL2129,Peroxisome proliferator-activated receptor alpha,SINGLE PROTEIN,Rattus norvegicus,EC50,=,49000.0,nM,4.31,17140,True
YMTINGFKWWXKFG,28331,CHEMBL672,327683,153387,CHEMBL760607,B,8,CHEMBL239,Peroxisome proliferator-activated receptor alpha,SINGLE PROTEIN,Homo sapiens,EC50,=,3210.0,nM,5.49,5829,True
YMTINGFKWWXKFG,28331,CHEMBL672,327685,154188,CHEMBL762737,B,8,CHEMBL235,Peroxisome proliferator-activated receptor gamma,SINGLE PROTEIN,Homo sapiens,EC50,=,570.0,nM,6.24,5829,True
YMTINGFKWWXKFG,28331,CHEMBL672,529696,139142,CHEMBL743989,F,9,CHEMBL2128,Peroxisome proliferator-activated receptor alpha,SINGLE PROTEIN,Mus musculus,EC50,=,18000.0,nM,4.75,15797,True
YMTINGFKWWXKFG,28331,CHEMBL672,529699,88427,CHEMBL700787,F,9,CHEMBL239,Peroxisome proliferator-activated receptor alpha,SINGLE PROTEIN,Homo sapiens,EC50,=,30000.0,nM,4.52,15797,True
YMTINGFKWWXKFG,28331,CHEMBL672,2096256,465724,CHEMBL932290,B,8,CHEMBL235,Peroxisome proliferator-activated receptor gamma,SINGLE PROTEIN,Homo sapiens,EC50,=,41000.0,nM,4.39,38558,True
YMTINGFKWWXKFG,28331,CHEMBL672,2371576,539581,CHEMBL1035756,F,8,CHEMBL239,Peroxisome proliferator-activated receptor alpha,SINGLE PROTEIN,Homo sapiens,EC50,=,20000.0,nM,4.7,45295,True
YMTINGFKWWXKFG,28331,CHEMBL672,2445225,555395,CHEMBL964792,B,9,CHEMBL5738,"Fatty acid-binding protein, liver",SINGLE PROTEIN,Rattus norvegicus,Ki,=,24.0,nM,7.62,44435,True
YMTINGFKWWXKFG,28331,CHEMBL672,2445252,555398,CHEMBL964795,B,9,CHEMBL5738,"Fatty acid-binding protein, liver",SINGLE PROTEIN,Rattus norvegicus,Ki,=,405.0,nM,6.39,44435,True
YMTINGFKWWXKFG,28331,CHEMBL672,2649177,572394,CHEMBL1035295,F,9,CHEMBL239,Peroxisome proliferator-activated receptor alpha,SINGLE PROTEIN,Homo sapiens,EC50,=,2000.0,nM,5.7,47370,True
YMTINGFKWWXKFG,28331,CHEMBL672,2649207,572392,CHEMBL1035293,B,9,CHEMBL239,Peroxisome proliferator-activated receptor alpha,SINGLE PROTEIN,Homo sapiens,IC50,=,1000.0,nM,6.0,47370,True
YMTINGFKWWXKFG,28331,CHEMBL672,2690511,578544,CHEMBL1052386,B,9,CHEMBL5738,"Fatty acid-binding protein, liver",SINGLE PROTEIN,Rattus norvegicus,Kd,=,18.0,nM,7.75,47756,True
YMTINGFKWWXKFG,28331,CHEMBL672,2690512,578543,CHEMBL1052385,B,9,CHEMBL5738,"Fatty acid-binding protein, liver",SINGLE PROTEIN,Rattus norvegicus,Kd,=,130.0,nM,6.89,47756,True
YMTINGFKWWXKFG,28331,CHEMBL672,2690513,578559,CHEMBL1052401,B,9,CHEMBL5738,"Fatty acid-binding protein, liver",SINGLE PROTEIN,Rattus norvegicus,Kd,=,23.0,nM,7.64,47756,True
YMTINGFKWWXKFG,28331,CHEMBL672,2690514,578560,CHEMBL1052402,B,9,CHEMBL5738,"Fatty acid-binding protein, liver",SINGLE PROTEIN,Rattus norvegicus,Kd,=,150.0,nM,6.82,47756,True
YMTINGFKWWXKFG,28331,CHEMBL672,2690515,578557,CHEMBL1052399,B,9,CHEMBL5738,"Fatty acid-binding protein, liver",SINGLE PROTEIN,Rattus norvegicus,Kd,=,24.0,nM,7.62,47756,True
YMTINGFKWWXKFG,28331,CHEMBL672,2690516,578558,CHEMBL1052400,B,9,CHEMBL5738,"Fatty acid-binding protein, liver",SINGLE PROTEIN,Rattus norvegicus,Kd,=,160.0,nM,6.8,47756,True
YMTINGFKWWXKFG,28331,CHEMBL672,2690517,578556,CHEMBL1052398,B,9,CHEMBL5738,"Fatty acid-binding protein, liver",SINGLE PROTEIN,Rattus norvegicus,Kd,=,27.0,nM,7.57,47756,True
YMTINGFKWWXKFG,28331,CHEMBL672,2690518,578555,CHEMBL1052397,B,9,CHEMBL5738,"Fatty acid-binding protein, liver",SINGLE PROTEIN,Rattus norvegicus,Kd,=,200.0,nM,6.7,47756,True
YMTINGFKWWXKFG,28331,CHEMBL672,2690519,578554,CHEMBL1052396,B,9,CHEMBL5738,"Fatty acid-binding protein, liver",SINGLE PROTEIN,Rattus norvegicus,Kd,=,32.0,nM,7.5,47756,True
YMTINGFKWWXKFG,28331,CHEMBL672,2690520,578553,CHEMBL1052395,B,9,CHEMBL5738,"Fatty acid-binding protein, liver",SINGLE PROTEIN,Rattus norvegicus,Kd,=,250.0,nM,6.6,47756,True
YMTINGFKWWXKFG,28331,CHEMBL672,2690521,578552,CHEMBL1052394,B,9,CHEMBL5738,"Fatty acid-binding protein, liver",SINGLE PROTEIN,Rattus norvegicus,Kd,=,41.0,nM,7.39,47756,True
YMTINGFKWWXKFG,28331,CHEMBL672,2690522,578551,CHEMBL1052393,B,9,CHEMBL5738,"Fatty acid-binding protein, liver",SINGLE PROTEIN,Rattus norvegicus,Kd,=,270.0,nM,6.57,47756,True
YMTINGFKWWXKFG,28331,CHEMBL672,2690523,578550,CHEMBL1052392,B,9,CHEMBL5738,"Fatty acid-binding protein, liver",SINGLE PROTEIN,Rattus norvegicus,Kd,=,62.0,nM,7.21,47756,True
YMTINGFKWWXKFG,28331,CHEMBL672,2690524,578549,CHEMBL1052391,B,9,CHEMBL5738,"Fatty acid-binding protein, liver",SINGLE PROTEIN,Rattus norvegicus,Kd,=,320.0,nM,6.5,47756,True
YMTINGFKWWXKFG,28331,CHEMBL672,2690526,578547,CHEMBL1052389,B,9,CHEMBL5738,"Fatty acid-binding protein, liver",SINGLE PROTEIN,Rattus norvegicus,Kd,=,360.0,nM,6.44,47756,True
YMTINGFKWWXKFG,28331,CHEMBL672,2948415,590548,CHEMBL1059363,F,9,CHEMBL239,Peroxisome proliferator-activated receptor alpha,SINGLE PROTEIN,Homo sapiens,EC50,=,33500.0,nM,4.47,48492,True
YMTINGFKWWXKFG,28331,CHEMBL672,3307706,635149,CHEMBL1119971,B,9,CHEMBL3563,Cruzipain,SINGLE PROTEIN,Trypanosoma cruzi,IC50,=,61000.0,nM,4.21,51298,True
YMTINGFKWWXKFG,28331,CHEMBL672,3418691,653339,CHEMBL1226542,F,1,CHEMBL390,PC-3,CELL-LINE,Homo sapiens,IC50,=,18000.0,nM,4.75,52308,False
YMTINGFKWWXKFG,28331,CHEMBL672,3418692,653340,CHEMBL1226543,F,1,CHEMBL392,A549,CELL-LINE,Homo sapiens,IC50,=,15900.0,nM,4.8,52308,False
YMTINGFKWWXKFG,28331,CHEMBL672,3418693,653341,CHEMBL1226544,F,1,CHEMBL614725,MIA PaCa-2,CELL-LINE,Homo sapiens,IC50,=,8400.0,nM,5.08,52308,False
YMTINGFKWWXKFG,28331,CHEMBL672,3418694,653342,CHEMBL1226545,F,1,CHEMBL614721,LoVo,CELL-LINE,Homo sapiens,IC50,=,13200.0,nM,4.88,52308,False
YMTINGFKWWXKFG,28331,CHEMBL672,3418695,653343,CHEMBL1226546,F,1,CHEMBL3879801,NON-PROTEIN TARGET,NON-MOLECULAR,,IC50,=,74500.0,nM,4.13,52308,False
YMTINGFKWWXKFG,28331,CHEMBL672,3485915,672658,CHEMBL1267245,F,1,CHEMBL364,Plasmodium falciparum,ORGANISM,Plasmodium falciparum,IC50,=,12589.25,nM,4.9,53323,False
YMTINGFKWWXKFG,28331,CHEMBL672,3485916,672659,CHEMBL1267246,F,1,CHEMBL364,Plasmodium falciparum,ORGANISM,Plasmodium falciparum,IC50,=,12589.25,nM,4.9,53323,False
YMTINGFKWWXKFG,28331,CHEMBL672,3485917,672660,CHEMBL1267247,F,1,CHEMBL364,Plasmodium falciparum,ORGANISM,Plasmodium falciparum,IC50,=,12589.25,nM,4.9,53323,False
YMTINGFKWWXKFG,28331,CHEMBL672,3485918,672661,CHEMBL1267248,F,1,CHEMBL364,Plasmodium falciparum,ORGANISM,Plasmodium falciparum,IC50,=,12589.25,nM,4.9,53323,False
YMTINGFKWWXKFG,28331,CHEMBL672,3485919,672662,CHEMBL1267249,F,1,CHEMBL364,Plasmodium falciparum,ORGANISM,Plasmodium falciparum,IC50,=,12589.25,nM,4.9,53323,False
YMTINGFKWWXKFG,28331,CHEMBL672,3485920,672663,CHEMBL1267250,F,1,CHEMBL364,Plasmodium falciparum,ORGANISM,Plasmodium falciparum,IC50,=,10000.0,nM,5.0,53323,False
YMTINGFKWWXKFG,28331,CHEMBL672,3485921,672664,CHEMBL1267251,F,1,CHEMBL364,Plasmodium falciparum,ORGANISM,Plasmodium falciparum,IC50,=,7943.28,nM,5.1,53323,False
YMTINGFKWWXKFG,28331,CHEMBL672,7646198,774690,CHEMBL1909211,B,8,CHEMBL224,5-hydroxytryptamine receptor 2A,SINGLE PROTEIN,Homo sapiens,IC50,=,2118.0,nM,5.67,59306,True
YMTINGFKWWXKFG,28331,CHEMBL672,7646199,774690,CHEMBL1909211,B,8,CHEMBL224,5-hydroxytryptamine receptor 2A,SINGLE PROTEIN,Homo sapiens,Ki,=,605.0,nM,6.22,59306,True
YMTINGFKWWXKFG,28331,CHEMBL672,7646202,774716,CHEMBL1909105,B,8,CHEMBL225,5-hydroxytryptamine receptor 2C,SINGLE PROTEIN,Homo sapiens,IC50,=,2371.0,nM,5.62,59306,True
YMTINGFKWWXKFG,28331,CHEMBL672,7646203,774716,CHEMBL1909105,B,8,CHEMBL225,5-hydroxytryptamine receptor 2C,SINGLE PROTEIN,Homo sapiens,Ki,=,1242.0,nM,5.91,59306,True
YMTINGFKWWXKFG,28331,CHEMBL672,7646216,774723,CHEMBL1909112,B,0,CHEMBL612545,Unchecked,UNCHECKED,,IC50,=,19411.0,nM,4.71,59306,False
YMTINGFKWWXKFG,28331,CHEMBL672,7646217,774723,CHEMBL1909112,B,0,CHEMBL612545,Unchecked,UNCHECKED,,Ki,=,17403.0,nM,4.76,59306,False
YMTINGFKWWXKFG,28331,CHEMBL672,7673943,774691,CHEMBL1909212,B,8,CHEMBL220,Acetylcholinesterase,SINGLE PROTEIN,Homo sapiens,IC50,=,15551.0,nM,4.81,59306,True
YMTINGFKWWXKFG,28331,CHEMBL672,7673949,774694,CHEMBL1909215,B,8,CHEMBL256,Adenosine receptor A3,SINGLE PROTEIN,Homo sapiens,IC50,=,5701.0,nM,5.24,59306,True
YMTINGFKWWXKFG,28331,CHEMBL672,7673950,774694,CHEMBL1909215,B,8,CHEMBL256,Adenosine receptor A3,SINGLE PROTEIN,Homo sapiens,Ki,=,3222.0,nM,5.49,59306,True
YMTINGFKWWXKFG,28331,CHEMBL672,7673970,774704,CHEMBL1909093,B,8,CHEMBL246,Beta-3 adrenergic receptor,SINGLE PROTEIN,Homo sapiens,Ki,=,92959.0,nM,4.03,59306,True
YMTINGFKWWXKFG,28331,CHEMBL672,7673971,774705,CHEMBL1909094,B,8,CHEMBL222,Sodium-dependent noradrenaline transporter,SINGLE PROTEIN,Homo sapiens,IC50,=,21408.0,nM,4.67,59306,True
YMTINGFKWWXKFG,28331,CHEMBL672,7673972,774705,CHEMBL1909094,B,8,CHEMBL222,Sodium-dependent noradrenaline transporter,SINGLE PROTEIN,Homo sapiens,Ki,=,21231.0,nM,4.67,59306,True
YMTINGFKWWXKFG,28331,CHEMBL672,7673989,774714,CHEMBL1909103,B,0,CHEMBL612545,Unchecked,UNCHECKED,,IC50,=,17672.0,nM,4.75,59306,False
YMTINGFKWWXKFG,28331,CHEMBL672,7673990,774714,CHEMBL1909103,B,0,CHEMBL612545,Unchecked,UNCHECKED,,Ki,=,11361.0,nM,4.95,59306,False
YMTINGFKWWXKFG,28331,CHEMBL672,7673991,774732,CHEMBL1909121,B,0,CHEMBL612545,Unchecked,UNCHECKED,,IC50,=,17746.0,nM,4.75,59306,False
YMTINGFKWWXKFG,28331,CHEMBL672,7673992,774732,CHEMBL1909121,B,0,CHEMBL612545,Unchecked,UNCHECKED,,Ki,=,17253.0,nM,4.76,59306,False
YMTINGFKWWXKFG,28331,CHEMBL672,7676047,774752,CHEMBL1909141,B,8,CHEMBL234,D(3) dopamine receptor,SINGLE PROTEIN,Homo sapiens,Ki,=,46709.0,nM,4.33,59306,True
YMTINGFKWWXKFG,28331,CHEMBL672,7676050,774754,CHEMBL1909143,B,8,CHEMBL238,Sodium-dependent dopamine transporter,SINGLE PROTEIN,Homo sapiens,IC50,=,8633.0,nM,5.06,59306,True
YMTINGFKWWXKFG,28331,CHEMBL672,7676051,774754,CHEMBL1909143,B,8,CHEMBL238,Sodium-dependent dopamine transporter,SINGLE PROTEIN,Homo sapiens,Ki,=,6859.0,nM,5.16,59306,True
YMTINGFKWWXKFG,28331,CHEMBL672,18051753,1661982,CHEMBL4011663,A,9,CHEMBL6020,Bile salt export pump,SINGLE PROTEIN,Homo sapiens,IC50,=,15300.0,nM,4.82,104426,False
YMTINGFKWWXKFG,28331,CHEMBL672,18051977,1661988,CHEMBL4011669,A,9,CHEMBL6020,Bile salt export pump,SINGLE PROTEIN,Homo sapiens,IC50,=,41000.0,nM,4.39,104427,False
YMTINGFKWWXKFG,28331,CHEMBL672,24777397,2215554,CHEMBL5128686,B,9,CHEMBL5393,Broad substrate specificity ATP-binding cassette transporter ABCG2,SINGLE PROTEIN,Homo sapiens,IC50,=,5100.0,nM,5.29,123495,True
XKKCQTLDIPIRQD,29882,CHEMBL23970,13135899,954314,CHEMBL2354263,F,0,CHEMBL612545,Unchecked,UNCHECKED,,IC50,=,60506.0,nM,4.22,51887,False
XKKCQTLDIPIRQD,29882,CHEMBL23970,13191293,954312,CHEMBL2354261,F,0,CHEMBL2362975,No relevant target,NO TARGET,,IC50,=,59613.0,nM,4.22,51887,False
NXXYKOUNUYWIHA,38252,CHEMBL30106,306569,217100,CHEMBL858286,F,1,CHEMBL613478,Xenopus laevis,ORGANISM,Xenopus laevis,EC50,=,63095.73,nM,4.2,16526,False
NXXYKOUNUYWIHA,38252,CHEMBL30106,2997984,598755,CHEMBL1039325,F,0,CHEMBL612545,Unchecked,UNCHECKED,,Kd,=,360.0,nM,6.44,48754,False
URLKBWYHVLBVBO,42880,CHEMBL31561,1068761,29409,CHEMBL643382,B,8,CHEMBL220,Acetylcholinesterase,SINGLE PROTEIN,Homo sapiens,IC50,=,4900.0,nM,5.31,11646,True
URLKBWYHVLBVBO,42880,CHEMBL31561,1068762,29377,CHEMBL648291,B,8,CHEMBL220,Acetylcholinesterase,SINGLE PROTEIN,Homo sapiens,IC50,=,39.81,nM,7.4,11646,True
UCMIRNVEIXFBKS,66033,CHEMBL297569,1245975,140855,CHEMBL857545,B,8,CHEMBL330,"Glutamate receptor ionotropic, NMDA 1",SINGLE PROTEIN,Rattus norvegicus,IC50,=,11600.0,nM,4.94,11444,True
UCMIRNVEIXFBKS,66033,CHEMBL297569,6191503,745626,CHEMBL1775996,B,9,CHEMBL3699,GABA transporter 4,SINGLE PROTEIN,Mus musculus,IC50,=,21877.62,nM,4.66,57507,True
UCMIRNVEIXFBKS,66033,CHEMBL297569,6191507,745627,CHEMBL1775997,B,0,CHEMBL612545,Unchecked,UNCHECKED,,IC50,=,34673.69,nM,4.46,57507,False
UCMIRNVEIXFBKS,66033,CHEMBL297569,13369345,970005,CHEMBL2405423,B,9,CHEMBL3699,GABA transporter 4,SINGLE PROTEIN,Mus musculus,IC50,=,34673.69,nM,4.46,74231,True
UCMIRNVEIXFBKS,66033,CHEMBL297569,13369356,970004,CHEMBL2405422,B,9,CHEMBL5205,GABA transporter 3,SINGLE PROTEIN,Mus musculus,IC50,=,21877.62,nM,4.66,74231,True
UCMIRNVEIXFBKS,66033,CHEMBL297569,13412057,976653,CHEMBL2417028,B,9,CHEMBL5208,Sodium- and chloride-dependent GABA transporter 3,SINGLE PROTEIN,Homo sapiens,IC50,=,41200.0,nM,4.38,74567,True
UCMIRNVEIXFBKS,66033,CHEMBL297569,22955314,2086313,CHEMBL4767576,B,9,CHEMBL5205,GABA transporter 3,SINGLE PROTEIN,Mus musculus,IC50,=,66069.34,nM,4.18,119728,True
XKKCQTLDIPIRQD,86554,CHEMBL444314,287836,42156,CHEMBL654553,F,1,CHEMBL382,CCRF-CEM,CELL-LINE,Homo sapiens,IC50,=,380.0,nM,6.42,10200,False
XKKCQTLDIPIRQD,86554,CHEMBL444314,1240548,152209,CHEMBL758928,F,1,CHEMBL378,Human immunodeficiency virus 1,ORGANISM,Human immunodeficiency virus 1,EC50,=,170.0,nM,6.77,10007,False
XKKCQTLDIPIRQD,86554,CHEMBL444314,1887270,437168,CHEMBL906565,B,9,CHEMBL247,Human immunodeficiency virus type 1 reverse transcriptase,SINGLE PROTEIN,Human immunodeficiency virus 1,IC50,=,120.0,nM,6.92,35864,True
XKKCQTLDIPIRQD,86554,CHEMBL444314,24751135,2208198,CHEMBL5121147,F,1,CHEMBL378,Human immunodeficiency virus 1,ORGANISM,Human immunodeficiency virus 1,EC50,=,700.0,nM,6.16,123202,False
XKKCQTLDIPIRQD,86554,CHEMBL444314,24751150,2208200,CHEMBL5121149,F,1,CHEMBL378,Human immunodeficiency virus 1,ORGANISM,Human immunodeficiency virus 1,EC50,=,16000.0,nM,4.8,123202,False
ZVOLCUVKHLEPEV,102888,CHEMBL413552,58366,88615,CHEMBL701719,B,9,CHEMBL3471,Human immunodeficiency virus type 1 integrase,SINGLE PROTEIN,Human immunodeficiency virus 1,IC50,=,1300.0,nM,5.89,15456,True
ZVOLCUVKHLEPEV,102888,CHEMBL413552,58367,88616,CHEMBL701720,B,9,CHEMBL3471,Human immunodeficiency virus type 1 integrase,SINGLE PROTEIN,Human immunodeficiency virus 1,IC50,=,600.0,nM,6.22,15456,True
ZVOLCUVKHLEPEV,102888,CHEMBL413552,966607,90697,CHEMBL702098,B,8,CHEMBL3471,Human immunodeficiency virus type 1 integrase,SINGLE PROTEIN,Human immunodeficiency virus 1,IC50,=,800.0,nM,6.1,13270,True
ZVOLCUVKHLEPEV,102888,CHEMBL413552,966608,90698,CHEMBL702099,B,8,CHEMBL3471,Human immunodeficiency virus type 1 integrase,SINGLE PROTEIN,Human immunodeficiency virus 1,IC50,=,100.0,nM,7.0,13270,True
ZVOLCUVKHLEPEV,102888,CHEMBL413552,2057556,459174,CHEMBL926333,B,8,CHEMBL2147,Serine/threonine-protein kinase pim-1,SINGLE PROTEIN,Homo sapiens,IC50,=,340.0,nM,6.47,37981,True
ZVOLCUVKHLEPEV,102888,CHEMBL413552,2347311,552721,CHEMBL964479,B,9,CHEMBL2478,Alpha-amylase 1A,SINGLE PROTEIN,Homo sapiens,IC50,=,10200.0,nM,4.99,42200,True
ZVOLCUVKHLEPEV,102888,CHEMBL413552,3555095,685508,CHEMBL1285539,B,0,CHEMBL612545,Unchecked,UNCHECKED,,IC50,=,1300.0,nM,5.89,53920,False
ZVOLCUVKHLEPEV,102888,CHEMBL413552,6254764,753328,CHEMBL1799589,B,9,CHEMBL4660,ADP-ribosyl cyclase/cyclic ADP-ribose hydrolase 1,SINGLE PROTEIN,Homo sapiens,IC50,=,48600.0,nM,4.31,58091,True
ZVOLCUVKHLEPEV,102888,CHEMBL413552,6368738,769472,CHEMBL1831412,B,0,CHEMBL612545,Unchecked,UNCHECKED,,IC50,=,9700.0,nM,5.01,58996,False
ZVOLCUVKHLEPEV,102888,CHEMBL413552,16621227,1584964,CHEMBL3819988,B,9,CHEMBL3817719,Synapsin-1,SINGLE PROTEIN,Bos taurus,IC50,=,150.0,nM,6.82,99602,True
ZVOLCUVKHLEPEV,102888,CHEMBL413552,18452367,1744393,CHEMBL4178903,B,0,CHEMBL612545,Unchecked,UNCHECKED,,Ki,=,489.0,nM,6.31,107568,False
ZVOLCUVKHLEPEV,102888,CHEMBL413552,24843124,2232242,CHEMBL5146014,B,9,CHEMBL1795174,Mitogen-activated protein kinase 8,SINGLE PROTEIN,Mus musculus,IC50,=,4600.0,nM,5.34,124094,True
ZVOLCUVKHLEPEV,102888,CHEMBL413552,25516596,2326017,CHEMBL5336356,B,9,CHEMBL4523582,Replicase polyprotein 1ab,SINGLE PROTEIN,Severe acute respiratory syndrome coronavirus 2,IC50,=,1240.0,nM,5.91,126832,True
IJFXRHURBJZNAO,106021,CHEMBL65369,5197928,716902,CHEMBL1670881,B,9,CHEMBL261,Carbonic anhydrase 1,SINGLE PROTEIN,Homo sapiens,Ki,=,2370.0,nM,5.62,55435,True
IJFXRHURBJZNAO,106021,CHEMBL65369,5197940,716903,CHEMBL1670882,B,9,CHEMBL205,Carbonic anhydrase 2,SINGLE PROTEIN,Homo sapiens,Ki,=,600.0,nM,6.22,55435,True
IJFXRHURBJZNAO,106021,CHEMBL65369,5197952,716904,CHEMBL1670883,B,9,CHEMBL3594,Carbonic anhydrase 9,SINGLE PROTEIN,Homo sapiens,Ki,=,4530.0,nM,5.34,55435,True
IJFXRHURBJZNAO,106021,CHEMBL65369,5197964,716905,CHEMBL1670884,B,9,CHEMBL3242,Carbonic anhydrase 12,SINGLE PROTEIN,Homo sapiens,Ki,=,3530.0,nM,5.45,55435,True
IJFXRHURBJZNAO,106021,CHEMBL65369,6285058,757507,CHEMBL1804479,B,9,CHEMBL3025,Carbonic anhydrase 6,SINGLE PROTEIN,Homo sapiens,Ki,=,3170.0,nM,5.5,58239,True
IJFXRHURBJZNAO,106021,CHEMBL65369,6285068,757508,CHEMBL1804480,B,9,CHEMBL1795125,Carbonic anhydrase,SINGLE PROTEIN,Dicentrarchus labrax,Ki,=,98300.0,nM,4.01,58239,True
IJFXRHURBJZNAO,106021,CHEMBL65369,7948343,789375,CHEMBL1924253,F,1,CHEMBL375,Mus musculus,ORGANISM,Mus musculus,IC50,=,200.0,nM,6.7,60371,False
IJFXRHURBJZNAO,106021,CHEMBL65369,29254732,2655286,CHEMBL6137624,B,0,CHEMBL612545,Unchecked,UNCHECKED,,Ki,=,35800.0,nM,4.45,137573,False
WUGMRIBZSVSJNP,147871,CHEMBL91792,456949,36008,CHEMBL858254,B,8,CHEMBL1808,Angiotensin-converting enzyme,SINGLE PROTEIN,Homo sapiens,IC50,=,10000.0,nM,5.0,12954,True
WUGMRIBZSVSJNP,147871,CHEMBL91792,1722299,363879,CHEMBL863210,F,9,CHEMBL4605,Solute carrier family 15 member 1,SINGLE PROTEIN,Homo sapiens,EC50,=,80000.0,nM,4.1,31277,True
SMQUZDBALVYZAC,178496,CHEMBL108925,19333269,1916171,CHEMBL4418855,B,9,CHEMBL2176772,E3 ubiquitin-protein ligase TRIM33,SINGLE PROTEIN,Homo sapiens,IC50,=,299.4,nM,6.52,113849,True
SMQUZDBALVYZAC,178496,CHEMBL108925,19333378,1916172,CHEMBL4418856,B,9,CHEMBL3108638,Transcription intermediary factor 1-alpha,SINGLE PROTEIN,Homo sapiens,IC50,=,221.3,nM,6.66,113849,True
IUBSYMUCCVWXPE,243582,CHEMBL148306,40359,39346,CHEMBL655650,F,9,CHEMBL5471,Beta-1 adrenergic receptor,SINGLE PROTEIN,Cavia porcellus,Kd,=,7.586,nM,8.12,7725,True
IUBSYMUCCVWXPE,243582,CHEMBL148306,40360,38000,CHEMBL651634,F,9,CHEMBL5414,Beta-2 adrenergic receptor,SINGLE PROTEIN,Cavia porcellus,Kd,=,95.5,nM,7.02,7725,True
RAKJVIPCCGXHHS,260525,CHEMBL350475,2324495,551370,CHEMBL1008496,B,8,CHEMBL221,Prostaglandin G/H synthase 1,SINGLE PROTEIN,Homo sapiens,IC50,=,64000.0,nM,4.19,39673,True
RAKJVIPCCGXHHS,260525,CHEMBL350475,14724411,1364367,CHEMBL3294236,F,1,CHEMBL3879801,NON-PROTEIN TARGET,NON-MOLECULAR,,IC50,=,2600.0,nM,5.58,83748,False
RAKJVIPCCGXHHS,260525,CHEMBL350475,19367806,1921318,CHEMBL4424163,B,9,CHEMBL1951,Amine oxidase [flavin-containing] A,SINGLE PROTEIN,Homo sapiens,Ki,=,260.0,nM,6.58,113965,True
RAKJVIPCCGXHHS,260525,CHEMBL350475,19367813,1921317,CHEMBL4424162,B,9,CHEMBL4078,Acetylcholinesterase,SINGLE PROTEIN,Electrophorus electricus,IC50,=,25300.0,nM,4.6,113965,True
RAKJVIPCCGXHHS,260525,CHEMBL350475,19367834,1921315,CHEMBL4424160,B,9,CHEMBL1951,Amine oxidase [flavin-containing] A,SINGLE PROTEIN,Homo sapiens,IC50,=,740.0,nM,6.13,113965,True
SOTUFGKJQVSOCT,295148,CHEMBL178219,1015598,201951,CHEMBL809138,B,8,CHEMBL3569,Squalene--hopene cyclase,SINGLE PROTEIN,Alicyclobacillus acidocaldarius subsp. acidocaldarius (strain ATCC27009 / DSM 446 / 104-1A) (Bacillus acidocaldarius),IC50,=,65000.0,nM,4.19,6795,True
IBKQQKPQRYUGBJ,376707,CHEMBL228050,1856323,432002,CHEMBL918786,F,1,CHEMBL353,Staphylococcus epidermidis,ORGANISM,Staphylococcus epidermidis,EC50,=,1480.0,nM,5.83,35460,False
IBKQQKPQRYUGBJ,376707,CHEMBL228050,1856335,432003,CHEMBL918787,F,1,CHEMBL352,Staphylococcus aureus,ORGANISM,Staphylococcus aureus,EC50,=,2960.0,nM,5.53,35460,False
IKGXIBQEEMLURG,378065,CHEMBL226335,1888619,437359,CHEMBL906759,F,0,CHEMBL612545,Unchecked,UNCHECKED,,IC50,=,3660.0,nM,5.44,35883,False
IKGXIBQEEMLURG,378065,CHEMBL226335,2174919,486056,CHEMBL1020946,B,0,CHEMBL612545,Unchecked,UNCHECKED,,IC50,=,1886.0,nM,5.72,41576,False
IKGXIBQEEMLURG,378065,CHEMBL226335,2332862,547369,CHEMBL1023248,B,8,CHEMBL1929,Xanthine dehydrogenase/oxidase,SINGLE PROTEIN,Homo sapiens,IC50,=,52200.0,nM,4.28,43207,True
IKGXIBQEEMLURG,378065,CHEMBL226335,2332895,547370,CHEMBL1023249,F,1,CHEMBL3879801,NON-PROTEIN TARGET,NON-MOLECULAR,,IC50,=,10600.0,nM,4.97,43207,False
IKGXIBQEEMLURG,378065,CHEMBL226335,2426484,504606,CHEMBL994563,F,3,CHEMBL613712,Radical scavenging activity,UNKNOWN,,IC50,=,12340.0,nM,4.91,40504,False
IKGXIBQEEMLURG,378065,CHEMBL226335,2430957,481596,CHEMBL953651,F,3,CHEMBL613712,Radical scavenging activity,UNKNOWN,,IC50,=,12300.0,nM,4.91,40916,False
IKGXIBQEEMLURG,378065,CHEMBL226335,2534009,483867,CHEMBL1004447,B,9,CHEMBL2622,Aldo-keto reductase family 1 member B1,SINGLE PROTEIN,Rattus norvegicus,IC50,=,13000.0,nM,4.89,41469,True
IKGXIBQEEMLURG,378065,CHEMBL226335,2565626,514314,CHEMBL979144,B,8,CHEMBL6135,Neuraminidase,SINGLE PROTEIN,Influenza A virus,IC50,=,52200.0,nM,4.28,44060,True
IKGXIBQEEMLURG,378065,CHEMBL226335,2565637,514313,CHEMBL979143,B,8,CHEMBL6135,Neuraminidase,SINGLE PROTEIN,Influenza A virus,IC50,=,87700.0,nM,4.06,44060,True
IKGXIBQEEMLURG,378065,CHEMBL226335,2605928,543307,CHEMBL1019444,P,0,CHEMBL2362975,No relevant target,NO TARGET,,IC50,=,41900.0,nM,4.38,46005,False
IKGXIBQEEMLURG,378065,CHEMBL226335,3064323,604340,CHEMBL1068623,F,0,CHEMBL2362975,No relevant target,NO TARGET,,IC50,=,1170.0,nM,5.93,49299,False
IKGXIBQEEMLURG,378065,CHEMBL226335,3067820,606761,CHEMBL1065351,B,8,CHEMBL6135,Neuraminidase,SINGLE PROTEIN,Influenza A virus,IC50,=,34400.0,nM,4.46,49257,True
IKGXIBQEEMLURG,378065,CHEMBL226335,3067821,606761,CHEMBL1065351,B,8,CHEMBL6135,Neuraminidase,SINGLE PROTEIN,Influenza A virus,Ki,=,33800.0,nM,4.47,49257,True
IKGXIBQEEMLURG,378065,CHEMBL226335,3067848,606760,CHEMBL1065350,B,9,CHEMBL5189,Sialidase,SINGLE PROTEIN,Clostridium perfringens,IC50,=,30900.0,nM,4.51,49257,True
IKGXIBQEEMLURG,378065,CHEMBL226335,3285824,629558,CHEMBL1120976,B,8,CHEMBL1916,Alpha-2C adrenergic receptor,SINGLE PROTEIN,Homo sapiens,Ki,=,9637.0,nM,5.02,51226,True
IKGXIBQEEMLURG,378065,CHEMBL226335,3285825,629559,CHEMBL1120977,B,8,CHEMBL1867,Alpha-2A adrenergic receptor,SINGLE PROTEIN,Homo sapiens,Ki,=,9340.0,nM,5.03,51226,True
IKGXIBQEEMLURG,378065,CHEMBL226335,3463461,663232,CHEMBL1251339,F,0,CHEMBL2362975,No relevant target,NO TARGET,,IC50,=,2530.0,nM,5.6,52898,False
IKGXIBQEEMLURG,378065,CHEMBL226335,12585987,930042,CHEMBL3073616,F,1,CHEMBL612557,RAW264.7,CELL-LINE,Mus musculus,IC50,=,15070.0,nM,4.82,71643,False
IKGXIBQEEMLURG,378065,CHEMBL226335,12592949,932823,CHEMBL3071788,B,9,CHEMBL220,Acetylcholinesterase,SINGLE PROTEIN,Homo sapiens,IC50,=,12.0,nM,7.92,71534,True
IKGXIBQEEMLURG,378065,CHEMBL226335,12598157,931044,CHEMBL3069221,B,5,CHEMBL2095204,Trypsin,PROTEIN FAMILY,Homo sapiens,Ki,=,17500.0,nM,4.76,71552,False
IKGXIBQEEMLURG,378065,CHEMBL226335,12598160,931045,CHEMBL3069621,B,5,CHEMBL2095204,Trypsin,PROTEIN FAMILY,Homo sapiens,IC50,=,16000.0,nM,4.8,71552,False
IKGXIBQEEMLURG,378065,CHEMBL226335,12637004,934194,CHEMBL2319454,B,9,CHEMBL3728,Albumin,SINGLE PROTEIN,Bos taurus,IC50,=,41900.0,nM,4.38,71967,True
IKGXIBQEEMLURG,378065,CHEMBL226335,12701481,948577,CHEMBL2344667,F,3,CHEMBL613712,Radical scavenging activity,UNKNOWN,,IC50,=,38700.0,nM,4.41,72495,False
IKGXIBQEEMLURG,378065,CHEMBL226335,13319256,960867,CHEMBL2388317,F,0,CHEMBL2362975,No relevant target,NO TARGET,,IC50,=,4700.0,nM,5.33,73827,False
IKGXIBQEEMLURG,378065,CHEMBL226335,13319261,960868,CHEMBL2388318,F,1,CHEMBL3879801,NON-PROTEIN TARGET,NON-MOLECULAR,,IC50,=,19400.0,nM,4.71,73827,False
IKGXIBQEEMLURG,378065,CHEMBL226335,13319266,960870,CHEMBL2388320,F,3,CHEMBL613712,Radical scavenging activity,UNKNOWN,,IC50,=,4700.0,nM,5.33,73827,False
IKGXIBQEEMLURG,378065,CHEMBL226335,13319276,960871,CHEMBL2388321,F,0,CHEMBL2362975,No relevant target,NO TARGET,,IC50,=,18500.0,nM,4.73,73827,False
IKGXIBQEEMLURG,378065,CHEMBL226335,13874406,1285252,CHEMBL3107286,F,1,CHEMBL3879801,NON-PROTEIN TARGET,NON-MOLECULAR,,IC50,=,4700.0,nM,5.33,76568,False
IKGXIBQEEMLURG,378065,CHEMBL226335,13874411,1285253,CHEMBL3107287,F,1,CHEMBL3879801,NON-PROTEIN TARGET,NON-MOLECULAR,,IC50,=,19400.0,nM,4.71,76568,False
IKGXIBQEEMLURG,378065,CHEMBL226335,13874416,1285254,CHEMBL3107288,F,3,CHEMBL613712,Radical scavenging activity,UNKNOWN,,IC50,=,4700.0,nM,5.33,76568,False
IKGXIBQEEMLURG,378065,CHEMBL226335,14585517,1339047,CHEMBL3243105,F,1,CHEMBL612557,RAW264.7,CELL-LINE,Mus musculus,IC50,=,27500.0,nM,4.56,82275,False
IKGXIBQEEMLURG,378065,CHEMBL226335,14585540,1339048,CHEMBL3243106,F,1,CHEMBL612557,RAW264.7,CELL-LINE,Mus musculus,IC50,=,44500.0,nM,4.35,82275,False
IKGXIBQEEMLURG,378065,CHEMBL226335,14588353,1339041,CHEMBL3243099,B,9,CHEMBL2409,Bifunctional epoxide hydrolase 2,SINGLE PROTEIN,Homo sapiens,IC50,=,24300.0,nM,4.61,82275,True
IKGXIBQEEMLURG,378065,CHEMBL226335,15038923,1449777,CHEMBL3378764,B,8,CHEMBL3559643,Neuraminidase,SINGLE PROTEIN,Influenza A virus (strain A/USSR/90/1977 H1N1),IC50,=,95900.0,nM,4.02,90682,True
IKGXIBQEEMLURG,378065,CHEMBL226335,15038930,1449776,CHEMBL3378763,B,8,CHEMBL3559643,Neuraminidase,SINGLE PROTEIN,Influenza A virus (strain A/USSR/90/1977 H1N1),IC50,=,96800.0,nM,4.01,90682,True
IKGXIBQEEMLURG,378065,CHEMBL226335,15087081,1442319,CHEMBL3377680,B,9,CHEMBL1075144,Neuromedin-U receptor 2,SINGLE PROTEIN,Homo sapiens,EC50,=,1200.0,nM,5.92,89465,True
IKGXIBQEEMLURG,378065,CHEMBL226335,15139613,1434170,CHEMBL3383978,P,0,CHEMBL2362975,No relevant target,NO TARGET,,IC50,=,41900.0,nM,4.38,89580,False
IKGXIBQEEMLURG,378065,CHEMBL226335,15139706,1434209,CHEMBL3384587,F,1,CHEMBL613757,Dengue virus,ORGANISM,Dengue virus,IC50,=,1700.0,nM,5.77,89582,False
IKGXIBQEEMLURG,378065,CHEMBL226335,15764479,1526914,CHEMBL3637131,B,0,CHEMBL612545,Unchecked,UNCHECKED,,IC50,=,10200.0,nM,4.99,93987,False
IKGXIBQEEMLURG,378065,CHEMBL226335,15764487,1526915,CHEMBL3637132,B,0,CHEMBL612545,Unchecked,UNCHECKED,,IC50,=,17300.0,nM,4.76,93987,False
IKGXIBQEEMLURG,378065,CHEMBL226335,15767792,1525605,CHEMBL3637358,B,0,CHEMBL612545,Unchecked,UNCHECKED,,IC50,=,42000.0,nM,4.38,93953,False
IKGXIBQEEMLURG,378065,CHEMBL226335,18065997,1664637,CHEMBL4014433,F,1,CHEMBL614781,BV-2,CELL-LINE,Mus musculus,IC50,=,24290.0,nM,4.62,104531,False
IKGXIBQEEMLURG,378065,CHEMBL226335,18334608,1721836,CHEMBL4136836,B,9,CHEMBL3318,Tyrosinase,SINGLE PROTEIN,Agaricus bisporus,IC50,=,70000.0,nM,4.16,106715,True
IKGXIBQEEMLURG,378065,CHEMBL226335,18334633,1721835,CHEMBL4136835,F,0,CHEMBL2362975,No relevant target,NO TARGET,,IC50,=,2300.0,nM,5.64,106715,False
IKGXIBQEEMLURG,378065,CHEMBL226335,18517270,1758256,CHEMBL4193264,F,0,CHEMBL2362975,No relevant target,NO TARGET,,IC50,=,38600.0,nM,4.41,108207,False
IKGXIBQEEMLURG,378065,CHEMBL226335,18749374,1791627,CHEMBL4263546,F,1,CHEMBL367,Leishmania donovani,ORGANISM,Leishmania donovani,IC50,=,49140.0,nM,4.31,109667,False
IKGXIBQEEMLURG,378065,CHEMBL226335,18749375,1791629,CHEMBL4263548,F,1,CHEMBL368,Trypanosoma cruzi,ORGANISM,Trypanosoma cruzi,IC50,=,49140.0,nM,4.31,109667,False
IKGXIBQEEMLURG,378065,CHEMBL226335,18749376,1791635,CHEMBL4263554,F,1,CHEMBL612348,Trypanosoma brucei rhodesiense,ORGANISM,Trypanosoma brucei rhodesiense,IC50,=,6900.0,nM,5.16,109667,False
IKGXIBQEEMLURG,378065,CHEMBL226335,18749377,1791637,CHEMBL4263556,F,1,CHEMBL612877,Leishmania amazonensis,ORGANISM,Leishmania amazonensis,IC50,=,4400.0,nM,5.36,109667,False
IKGXIBQEEMLURG,378065,CHEMBL226335,18791725,1800744,CHEMBL4273036,F,0,CHEMBL2362975,No relevant target,NO TARGET,,IC50,=,27500.0,nM,4.56,110021,False
IKGXIBQEEMLURG,378065,CHEMBL226335,18878402,1812091,CHEMBL4311551,B,9,CHEMBL6136,Lysine-specific histone demethylase 1A,SINGLE PROTEIN,Homo sapiens,IC50,=,2160.0,nM,5.67,110527,True
IKGXIBQEEMLURG,378065,CHEMBL226335,23199913,2111684,CHEMBL4820534,B,9,CHEMBL4051,Cystic fibrosis transmembrane conductance regulator,SINGLE PROTEIN,Homo sapiens,Kd,=,65800.0,nM,4.18,120462,True
IKGXIBQEEMLURG,378065,CHEMBL226335,25030897,2281431,CHEMBL5241710,B,9,CHEMBL4822,Beta-secretase 1,SINGLE PROTEIN,Homo sapiens,IC50,=,3.8,nM,8.42,125521,True
IKGXIBQEEMLURG,378065,CHEMBL226335,25040059,2284165,CHEMBL5244526,B,9,CHEMBL1951,Amine oxidase [flavin-containing] A,SINGLE PROTEIN,Homo sapiens,IC50,=,3890.0,nM,5.41,125594,True
IKGXIBQEEMLURG,378065,CHEMBL226335,25651018,2359520,CHEMBL5370973,B,9,CHEMBL4295629,Nonstructural protein 5,SINGLE PROTEIN,Dengue virus,IC50,=,2100.0,nM,5.68,127871,True
IKGXIBQEEMLURG,378065,CHEMBL226335,29087337,2606100,CHEMBL6081502,B,9,CHEMBL2311236,High mobility group protein B1,SINGLE PROTEIN,Homo sapiens,Kd,=,260.0,nM,6.58,136285,True
GQGAUUMVOCWEFW,420420,CHEMBL250269,13360826,967072,CHEMBL2399681,F,1,CHEMBL3879801,NON-PROTEIN TARGET,NON-MOLECULAR,,IC50,=,45500.0,nM,4.34,74119,False
UEQUQVLFIPOEMF,421101,CHEMBL252719,3066013,603448,CHEMBL1043356,F,8,CHEMBL224,5-hydroxytryptamine receptor 2A,SINGLE PROTEIN,Homo sapiens,Ki,=,3.0,nM,8.52,49345,True
ODSSDTBFHAYYMD,444243,CHEMBL453802,2532641,482301,CHEMBL961866,F,1,CHEMBL381,B16,CELL-LINE,Mus musculus,IC50,=,22700.0,nM,4.64,40801,False
ODSSDTBFHAYYMD,444243,CHEMBL453802,15044857,1457205,CHEMBL3370016,F,1,CHEMBL612557,RAW264.7,CELL-LINE,Mus musculus,IC50,=,36700.0,nM,4.43,90235,False
ODSSDTBFHAYYMD,444243,CHEMBL453802,15044877,1457206,CHEMBL3370017,F,1,CHEMBL3879801,NON-PROTEIN TARGET,NON-MOLECULAR,,IC50,=,33200.0,nM,4.48,90235,False
ODSSDTBFHAYYMD,444243,CHEMBL453802,16817772,1629379,CHEMBL3872005,F,1,CHEMBL3879801,NON-PROTEIN TARGET,NON-MOLECULAR,,IC50,=,18692.0,nM,4.73,101901,False
ODSSDTBFHAYYMD,444243,CHEMBL453802,16817788,1629380,CHEMBL3872006,F,1,CHEMBL3879801,NON-PROTEIN TARGET,NON-MOLECULAR,,IC50,=,29826.0,nM,4.53,101901,False
BGGIZHKHJBQRTI,461561,CHEMBL449686,18150306,1683332,CHEMBL4033811,F,1,CHEMBL614213,OVCAR-3,CELL-LINE,Homo sapiens,IC50,=,44.0,nM,7.36,105147,False
BGGIZHKHJBQRTI,461561,CHEMBL449686,18150308,1683331,CHEMBL4033810,F,1,CHEMBL614697,MDA-MB-435,CELL-LINE,Homo sapiens,IC50,=,90.0,nM,7.05,105147,False
BGGIZHKHJBQRTI,461561,CHEMBL449686,18150310,1683330,CHEMBL4033809,F,1,CHEMBL400,MDA-MB-231,CELL-LINE,Homo sapiens,IC50,=,134.0,nM,6.87,105147,False
BGGIZHKHJBQRTI,461561,CHEMBL449686,18150312,1683329,CHEMBL4033808,A,0,CHEMBL612545,Unchecked,UNCHECKED,,IC50,=,10000.0,nM,5.0,105147,False
BGGIZHKHJBQRTI,461561,CHEMBL449686,18150319,1683326,CHEMBL4033805,F,1,CHEMBL612255,NCI-H1299,CELL-LINE,Homo sapiens,IC50,=,110.0,nM,6.96,105147,False
BGGIZHKHJBQRTI,461561,CHEMBL449686,18150326,1683325,CHEMBL4033804,F,1,CHEMBL613988,Kasumi 1,CELL-LINE,Homo sapiens,IC50,=,86.0,nM,7.07,105147,False
BGGIZHKHJBQRTI,461561,CHEMBL449686,18150347,1683323,CHEMBL4033802,F,1,CHEMBL384,HT-29,CELL-LINE,Homo sapiens,IC50,=,170.0,nM,6.77,105147,False
BGGIZHKHJBQRTI,461561,CHEMBL449686,18150357,1683324,CHEMBL4033803,F,1,CHEMBL613835,MV4-11,CELL-LINE,Homo sapiens,IC50,=,90.0,nM,7.05,105147,False
BGGIZHKHJBQRTI,461561,CHEMBL449686,18246950,1702363,CHEMBL4053596,F,0,CHEMBL612545,Unchecked,UNCHECKED,,IC50,=,560.6,nM,6.25,105934,False
BGGIZHKHJBQRTI,461561,CHEMBL449686,18246952,1702362,CHEMBL4053595,F,1,CHEMBL614213,OVCAR-3,CELL-LINE,Homo sapiens,IC50,=,134.1,nM,6.87,105934,False
BGGIZHKHJBQRTI,461561,CHEMBL449686,18246954,1702361,CHEMBL4053594,F,1,CHEMBL384,HT-29,CELL-LINE,Homo sapiens,IC50,=,101.0,nM,7.0,105934,False
BGGIZHKHJBQRTI,461561,CHEMBL449686,18246956,1702360,CHEMBL4053593,F,1,CHEMBL400,MDA-MB-231,CELL-LINE,Homo sapiens,IC50,=,643.0,nM,6.19,105934,False
BGGIZHKHJBQRTI,461561,CHEMBL449686,18246958,1702359,CHEMBL4053592,F,1,CHEMBL614697,MDA-MB-435,CELL-LINE,Homo sapiens,IC50,=,78.7,nM,7.1,105934,False
BGGIZHKHJBQRTI,461561,CHEMBL449686,18246960,1702352,CHEMBL4053585,F,1,CHEMBL2366119,KURAMOCHI,CELL-LINE,Homo sapiens,IC50,=,3437.0,nM,5.46,105934,False
BGGIZHKHJBQRTI,461561,CHEMBL449686,18246962,1702350,CHEMBL4053583,F,1,CHEMBL614051,OVCAR-4,CELL-LINE,Homo sapiens,IC50,=,457.3,nM,6.34,105934,False
BGGIZHKHJBQRTI,461561,CHEMBL449686,18246964,1702351,CHEMBL4053584,F,1,CHEMBL614214,OVCAR-5,CELL-LINE,Homo sapiens,IC50,=,541.2,nM,6.27,105934,False
BGGIZHKHJBQRTI,461561,CHEMBL449686,18246966,1702354,CHEMBL4053587,F,1,CHEMBL612555,OVCAR-8,CELL-LINE,Homo sapiens,IC50,=,91.1,nM,7.04,105934,False
BGGIZHKHJBQRTI,461561,CHEMBL449686,18246968,1702353,CHEMBL4053586,A,0,CHEMBL612545,Unchecked,UNCHECKED,,IC50,=,50.9,nM,7.29,105934,False
BGGIZHKHJBQRTI,461561,CHEMBL449686,20635869,1978560,CHEMBL4611695,F,1,CHEMBL612255,NCI-H1299,CELL-LINE,Homo sapiens,IC50,=,290.0,nM,6.54,115974,False
BGGIZHKHJBQRTI,461561,CHEMBL449686,20635872,1978558,CHEMBL4611693,B,0,CHEMBL612545,Unchecked,UNCHECKED,,IC50,=,159.7,nM,6.8,115974,False
BGGIZHKHJBQRTI,461561,CHEMBL449686,20635876,1978557,CHEMBL4611692,F,1,CHEMBL614213,OVCAR-3,CELL-LINE,Homo sapiens,IC50,=,130.0,nM,6.89,115974,False
BGGIZHKHJBQRTI,461561,CHEMBL449686,20635881,1978556,CHEMBL4611691,F,0,CHEMBL612545,Unchecked,UNCHECKED,,IC50,=,79.0,nM,7.1,115974,False
BGGIZHKHJBQRTI,461561,CHEMBL449686,20635886,1978555,CHEMBL4611690,F,1,CHEMBL384,HT-29,CELL-LINE,Homo sapiens,IC50,=,170.0,nM,6.77,115974,False
BGGIZHKHJBQRTI,461561,CHEMBL449686,24753245,2208793,CHEMBL5121742,F,1,CHEMBL614026,Breast carcinoma cell,CELL-LINE,Homo sapiens,IC50,=,44.0,nM,7.36,123223,False
BGGIZHKHJBQRTI,461561,CHEMBL449686,24753246,2208794,CHEMBL5121743,F,1,CHEMBL613892,Melanoma cell line,CELL-LINE,Homo sapiens,IC50,=,44.0,nM,7.36,123223,False
BGGIZHKHJBQRTI,461561,CHEMBL449686,24753247,2208795,CHEMBL5121744,F,1,CHEMBL613895,Ovarian cancer cell line,CELL-LINE,Homo sapiens,IC50,=,44.0,nM,7.36,123223,False
YWQJKAJFLCNHPB,463869,CHEMBL468658,15078614,1437111,CHEMBL3381125,F,1,CHEMBL3879801,NON-PROTEIN TARGET,NON-MOLECULAR,,IC50,=,82940.0,nM,4.08,89645,False
YWQJKAJFLCNHPB,463869,CHEMBL468658,15078627,1437112,CHEMBL3381126,F,1,CHEMBL3879801,NON-PROTEIN TARGET,NON-MOLECULAR,,IC50,=,68850.0,nM,4.16,89645,False
YWQJKAJFLCNHPB,463869,CHEMBL468658,15078638,1437113,CHEMBL3381127,F,1,CHEMBL3879801,NON-PROTEIN TARGET,NON-MOLECULAR,,IC50,=,77260.0,nM,4.11,89645,False
YWQJKAJFLCNHPB,463869,CHEMBL468658,15078647,1437114,CHEMBL3381128,A,1,CHEMBL391,Vero,CELL-LINE,Chlorocebus sabaeus,IC50,=,97090.0,nM,4.01,89645,False
UCONUSSAWGCZMV,466636,CHEMBL465718,19371424,1922131,CHEMBL4424976,B,0,CHEMBL612545,Unchecked,UNCHECKED,,IC50,=,46000.0,nM,4.34,114002,False
UCONUSSAWGCZMV,466636,CHEMBL465718,19371446,1922128,CHEMBL4424973,B,9,CHEMBL5545,Diacylglycerol lipase-alpha,SINGLE PROTEIN,Homo sapiens,IC50,=,27300.0,nM,4.56,114002,True
UCONUSSAWGCZMV,466636,CHEMBL465718,19371454,1922125,CHEMBL4424970,B,9,CHEMBL253,Cannabinoid receptor 2,SINGLE PROTEIN,Homo sapiens,Ki,=,56.0,nM,7.25,114002,True
UCONUSSAWGCZMV,466636,CHEMBL465718,19371460,1922124,CHEMBL4424969,B,9,CHEMBL218,Cannabinoid receptor 1,SINGLE PROTEIN,Homo sapiens,Ki,=,24.0,nM,7.62,114002,True
UCONUSSAWGCZMV,466636,CHEMBL465718,23302990,2132824,CHEMBL4842434,B,9,CHEMBL4835,L-lactate dehydrogenase A chain,SINGLE PROTEIN,Homo sapiens,Ki,=,6500.0,nM,5.19,121287,True
UCONUSSAWGCZMV,466636,CHEMBL465718,25031277,2281510,CHEMBL5241789,B,9,CHEMBL235,Peroxisome proliferator-activated receptor gamma,SINGLE PROTEIN,Homo sapiens,IC50,=,470.0,nM,6.33,125523,True
UCONUSSAWGCZMV,466636,CHEMBL465718,25073081,2292808,CHEMBL5253448,B,9,CHEMBL1075319,Transient receptor potential cation channel subfamily M member 8,SINGLE PROTEIN,Homo sapiens,IC50,=,150.0,nM,6.82,125798,True
KAYVDASZRFLFRZ,509179,CHEMBL483708,25551894,2335677,CHEMBL5346225,B,0,CHEMBL612545,Unchecked,UNCHECKED,,IC50,=,90000.0,nM,4.05,127095,False
KAYVDASZRFLFRZ,509179,CHEMBL483708,25551904,2335679,CHEMBL5346227,F,1,CHEMBL614391,WI-38,CELL-LINE,Homo sapiens,IC50,=,2100.0,nM,5.68,127095,False
ANOXEUSGZWSCQL,523135,CHEMBL443389,18582191,1770778,CHEMBL4222890,F,1,CHEMBL613984,IGROV-1,CELL-LINE,Homo sapiens,IC50,=,14000.0,nM,4.85,108743,False
ANOXEUSGZWSCQL,523135,CHEMBL443389,18582194,1770777,CHEMBL4222889,F,1,CHEMBL614004,A2780,CELL-LINE,Homo sapiens,IC50,=,7600.0,nM,5.12,108743,False
ANOXEUSGZWSCQL,523135,CHEMBL443389,18582197,1770776,CHEMBL4222888,F,1,CHEMBL612555,OVCAR-8,CELL-LINE,Homo sapiens,IC50,=,10000.0,nM,5.0,108743,False
ANOXEUSGZWSCQL,523135,CHEMBL443389,18582200,1770779,CHEMBL4222891,A,0,CHEMBL612545,Unchecked,UNCHECKED,,IC50,=,35000.0,nM,4.46,108743,False
CYHOTEDWAOHQLA,560661,CHEMBL552007,18408102,1735945,CHEMBL4151481,F,1,CHEMBL614781,BV-2,CELL-LINE,Mus musculus,IC50,=,12800.0,nM,4.89,107277,False
BMJHAAZDURGGSC,563733,CHEMBL551313,2692178,579664,CHEMBL1064084,B,9,CHEMBL3869,Matrix metalloproteinase-14,SINGLE PROTEIN,Homo sapiens,IC50,=,10500.0,nM,4.98,47934,True
BMJHAAZDURGGSC,563733,CHEMBL551313,2692179,579665,CHEMBL1064085,B,9,CHEMBL4073,Matrilysin,SINGLE PROTEIN,Homo sapiens,IC50,=,32000.0,nM,4.5,47934,True
BMJHAAZDURGGSC,563733,CHEMBL551313,2692180,579666,CHEMBL1064086,B,9,CHEMBL333,72 kDa type IV collagenase,SINGLE PROTEIN,Homo sapiens,IC50,=,19000.0,nM,4.72,47934,True
BMJHAAZDURGGSC,563733,CHEMBL551313,24846254,2233040,CHEMBL5146812,B,9,CHEMBL2292,Dual specificity tyrosine-phosphorylation-regulated kinase 1A,SINGLE PROTEIN,Homo sapiens,IC50,=,25086.0,nM,4.6,124122,True
BMJHAAZDURGGSC,567346,CHEMBL559294,2692166,579664,CHEMBL1064084,B,9,CHEMBL3869,Matrix metalloproteinase-14,SINGLE PROTEIN,Homo sapiens,IC50,=,12500.0,nM,4.9,47934,True
BMJHAAZDURGGSC,567346,CHEMBL559294,2692167,579665,CHEMBL1064085,B,9,CHEMBL4073,Matrilysin,SINGLE PROTEIN,Homo sapiens,IC50,=,72000.0,nM,4.14,47934,True
BMJHAAZDURGGSC,567346,CHEMBL559294,2692168,579666,CHEMBL1064086,B,9,CHEMBL333,72 kDa type IV collagenase,SINGLE PROTEIN,Homo sapiens,IC50,=,18700.0,nM,4.73,47934,True
CYHOTEDWAOHQLA,567792,CHEMBL558710,25481477,2317334,CHEMBL5327382,B,9,CHEMBL3720,ATP-citrate synthase,SINGLE PROTEIN,Homo sapiens,IC50,=,7600.0,nM,5.12,126571,True
CYHOTEDWAOHQLA,567792,CHEMBL558710,25481482,2317335,CHEMBL5327383,B,9,CHEMBL3351,Acetyl-CoA carboxylase 1,SINGLE PROTEIN,Homo sapiens,IC50,=,10500.0,nM,4.98,126571,True
UEAPAHNNFSZHMW,602498,CHEMBL601020,25652409,2359842,CHEMBL5371295,F,9,CHEMBL217,D(2) dopamine receptor,SINGLE PROTEIN,Homo sapiens,IC50,=,850.0,nM,6.07,127879,True
UEAPAHNNFSZHMW,602498,CHEMBL601020,25652413,2359843,CHEMBL5371296,B,9,CHEMBL4078,Acetylcholinesterase,SINGLE PROTEIN,Electrophorus electricus,IC50,=,11340.0,nM,4.95,127879,True
UEAPAHNNFSZHMW,602498,CHEMBL601020,25652428,2359844,CHEMBL5371297,B,9,CHEMBL5763,Cholinesterase,SINGLE PROTEIN,Equus caballus,IC50,=,2800.0,nM,5.55,127879,True
UEAPAHNNFSZHMW,602498,CHEMBL601020,25652443,2359845,CHEMBL5371298,F,1,CHEMBL614781,BV-2,CELL-LINE,Mus musculus,IC50,=,20260.0,nM,4.69,127879,False
AVFNYXHRDYAHNF,617536,CHEMBL1078436,3219553,622240,CHEMBL1110385,F,1,CHEMBL387,MCF7,CELL-LINE,Homo sapiens,IC50,=,40000.0,nM,4.4,50180,False
AVFNYXHRDYAHNF,617536,CHEMBL1078436,3469039,661846,CHEMBL1252162,F,1,CHEMBL364,Plasmodium falciparum,ORGANISM,Plasmodium falciparum,IC50,=,23500.0,nM,4.63,52813,False
AVFNYXHRDYAHNF,617536,CHEMBL1078436,3469052,661847,CHEMBL1252163,A,1,CHEMBL387,MCF7,CELL-LINE,Homo sapiens,IC50,=,40000.0,nM,4.4,52813,False
AVFNYXHRDYAHNF,617536,CHEMBL1078436,3469089,661845,CHEMBL1252161,F,1,CHEMBL364,Plasmodium falciparum,ORGANISM,Plasmodium falciparum,IC50,=,17100.0,nM,4.77,52813,False
AVFNYXHRDYAHNF,617536,CHEMBL1078436,16754645,1618665,CHEMBL3860834,F,1,CHEMBL3879801,NON-PROTEIN TARGET,NON-MOLECULAR,,IC50,=,12600.0,nM,4.9,101275,False
AVFNYXHRDYAHNF,617536,CHEMBL1078436,16754675,1618666,CHEMBL3860835,F,1,CHEMBL3879801,NON-PROTEIN TARGET,NON-MOLECULAR,,IC50,=,7200.0,nM,5.14,101275,False
VITZNDKHSIWPSR,631355,CHEMBL1086558,3301090,633021,CHEMBL1118246,F,9,CHEMBL5160,Transient receptor potential cation channel subfamily A member 1,SINGLE PROTEIN,Rattus norvegicus,EC50,=,240.0,nM,6.62,51267,True
HIGQPQRQIQDZMP,793268,CHEMBL1369384,14975297,1435154,CHEMBL3389505,B,9,CHEMBL5160,Transient receptor potential cation channel subfamily A member 1,SINGLE PROTEIN,Rattus norvegicus,EC50,=,25800.0,nM,4.59,89862,True
HIGQPQRQIQDZMP,793268,CHEMBL1369384,14975335,1435155,CHEMBL3389506,B,9,CHEMBL5160,Transient receptor potential cation channel subfamily A member 1,SINGLE PROTEIN,Rattus norvegicus,IC50,=,21200.0,nM,4.67,89862,True
IUBSYMUCCVWXPE,1120055,CHEMBL1741004,62983,39346,CHEMBL655650,F,9,CHEMBL5471,Beta-1 adrenergic receptor,SINGLE PROTEIN,Cavia porcellus,Kd,=,741.31,nM,6.13,7725,True
IUBSYMUCCVWXPE,1120055,CHEMBL1741004,62984,38000,CHEMBL651634,F,9,CHEMBL5414,Beta-2 adrenergic receptor,SINGLE PROTEIN,Cavia porcellus,Kd,=,5754.4,nM,5.24,7725,True
KHZSFBNUQVEEQR,1319660,CHEMBL1998369,15203161,1468879,CHEMBL3412093,F,1,CHEMBL612877,Leishmania amazonensis,ORGANISM,Leishmania amazonensis,IC50,=,27330.0,nM,4.56,91417,False
HIGQPQRQIQDZMP,1485833,CHEMBL2268549,14975313,1435154,CHEMBL3389505,B,9,CHEMBL5160,Transient receptor potential cation channel subfamily A member 1,SINGLE PROTEIN,Rattus norvegicus,EC50,=,13300.0,nM,4.88,89862,True
HIGQPQRQIQDZMP,1485833,CHEMBL2268549,14975351,1435155,CHEMBL3389506,B,9,CHEMBL5160,Transient receptor potential cation channel subfamily A member 1,SINGLE PROTEIN,Rattus norvegicus,IC50,=,20700.0,nM,4.68,89862,True
IKGXIBQEEMLURG,2050963,CHEMBL3735346,16388938,1539232,CHEMBL3739039,B,5,CHEMBL3885567,Fanconi anemia group F protein/Transcription factor HES-1,PROTEIN-PROTEIN INTERACTION,Homo sapiens,IC50,=,35800.0,nM,4.45,97286,False
AHXXIALEMINDAW,2138899,CHEMBL3929528,16787593,1624218,CHEMBL3866630,F,1,CHEMBL3879801,NON-PROTEIN TARGET,NON-MOLECULAR,,EC50,=,7900.0,nM,5.1,101579,False
CYQFCXCEBYINGO,2539531,CHEMBL4845760,23296349,2131317,CHEMBL4840832,B,9,CHEMBL218,Cannabinoid receptor 1,SINGLE PROTEIN,Homo sapiens,Ki,=,228.0,nM,6.64,121211,True
CYQFCXCEBYINGO,2539531,CHEMBL4845760,23296352,2131318,CHEMBL4840833,B,9,CHEMBL253,Cannabinoid receptor 2,SINGLE PROTEIN,Homo sapiens,Ki,=,99.0,nM,7.0,121211,True
CYQFCXCEBYINGO,2539531,CHEMBL4845760,23296354,2131319,CHEMBL4840834,F,9,CHEMBL218,Cannabinoid receptor 1,SINGLE PROTEIN,Homo sapiens,EC50,=,552.0,nM,6.26,121211,True
CYQFCXCEBYINGO,2539531,CHEMBL4845760,23296356,2131320,CHEMBL4840835,F,9,CHEMBL253,Cannabinoid receptor 2,SINGLE PROTEIN,Homo sapiens,EC50,=,119.0,nM,6.92,121211,True
CYQFCXCEBYINGO,2539531,CHEMBL4845760,23296359,2131321,CHEMBL4840836,B,9,CHEMBL2243,Fatty-acid amide hydrolase 1,SINGLE PROTEIN,Homo sapiens,IC50,=,36300.0,nM,4.44,121211,True
CYQFCXCEBYINGO,2539531,CHEMBL4845760,23296365,2131323,CHEMBL4840838,B,9,CHEMBL2189127,Monoacylglycerol lipase ABHD6,SINGLE PROTEIN,Homo sapiens,IC50,=,39800.0,nM,4.4,121211,True
CYQFCXCEBYINGO,2539531,CHEMBL4845760,23296368,2131324,CHEMBL4840839,B,9,CHEMBL5516,Lysophosphatidylserine lipase ABHD12,SINGLE PROTEIN,Homo sapiens,IC50,=,14100.0,nM,4.85,121211,True
CYQFCXCEBYINGO,2556502,CHEMBL4862731,23296348,2131317,CHEMBL4840832,B,9,CHEMBL218,Cannabinoid receptor 1,SINGLE PROTEIN,Homo sapiens,Ki,=,2900.0,nM,5.54,121211,True
CYQFCXCEBYINGO,2556502,CHEMBL4862731,23296351,2131318,CHEMBL4840833,B,9,CHEMBL253,Cannabinoid receptor 2,SINGLE PROTEIN,Homo sapiens,Ki,=,4750.0,nM,5.32,121211,True
CYQFCXCEBYINGO,2556502,CHEMBL4862731,23296364,2131323,CHEMBL4840838,B,9,CHEMBL2189127,Monoacylglycerol lipase ABHD6,SINGLE PROTEIN,Homo sapiens,IC50,=,35100.0,nM,4.46,121211,True
CYQFCXCEBYINGO,2556502,CHEMBL4862731,23296367,2131324,CHEMBL4840839,B,9,CHEMBL5516,Lysophosphatidylserine lipase ABHD12,SINGLE PROTEIN,Homo sapiens,IC50,=,28800.0,nM,4.54,121211,True
DBMXKPOCXQNWOQ,2802026,CHEMBL5282324,24983954,2267109,CHEMBL5226978,F,0,CHEMBL612545,Unchecked,UNCHECKED,,IC50,=,4200.0,nM,5.38,125070,False
